P,deg,unimodular,bezout_U,bezout_V,bezout_residual,baker_interior_pts,genus,n_special_c,reducible_c,all_fibres_irreducible,mate_verdict,mate_top_D,mate_deg_bound_multiple,lambda_support,lambda_verified,certificate_id,rational_mate_found,rational_mate_poles,rational_mate_denominators_tried,source
-x**3*y**2 + y + 1,5,True,-4*x**4/3,2*x**3*y + 1,0,1,1,1,['c - 1'],False,EMPTY,20,4,6,True,lam-de1a255bc7-D20,False,None,79,cert20.json
2*x**2*y**3 + 2*x + 1,5,True,-x*y**3 + 1/2,2*y**4/3,0,1,1,1,['c - 1'],False,,,,,,,,,,cert2_20.json
2*x**2*y**3 + 2*x + 2,5,True,-x*y**3 + 1/2,2*y**4/3,0,1,1,1,['c - 2'],False,,,,,,,,,,cert2_20.json
2*x**2*y**3 + 2*x + 3,5,True,-x*y**3 + 1/2,2*y**4/3,0,1,1,1,['c - 3'],False,,,,,,,,,,cert2_20.json
2*x**2*y**3 + 2*x - 1,5,True,-x*y**3 + 1/2,2*y**4/3,0,1,1,1,['c + 1'],False,,,,,,,,,,cert2_20.json
2*x**2*y**3 + 2*x - 2,5,True,-x*y**3 + 1/2,2*y**4/3,0,1,1,1,['c + 2'],False,,,,,,,,,,cert2_20.json
2*x**2*y**3 + 2*x - 3,5,True,-x*y**3 + 1/2,2*y**4/3,0,1,1,1,['c + 3'],False,,,,,,,,,,cert2_20.json
2*x**2*y**3 + 3*x + 1,5,True,-4*x*y**3/9 + 1/3,8*y**4/27,0,1,1,1,['c - 1'],False,,,,,,,,,,cert2_20.json
2*x**2*y**3 + 3*x + 2,5,True,-4*x*y**3/9 + 1/3,8*y**4/27,0,1,1,1,['c - 2'],False,,,,,,,,,,cert2_20.json
2*x**2*y**3 + 3*x + 3,5,True,-4*x*y**3/9 + 1/3,8*y**4/27,0,1,1,1,['c - 3'],False,,,,,,,,,,cert2_20.json
2*x**2*y**3 + 3*x - 1,5,True,-4*x*y**3/9 + 1/3,8*y**4/27,0,1,1,1,['c + 1'],False,,,,,,,,,,cert2_20.json
2*x**2*y**3 + 3*x - 2,5,True,-4*x*y**3/9 + 1/3,8*y**4/27,0,1,1,1,['c + 2'],False,,,,,,,,,,cert2_20.json
2*x**2*y**3 + 3*x - 3,5,True,-4*x*y**3/9 + 1/3,8*y**4/27,0,1,1,1,['c + 3'],False,,,,,,,,,,cert2_20.json
2*x**2*y**3 + x + 1,5,True,-4*x*y**3 + 1,8*y**4/3,0,1,1,1,['c - 1'],False,,,,,,,,,,cert2_20.json
2*x**2*y**3 + x + 2,5,True,-4*x*y**3 + 1,8*y**4/3,0,1,1,1,['c - 2'],False,,,,,,,,,,cert2_20.json
2*x**2*y**3 + x + 3,5,True,-4*x*y**3 + 1,8*y**4/3,0,1,1,1,['c - 3'],False,,,,,,,,,,cert2_20.json
2*x**2*y**3 + x - 1,5,True,-4*x*y**3 + 1,8*y**4/3,0,1,1,1,['c + 1'],False,,,,,,,,,,cert2_20.json
2*x**2*y**3 + x - 2,5,True,-4*x*y**3 + 1,8*y**4/3,0,1,1,1,['c + 2'],False,,,,,,,,,,cert2_20.json
2*x**2*y**3 + x - 3,5,True,-4*x*y**3 + 1,8*y**4/3,0,1,1,1,['c + 3'],False,,,,,,,,,,cert2_20.json
2*x**2*y**3 - 2*x + 1,5,True,-x*y**3 - 1/2,2*y**4/3,0,1,1,1,['c - 1'],False,,,,,,,,,,cert2_20.json
2*x**2*y**3 - 2*x + 2,5,True,-x*y**3 - 1/2,2*y**4/3,0,1,1,1,['c - 2'],False,,,,,,,,,,cert2_20.json
2*x**2*y**3 - 2*x + 3,5,True,-x*y**3 - 1/2,2*y**4/3,0,1,1,1,['c - 3'],False,,,,,,,,,,cert2_20.json
2*x**2*y**3 - 2*x - 1,5,True,-x*y**3 - 1/2,2*y**4/3,0,1,1,1,['c + 1'],False,,,,,,,,,,cert2_20.json
2*x**2*y**3 - 2*x - 2,5,True,-x*y**3 - 1/2,2*y**4/3,0,1,1,1,['c + 2'],False,,,,,,,,,,cert2_20.json
2*x**2*y**3 - 2*x - 3,5,True,-x*y**3 - 1/2,2*y**4/3,0,1,1,1,['c + 3'],False,,,,,,,,,,cert2_20.json
2*x**2*y**3 - 3*x + 1,5,True,-4*x*y**3/9 - 1/3,8*y**4/27,0,1,1,1,['c - 1'],False,,,,,,,,,,cert2_20.json
2*x**2*y**3 - 3*x + 2,5,True,-4*x*y**3/9 - 1/3,8*y**4/27,0,1,1,1,['c - 2'],False,,,,,,,,,,cert2_20.json
2*x**2*y**3 - 3*x + 3,5,True,-4*x*y**3/9 - 1/3,8*y**4/27,0,1,1,1,['c - 3'],False,,,,,,,,,,cert2_20.json
2*x**2*y**3 - 3*x - 1,5,True,-4*x*y**3/9 - 1/3,8*y**4/27,0,1,1,1,['c + 1'],False,,,,,,,,,,cert2_20.json
2*x**2*y**3 - 3*x - 2,5,True,-4*x*y**3/9 - 1/3,8*y**4/27,0,1,1,1,['c + 2'],False,,,,,,,,,,cert2_20.json
2*x**2*y**3 - 3*x - 3,5,True,-4*x*y**3/9 - 1/3,8*y**4/27,0,1,1,1,['c + 3'],False,,,,,,,,,,cert2_20.json
2*x**2*y**3 - x + 1,5,True,-4*x*y**3 - 1,8*y**4/3,0,1,1,1,['c - 1'],False,,,,,,,,,,cert2_20.json
2*x**2*y**3 - x + 2,5,True,-4*x*y**3 - 1,8*y**4/3,0,1,1,1,['c - 2'],False,,,,,,,,,,cert2_20.json
2*x**2*y**3 - x + 3,5,True,-4*x*y**3 - 1,8*y**4/3,0,1,1,1,['c - 3'],False,,,,,,,,,,cert2_20.json
2*x**2*y**3 - x - 1,5,True,-4*x*y**3 - 1,8*y**4/3,0,1,1,1,['c + 1'],False,,,,,,,,,,cert2_20.json
2*x**2*y**3 - x - 2,5,True,-4*x*y**3 - 1,8*y**4/3,0,1,1,1,['c + 2'],False,,,,,,,,,,cert2_20.json
2*x**2*y**3 - x - 3,5,True,-4*x*y**3 - 1,8*y**4/3,0,1,1,1,['c + 3'],False,,,,,,,,,,cert2_20.json
2*x**3*y**2 + 2*y + 1,5,True,2*x**4/3,-x**3*y + 1/2,0,1,1,1,['c - 1'],False,,,,,,,,,,cert2_20.json
2*x**3*y**2 + 2*y + 2,5,True,2*x**4/3,-x**3*y + 1/2,0,1,1,1,['c - 2'],False,,,,,,,,,,cert2_20.json
2*x**3*y**2 + 2*y + 3,5,True,2*x**4/3,-x**3*y + 1/2,0,1,1,1,['c - 3'],False,,,,,,,,,,cert2_20.json
2*x**3*y**2 + 2*y - 1,5,True,2*x**4/3,-x**3*y + 1/2,0,1,1,1,['c + 1'],False,,,,,,,,,,cert2_20.json
2*x**3*y**2 + 2*y - 2,5,True,2*x**4/3,-x**3*y + 1/2,0,1,1,1,['c + 2'],False,,,,,,,,,,cert2_20.json
2*x**3*y**2 + 2*y - 3,5,True,2*x**4/3,-x**3*y + 1/2,0,1,1,1,['c + 3'],False,,,,,,,,,,cert2_20.json
2*x**3*y**2 + 3*y + 1,5,True,8*x**4/27,-4*x**3*y/9 + 1/3,0,1,1,1,['c - 1'],False,,,,,,,,,,cert2_20.json
2*x**3*y**2 + 3*y + 2,5,True,8*x**4/27,-4*x**3*y/9 + 1/3,0,1,1,1,['c - 2'],False,,,,,,,,,,cert2_20.json
2*x**3*y**2 + 3*y + 3,5,True,8*x**4/27,-4*x**3*y/9 + 1/3,0,1,1,1,['c - 3'],False,,,,,,,,,,cert2_20.json
2*x**3*y**2 + 3*y - 1,5,True,8*x**4/27,-4*x**3*y/9 + 1/3,0,1,1,1,['c + 1'],False,,,,,,,,,,cert2_20.json
2*x**3*y**2 + 3*y - 2,5,True,8*x**4/27,-4*x**3*y/9 + 1/3,0,1,1,1,['c + 2'],False,,,,,,,,,,cert2_20.json
2*x**3*y**2 + 3*y - 3,5,True,8*x**4/27,-4*x**3*y/9 + 1/3,0,1,1,1,['c + 3'],False,,,,,,,,,,cert2_20.json
2*x**3*y**2 + y + 1,5,True,8*x**4/3,-4*x**3*y + 1,0,1,1,1,['c - 1'],False,,,,,,,,,,cert2_20.json
2*x**3*y**2 + y + 2,5,True,8*x**4/3,-4*x**3*y + 1,0,1,1,1,['c - 2'],False,,,,,,,,,,cert2_20.json
2*x**3*y**2 + y + 3,5,True,8*x**4/3,-4*x**3*y + 1,0,1,1,1,['c - 3'],False,,,,,,,,,,cert2_20.json
2*x**3*y**2 + y - 1,5,True,8*x**4/3,-4*x**3*y + 1,0,1,1,1,['c + 1'],False,,,,,,,,,,cert2_20.json
2*x**3*y**2 + y - 2,5,True,8*x**4/3,-4*x**3*y + 1,0,1,1,1,['c + 2'],False,,,,,,,,,,cert2_20.json
2*x**3*y**2 + y - 3,5,True,8*x**4/3,-4*x**3*y + 1,0,1,1,1,['c + 3'],False,,,,,,,,,,cert2_20.json
2*x**3*y**2 - 2*y + 1,5,True,2*x**4/3,-x**3*y - 1/2,0,1,1,1,['c - 1'],False,,,,,,,,,,cert2_20.json
2*x**3*y**2 - 2*y + 2,5,True,2*x**4/3,-x**3*y - 1/2,0,1,1,1,['c - 2'],False,,,,,,,,,,cert2_20.json
2*x**3*y**2 - 2*y + 3,5,True,2*x**4/3,-x**3*y - 1/2,0,1,1,1,['c - 3'],False,,,,,,,,,,cert2_20.json
2*x**3*y**2 - 2*y - 1,5,True,2*x**4/3,-x**3*y - 1/2,0,1,1,1,['c + 1'],False,,,,,,,,,,cert2_20.json
2*x**3*y**2 - 2*y - 2,5,True,2*x**4/3,-x**3*y - 1/2,0,1,1,1,['c + 2'],False,,,,,,,,,,cert2_20.json
2*x**3*y**2 - 2*y - 3,5,True,2*x**4/3,-x**3*y - 1/2,0,1,1,1,['c + 3'],False,,,,,,,,,,cert2_20.json
2*x**3*y**2 - 3*y + 1,5,True,8*x**4/27,-4*x**3*y/9 - 1/3,0,1,1,1,['c - 1'],False,,,,,,,,,,cert2_20.json
2*x**3*y**2 - 3*y + 2,5,True,8*x**4/27,-4*x**3*y/9 - 1/3,0,1,1,1,['c - 2'],False,,,,,,,,,,cert2_20.json
2*x**3*y**2 - 3*y + 3,5,True,8*x**4/27,-4*x**3*y/9 - 1/3,0,1,1,1,['c - 3'],False,,,,,,,,,,cert2_20.json
2*x**3*y**2 - 3*y - 1,5,True,8*x**4/27,-4*x**3*y/9 - 1/3,0,1,1,1,['c + 1'],False,,,,,,,,,,cert2_20.json
2*x**3*y**2 - 3*y - 2,5,True,8*x**4/27,-4*x**3*y/9 - 1/3,0,1,1,1,['c + 2'],False,,,,,,,,,,cert2_20.json
2*x**3*y**2 - 3*y - 3,5,True,8*x**4/27,-4*x**3*y/9 - 1/3,0,1,1,1,['c + 3'],False,,,,,,,,,,cert2_20.json
2*x**3*y**2 - y + 1,5,True,8*x**4/3,-4*x**3*y - 1,0,1,1,1,['c - 1'],False,,,,,,,,,,cert2_20.json
2*x**3*y**2 - y + 2,5,True,8*x**4/3,-4*x**3*y - 1,0,1,1,1,['c - 2'],False,,,,,,,,,,cert2_20.json
2*x**3*y**2 - y + 3,5,True,8*x**4/3,-4*x**3*y - 1,0,1,1,1,['c - 3'],False,,,,,,,,,,cert2_20.json
2*x**3*y**2 - y - 1,5,True,8*x**4/3,-4*x**3*y - 1,0,1,1,1,['c + 1'],False,,,,,,,,,,cert2_20.json
2*x**3*y**2 - y - 2,5,True,8*x**4/3,-4*x**3*y - 1,0,1,1,1,['c + 2'],False,,,,,,,,,,cert2_20.json
2*x**3*y**2 - y - 3,5,True,8*x**4/3,-4*x**3*y - 1,0,1,1,1,['c + 3'],False,,,,,,,,,,cert2_20.json
3*x**2*y**3 + 2*x + 1,5,True,-3*x*y**3/2 + 1/2,y**4,0,1,1,1,['c - 1'],False,,,,,,,,,,cert2_20.json
3*x**2*y**3 + 2*x + 2,5,True,-3*x*y**3/2 + 1/2,y**4,0,1,1,1,['c - 2'],False,,,,,,,,,,cert2_20.json
3*x**2*y**3 + 2*x + 3,5,True,-3*x*y**3/2 + 1/2,y**4,0,1,1,1,['c - 3'],False,,,,,,,,,,cert2_20.json
3*x**2*y**3 + 2*x - 1,5,True,-3*x*y**3/2 + 1/2,y**4,0,1,1,1,['c + 1'],False,,,,,,,,,,cert2_20.json
3*x**2*y**3 + 2*x - 2,5,True,-3*x*y**3/2 + 1/2,y**4,0,1,1,1,['c + 2'],False,,,,,,,,,,cert2_20.json
3*x**2*y**3 + 2*x - 3,5,True,-3*x*y**3/2 + 1/2,y**4,0,1,1,1,['c + 3'],False,,,,,,,,,,cert2_20.json
3*x**2*y**3 + 3*x + 1,5,True,-2*x*y**3/3 + 1/3,4*y**4/9,0,1,1,1,['c - 1'],False,,,,,,,,,,cert2_20.json
3*x**2*y**3 + 3*x + 2,5,True,-2*x*y**3/3 + 1/3,4*y**4/9,0,1,1,1,['c - 2'],False,,,,,,,,,,cert2_20.json
3*x**2*y**3 + 3*x + 3,5,True,-2*x*y**3/3 + 1/3,4*y**4/9,0,1,1,1,['c - 3'],False,,,,,,,,,,cert2_20.json
3*x**2*y**3 + 3*x - 1,5,True,-2*x*y**3/3 + 1/3,4*y**4/9,0,1,1,1,['c + 1'],False,,,,,,,,,,cert2_20.json
3*x**2*y**3 + 3*x - 2,5,True,-2*x*y**3/3 + 1/3,4*y**4/9,0,1,1,1,['c + 2'],False,,,,,,,,,,cert2_20.json
3*x**2*y**3 + 3*x - 3,5,True,-2*x*y**3/3 + 1/3,4*y**4/9,0,1,1,1,['c + 3'],False,,,,,,,,,,cert2_20.json
3*x**2*y**3 + x + 1,5,True,-6*x*y**3 + 1,4*y**4,0,1,1,1,['c - 1'],False,,,,,,,,,,cert2_20.json
3*x**2*y**3 + x + 2,5,True,-6*x*y**3 + 1,4*y**4,0,1,1,1,['c - 2'],False,,,,,,,,,,cert2_20.json
3*x**2*y**3 + x + 3,5,True,-6*x*y**3 + 1,4*y**4,0,1,1,1,['c - 3'],False,,,,,,,,,,cert2_20.json
3*x**2*y**3 + x - 1,5,True,-6*x*y**3 + 1,4*y**4,0,1,1,1,['c + 1'],False,,,,,,,,,,cert2_20.json
3*x**2*y**3 + x - 2,5,True,-6*x*y**3 + 1,4*y**4,0,1,1,1,['c + 2'],False,,,,,,,,,,cert2_20.json
3*x**2*y**3 + x - 3,5,True,-6*x*y**3 + 1,4*y**4,0,1,1,1,['c + 3'],False,,,,,,,,,,cert2_20.json
3*x**2*y**3 - 2*x + 1,5,True,-3*x*y**3/2 - 1/2,y**4,0,1,1,1,['c - 1'],False,,,,,,,,,,cert2_20.json
3*x**2*y**3 - 2*x + 2,5,True,-3*x*y**3/2 - 1/2,y**4,0,1,1,1,['c - 2'],False,,,,,,,,,,cert2_20.json
3*x**2*y**3 - 2*x + 3,5,True,-3*x*y**3/2 - 1/2,y**4,0,1,1,1,['c - 3'],False,,,,,,,,,,cert2_20.json
3*x**2*y**3 - 2*x - 1,5,True,-3*x*y**3/2 - 1/2,y**4,0,1,1,1,['c + 1'],False,,,,,,,,,,cert2_20.json
3*x**2*y**3 - 2*x - 2,5,True,-3*x*y**3/2 - 1/2,y**4,0,1,1,1,['c + 2'],False,,,,,,,,,,cert2_20.json
3*x**2*y**3 - 2*x - 3,5,True,-3*x*y**3/2 - 1/2,y**4,0,1,1,1,['c + 3'],False,,,,,,,,,,cert2_20.json
3*x**2*y**3 - 3*x + 1,5,True,-2*x*y**3/3 - 1/3,4*y**4/9,0,1,1,1,['c - 1'],False,,,,,,,,,,cert2_20.json
3*x**2*y**3 - 3*x + 2,5,True,-2*x*y**3/3 - 1/3,4*y**4/9,0,1,1,1,['c - 2'],False,,,,,,,,,,cert2_20.json
3*x**2*y**3 - 3*x + 3,5,True,-2*x*y**3/3 - 1/3,4*y**4/9,0,1,1,1,['c - 3'],False,,,,,,,,,,cert2_20.json
3*x**2*y**3 - 3*x - 1,5,True,-2*x*y**3/3 - 1/3,4*y**4/9,0,1,1,1,['c + 1'],False,,,,,,,,,,cert2_20.json
3*x**2*y**3 - 3*x - 2,5,True,-2*x*y**3/3 - 1/3,4*y**4/9,0,1,1,1,['c + 2'],False,,,,,,,,,,cert2_20.json
3*x**2*y**3 - 3*x - 3,5,True,-2*x*y**3/3 - 1/3,4*y**4/9,0,1,1,1,['c + 3'],False,,,,,,,,,,cert2_20.json
3*x**2*y**3 - x + 1,5,True,-6*x*y**3 - 1,4*y**4,0,1,1,1,['c - 1'],False,,,,,,,,,,cert2_20.json
3*x**2*y**3 - x + 2,5,True,-6*x*y**3 - 1,4*y**4,0,1,1,1,['c - 2'],False,,,,,,,,,,cert2_20.json
3*x**2*y**3 - x + 3,5,True,-6*x*y**3 - 1,4*y**4,0,1,1,1,['c - 3'],False,,,,,,,,,,cert2_20.json
3*x**2*y**3 - x - 1,5,True,-6*x*y**3 - 1,4*y**4,0,1,1,1,['c + 1'],False,,,,,,,,,,cert2_20.json
3*x**2*y**3 - x - 2,5,True,-6*x*y**3 - 1,4*y**4,0,1,1,1,['c + 2'],False,,,,,,,,,,cert2_20.json
3*x**2*y**3 - x - 3,5,True,-6*x*y**3 - 1,4*y**4,0,1,1,1,['c + 3'],False,,,,,,,,,,cert2_20.json
3*x**3*y**2 + 2*y + 1,5,True,x**4,-3*x**3*y/2 + 1/2,0,1,1,1,['c - 1'],False,,,,,,,,,,cert2_20.json
3*x**3*y**2 + 2*y + 2,5,True,x**4,-3*x**3*y/2 + 1/2,0,1,1,1,['c - 2'],False,,,,,,,,,,cert2_20.json
3*x**3*y**2 + 2*y + 3,5,True,x**4,-3*x**3*y/2 + 1/2,0,1,1,1,['c - 3'],False,,,,,,,,,,cert2_20.json
3*x**3*y**2 + 2*y - 1,5,True,x**4,-3*x**3*y/2 + 1/2,0,1,1,1,['c + 1'],False,,,,,,,,,,cert2_20.json
3*x**3*y**2 + 2*y - 2,5,True,x**4,-3*x**3*y/2 + 1/2,0,1,1,1,['c + 2'],False,,,,,,,,,,cert2_20.json
3*x**3*y**2 + 2*y - 3,5,True,x**4,-3*x**3*y/2 + 1/2,0,1,1,1,['c + 3'],False,,,,,,,,,,cert2_20.json
3*x**3*y**2 + 3*y + 1,5,True,4*x**4/9,-2*x**3*y/3 + 1/3,0,1,1,1,['c - 1'],False,,,,,,,,,,cert2_20.json
3*x**3*y**2 + 3*y + 2,5,True,4*x**4/9,-2*x**3*y/3 + 1/3,0,1,1,1,['c - 2'],False,,,,,,,,,,cert2_20.json
3*x**3*y**2 + 3*y + 3,5,True,4*x**4/9,-2*x**3*y/3 + 1/3,0,1,1,1,['c - 3'],False,,,,,,,,,,cert2_20.json
3*x**3*y**2 + 3*y - 1,5,True,4*x**4/9,-2*x**3*y/3 + 1/3,0,1,1,1,['c + 1'],False,,,,,,,,,,cert2_20.json
3*x**3*y**2 + 3*y - 2,5,True,4*x**4/9,-2*x**3*y/3 + 1/3,0,1,1,1,['c + 2'],False,,,,,,,,,,cert2_20.json
3*x**3*y**2 + 3*y - 3,5,True,4*x**4/9,-2*x**3*y/3 + 1/3,0,1,1,1,['c + 3'],False,,,,,,,,,,cert2_20.json
3*x**3*y**2 + y + 1,5,True,4*x**4,-6*x**3*y + 1,0,1,1,1,['c - 1'],False,,,,,,,,,,cert2_20.json
3*x**3*y**2 + y + 2,5,True,4*x**4,-6*x**3*y + 1,0,1,1,1,['c - 2'],False,,,,,,,,,,cert2_20.json
3*x**3*y**2 + y + 3,5,True,4*x**4,-6*x**3*y + 1,0,1,1,1,['c - 3'],False,,,,,,,,,,cert2_20.json
3*x**3*y**2 + y - 1,5,True,4*x**4,-6*x**3*y + 1,0,1,1,1,['c + 1'],False,,,,,,,,,,cert2_20.json
3*x**3*y**2 + y - 2,5,True,4*x**4,-6*x**3*y + 1,0,1,1,1,['c + 2'],False,,,,,,,,,,cert2_20.json
3*x**3*y**2 + y - 3,5,True,4*x**4,-6*x**3*y + 1,0,1,1,1,['c + 3'],False,,,,,,,,,,cert2_20.json
3*x**3*y**2 - 2*y + 1,5,True,x**4,-3*x**3*y/2 - 1/2,0,1,1,1,['c - 1'],False,,,,,,,,,,cert2_20.json
3*x**3*y**2 - 2*y + 2,5,True,x**4,-3*x**3*y/2 - 1/2,0,1,1,1,['c - 2'],False,,,,,,,,,,cert2_20.json
3*x**3*y**2 - 2*y + 3,5,True,x**4,-3*x**3*y/2 - 1/2,0,1,1,1,['c - 3'],False,,,,,,,,,,cert2_20.json
3*x**3*y**2 - 2*y - 1,5,True,x**4,-3*x**3*y/2 - 1/2,0,1,1,1,['c + 1'],False,,,,,,,,,,cert2_20.json
3*x**3*y**2 - 2*y - 2,5,True,x**4,-3*x**3*y/2 - 1/2,0,1,1,1,['c + 2'],False,,,,,,,,,,cert2_20.json
3*x**3*y**2 - 2*y - 3,5,True,x**4,-3*x**3*y/2 - 1/2,0,1,1,1,['c + 3'],False,,,,,,,,,,cert2_20.json
3*x**3*y**2 - 3*y + 1,5,True,4*x**4/9,-2*x**3*y/3 - 1/3,0,1,1,1,['c - 1'],False,,,,,,,,,,cert2_20.json
3*x**3*y**2 - 3*y + 2,5,True,4*x**4/9,-2*x**3*y/3 - 1/3,0,1,1,1,['c - 2'],False,,,,,,,,,,cert2_20.json
3*x**3*y**2 - 3*y + 3,5,True,4*x**4/9,-2*x**3*y/3 - 1/3,0,1,1,1,['c - 3'],False,,,,,,,,,,cert2_20.json
3*x**3*y**2 - 3*y - 1,5,True,4*x**4/9,-2*x**3*y/3 - 1/3,0,1,1,1,['c + 1'],False,,,,,,,,,,cert2_20.json
3*x**3*y**2 - 3*y - 2,5,True,4*x**4/9,-2*x**3*y/3 - 1/3,0,1,1,1,['c + 2'],False,,,,,,,,,,cert2_20.json
3*x**3*y**2 - 3*y - 3,5,True,4*x**4/9,-2*x**3*y/3 - 1/3,0,1,1,1,['c + 3'],False,,,,,,,,,,cert2_20.json
3*x**3*y**2 - y + 1,5,True,4*x**4,-6*x**3*y - 1,0,1,1,1,['c - 1'],False,,,,,,,,,,cert2_20.json
3*x**3*y**2 - y + 2,5,True,4*x**4,-6*x**3*y - 1,0,1,1,1,['c - 2'],False,,,,,,,,,,cert2_20.json
3*x**3*y**2 - y + 3,5,True,4*x**4,-6*x**3*y - 1,0,1,1,1,['c - 3'],False,,,,,,,,,,cert2_20.json
3*x**3*y**2 - y - 1,5,True,4*x**4,-6*x**3*y - 1,0,1,1,1,['c + 1'],False,,,,,,,,,,cert2_20.json
3*x**3*y**2 - y - 2,5,True,4*x**4,-6*x**3*y - 1,0,1,1,1,['c + 2'],False,,,,,,,,,,cert2_20.json
3*x**3*y**2 - y - 3,5,True,4*x**4,-6*x**3*y - 1,0,1,1,1,['c + 3'],False,,,,,,,,,,cert2_20.json
x**2*y**3 + 2*x + 1,5,True,-x*y**3/2 + 1/2,y**4/3,0,1,1,1,['c - 1'],False,,,,,,,,,,cert2_20.json
x**2*y**3 + 2*x + 2,5,True,-x*y**3/2 + 1/2,y**4/3,0,1,1,1,['c - 2'],False,,,,,,,,,,cert2_20.json
x**2*y**3 + 2*x + 3,5,True,-x*y**3/2 + 1/2,y**4/3,0,1,1,1,['c - 3'],False,,,,,,,,,,cert2_20.json
x**2*y**3 + 2*x - 1,5,True,-x*y**3/2 + 1/2,y**4/3,0,1,1,1,['c + 1'],False,,,,,,,,,,cert2_20.json
x**2*y**3 + 2*x - 2,5,True,-x*y**3/2 + 1/2,y**4/3,0,1,1,1,['c + 2'],False,,,,,,,,,,cert2_20.json
x**2*y**3 + 2*x - 3,5,True,-x*y**3/2 + 1/2,y**4/3,0,1,1,1,['c + 3'],False,,,,,,,,,,cert2_20.json
x**2*y**3 + 3*x + 1,5,True,-2*x*y**3/9 + 1/3,4*y**4/27,0,1,1,1,['c - 1'],False,,,,,,,,,,cert2_20.json
x**2*y**3 + 3*x + 2,5,True,-2*x*y**3/9 + 1/3,4*y**4/27,0,1,1,1,['c - 2'],False,,,,,,,,,,cert2_20.json
x**2*y**3 + 3*x + 3,5,True,-2*x*y**3/9 + 1/3,4*y**4/27,0,1,1,1,['c - 3'],False,,,,,,,,,,cert2_20.json
x**2*y**3 + 3*x - 1,5,True,-2*x*y**3/9 + 1/3,4*y**4/27,0,1,1,1,['c + 1'],False,,,,,,,,,,cert2_20.json
x**2*y**3 + 3*x - 2,5,True,-2*x*y**3/9 + 1/3,4*y**4/27,0,1,1,1,['c + 2'],False,,,,,,,,,,cert2_20.json
x**2*y**3 + 3*x - 3,5,True,-2*x*y**3/9 + 1/3,4*y**4/27,0,1,1,1,['c + 3'],False,,,,,,,,,,cert2_20.json
x**2*y**3 + x + 1,5,True,-2*x*y**3 + 1,4*y**4/3,0,1,1,1,['c - 1'],False,,,,,,,,,,cert2_20.json
x**2*y**3 + x + 2,5,True,-2*x*y**3 + 1,4*y**4/3,0,1,1,1,['c - 2'],False,,,,,,,,,,cert2_20.json
x**2*y**3 + x + 3,5,True,-2*x*y**3 + 1,4*y**4/3,0,1,1,1,['c - 3'],False,,,,,,,,,,cert2_20.json
x**2*y**3 + x - 1,5,True,-2*x*y**3 + 1,4*y**4/3,0,1,1,1,['c + 1'],False,,,,,,,,,,cert2_20.json
x**2*y**3 + x - 2,5,True,-2*x*y**3 + 1,4*y**4/3,0,1,1,1,['c + 2'],False,,,,,,,,,,cert2_20.json
x**2*y**3 + x - 3,5,True,-2*x*y**3 + 1,4*y**4/3,0,1,1,1,['c + 3'],False,,,,,,,,,,cert2_20.json
x**2*y**3 - 2*x + 1,5,True,-x*y**3/2 - 1/2,y**4/3,0,1,1,1,['c - 1'],False,,,,,,,,,,cert2_20.json
x**2*y**3 - 2*x + 2,5,True,-x*y**3/2 - 1/2,y**4/3,0,1,1,1,['c - 2'],False,,,,,,,,,,cert2_20.json
x**2*y**3 - 2*x + 3,5,True,-x*y**3/2 - 1/2,y**4/3,0,1,1,1,['c - 3'],False,,,,,,,,,,cert2_20.json
x**2*y**3 - 2*x - 1,5,True,-x*y**3/2 - 1/2,y**4/3,0,1,1,1,['c + 1'],False,,,,,,,,,,cert2_20.json
x**2*y**3 - 2*x - 2,5,True,-x*y**3/2 - 1/2,y**4/3,0,1,1,1,['c + 2'],False,,,,,,,,,,cert2_20.json
x**2*y**3 - 2*x - 3,5,True,-x*y**3/2 - 1/2,y**4/3,0,1,1,1,['c + 3'],False,,,,,,,,,,cert2_20.json
x**2*y**3 - 3*x + 1,5,True,-2*x*y**3/9 - 1/3,4*y**4/27,0,1,1,1,['c - 1'],False,,,,,,,,,,cert2_20.json
x**2*y**3 - 3*x + 2,5,True,-2*x*y**3/9 - 1/3,4*y**4/27,0,1,1,1,['c - 2'],False,,,,,,,,,,cert2_20.json
x**2*y**3 - 3*x + 3,5,True,-2*x*y**3/9 - 1/3,4*y**4/27,0,1,1,1,['c - 3'],False,,,,,,,,,,cert2_20.json
x**2*y**3 - 3*x - 1,5,True,-2*x*y**3/9 - 1/3,4*y**4/27,0,1,1,1,['c + 1'],False,,,,,,,,,,cert2_20.json
x**2*y**3 - 3*x - 2,5,True,-2*x*y**3/9 - 1/3,4*y**4/27,0,1,1,1,['c + 2'],False,,,,,,,,,,cert2_20.json
x**2*y**3 - 3*x - 3,5,True,-2*x*y**3/9 - 1/3,4*y**4/27,0,1,1,1,['c + 3'],False,,,,,,,,,,cert2_20.json
x**2*y**3 - x + 1,5,True,-2*x*y**3 - 1,4*y**4/3,0,1,1,1,['c - 1'],False,,,,,,,,,,cert2_20.json
x**2*y**3 - x + 2,5,True,-2*x*y**3 - 1,4*y**4/3,0,1,1,1,['c - 2'],False,,,,,,,,,,cert2_20.json
x**2*y**3 - x + 3,5,True,-2*x*y**3 - 1,4*y**4/3,0,1,1,1,['c - 3'],False,,,,,,,,,,cert2_20.json
x**2*y**3 - x - 1,5,True,-2*x*y**3 - 1,4*y**4/3,0,1,1,1,['c + 1'],False,,,,,,,,,,cert2_20.json
x**2*y**3 - x - 2,5,True,-2*x*y**3 - 1,4*y**4/3,0,1,1,1,['c + 2'],False,,,,,,,,,,cert2_20.json
x**2*y**3 - x - 3,5,True,-2*x*y**3 - 1,4*y**4/3,0,1,1,1,['c + 3'],False,,,,,,,,,,cert2_20.json
x**3*y**2 + 2*y + 1,5,True,x**4/3,-x**3*y/2 + 1/2,0,1,1,1,['c - 1'],False,,,,,,,,,,cert2_20.json
x**3*y**2 + 2*y + 2,5,True,x**4/3,-x**3*y/2 + 1/2,0,1,1,1,['c - 2'],False,,,,,,,,,,cert2_20.json
x**3*y**2 + 2*y + 3,5,True,x**4/3,-x**3*y/2 + 1/2,0,1,1,1,['c - 3'],False,,,,,,,,,,cert2_20.json
x**3*y**2 + 2*y - 1,5,True,x**4/3,-x**3*y/2 + 1/2,0,1,1,1,['c + 1'],False,,,,,,,,,,cert2_20.json
x**3*y**2 + 2*y - 2,5,True,x**4/3,-x**3*y/2 + 1/2,0,1,1,1,['c + 2'],False,,,,,,,,,,cert2_20.json
x**3*y**2 + 2*y - 3,5,True,x**4/3,-x**3*y/2 + 1/2,0,1,1,1,['c + 3'],False,,,,,,,,,,cert2_20.json
x**3*y**2 + 3*y + 1,5,True,4*x**4/27,-2*x**3*y/9 + 1/3,0,1,1,1,['c - 1'],False,,,,,,,,,,cert2_20.json
x**3*y**2 + 3*y + 2,5,True,4*x**4/27,-2*x**3*y/9 + 1/3,0,1,1,1,['c - 2'],False,,,,,,,,,,cert2_20.json
x**3*y**2 + 3*y + 3,5,True,4*x**4/27,-2*x**3*y/9 + 1/3,0,1,1,1,['c - 3'],False,,,,,,,,,,cert2_20.json
x**3*y**2 + 3*y - 1,5,True,4*x**4/27,-2*x**3*y/9 + 1/3,0,1,1,1,['c + 1'],False,,,,,,,,,,cert2_20.json
x**3*y**2 + 3*y - 2,5,True,4*x**4/27,-2*x**3*y/9 + 1/3,0,1,1,1,['c + 2'],False,,,,,,,,,,cert2_20.json
x**3*y**2 + 3*y - 3,5,True,4*x**4/27,-2*x**3*y/9 + 1/3,0,1,1,1,['c + 3'],False,,,,,,,,,,cert2_20.json
x**3*y**2 + y + 1,5,True,4*x**4/3,-2*x**3*y + 1,0,1,1,1,['c - 1'],False,EMPTY,20,4,6,True,lam-f67fd88e64-D20,False,None,15,cert20.json
x**3*y**2 + y + 2,5,True,4*x**4/3,-2*x**3*y + 1,0,1,1,1,['c - 2'],False,,,,,,,,,,cert2_20.json
x**3*y**2 + y + 3,5,True,4*x**4/3,-2*x**3*y + 1,0,1,1,1,['c - 3'],False,,,,,,,,,,cert2_20.json
x**3*y**2 + y - 1,5,True,4*x**4/3,-2*x**3*y + 1,0,1,1,1,['c + 1'],False,,,,,,,,,,cert2_20.json
x**3*y**2 + y - 2,5,True,4*x**4/3,-2*x**3*y + 1,0,1,1,1,['c + 2'],False,,,,,,,,,,cert2_20.json
x**3*y**2 + y - 3,5,True,4*x**4/3,-2*x**3*y + 1,0,1,1,1,['c + 3'],False,,,,,,,,,,cert2_20.json
x**3*y**2 - 2*y + 1,5,True,x**4/3,-x**3*y/2 - 1/2,0,1,1,1,['c - 1'],False,,,,,,,,,,cert2_20.json
x**3*y**2 - 2*y + 2,5,True,x**4/3,-x**3*y/2 - 1/2,0,1,1,1,['c - 2'],False,,,,,,,,,,cert2_20.json
x**3*y**2 - 2*y + 3,5,True,x**4/3,-x**3*y/2 - 1/2,0,1,1,1,['c - 3'],False,,,,,,,,,,cert2_20.json
x**3*y**2 - 2*y - 1,5,True,x**4/3,-x**3*y/2 - 1/2,0,1,1,1,['c + 1'],False,,,,,,,,,,cert2_20.json
x**3*y**2 - 2*y - 2,5,True,x**4/3,-x**3*y/2 - 1/2,0,1,1,1,['c + 2'],False,,,,,,,,,,cert2_20.json
x**3*y**2 - 2*y - 3,5,True,x**4/3,-x**3*y/2 - 1/2,0,1,1,1,['c + 3'],False,,,,,,,,,,cert2_20.json
x**3*y**2 - 3*y + 1,5,True,4*x**4/27,-2*x**3*y/9 - 1/3,0,1,1,1,['c - 1'],False,,,,,,,,,,cert2_20.json
x**3*y**2 - 3*y + 2,5,True,4*x**4/27,-2*x**3*y/9 - 1/3,0,1,1,1,['c - 2'],False,,,,,,,,,,cert2_20.json
x**3*y**2 - 3*y + 3,5,True,4*x**4/27,-2*x**3*y/9 - 1/3,0,1,1,1,['c - 3'],False,,,,,,,,,,cert2_20.json
x**3*y**2 - 3*y - 1,5,True,4*x**4/27,-2*x**3*y/9 - 1/3,0,1,1,1,['c + 1'],False,,,,,,,,,,cert2_20.json
x**3*y**2 - 3*y - 2,5,True,4*x**4/27,-2*x**3*y/9 - 1/3,0,1,1,1,['c + 2'],False,,,,,,,,,,cert2_20.json
x**3*y**2 - 3*y - 3,5,True,4*x**4/27,-2*x**3*y/9 - 1/3,0,1,1,1,['c + 3'],False,,,,,,,,,,cert2_20.json
x**3*y**2 - y + 1,5,True,4*x**4/3,-2*x**3*y - 1,0,1,1,1,['c - 1'],False,EMPTY,20,4,6,True,lam-a76fe424e2-D20,False,None,15,cert2_20.json
x**3*y**2 - y + 2,5,True,4*x**4/3,-2*x**3*y - 1,0,1,1,1,['c - 2'],False,,,,,,,,,,cert2_20.json
x**3*y**2 - y + 3,5,True,4*x**4/3,-2*x**3*y - 1,0,1,1,1,['c - 3'],False,,,,,,,,,,cert2_20.json
x**3*y**2 - y - 1,5,True,4*x**4/3,-2*x**3*y - 1,0,1,1,1,['c + 1'],False,EMPTY,20,4,6,True,lam-432cf744e0-D20,False,None,15,cert2_20.json
x**3*y**2 - y - 2,5,True,4*x**4/3,-2*x**3*y - 1,0,1,1,1,['c + 2'],False,,,,,,,,,,cert2_20.json
x**3*y**2 - y - 3,5,True,4*x**4/3,-2*x**3*y - 1,0,1,1,1,['c + 3'],False,,,,,,,,,,cert2_20.json
-x**4*y**2 + y + 1,6,True,-x**5,2*x**4*y + 1,0,1,1,1,['c - 1'],False,EMPTY,24,4,6,True,lam-4df9f3e4ac-D24,False,None,77,cert20.json
2*x**2*y**4 + 2*x + 1,6,True,-x*y**4 + 1/2,y**5/2,0,1,1,1,['c - 1'],False,,,,,,,,,,cert2_20.json
2*x**2*y**4 + 2*x + 2,6,True,-x*y**4 + 1/2,y**5/2,0,1,1,1,['c - 2'],False,,,,,,,,,,cert2_20.json
2*x**2*y**4 + 2*x + 3,6,True,-x*y**4 + 1/2,y**5/2,0,1,1,1,['c - 3'],False,,,,,,,,,,cert2_20.json
2*x**2*y**4 + 2*x - 1,6,True,-x*y**4 + 1/2,y**5/2,0,1,1,1,['c + 1'],False,,,,,,,,,,cert2_20.json
2*x**2*y**4 + 2*x - 2,6,True,-x*y**4 + 1/2,y**5/2,0,1,1,1,['c + 2'],False,,,,,,,,,,cert2_20.json
2*x**2*y**4 + 2*x - 3,6,True,-x*y**4 + 1/2,y**5/2,0,1,1,1,['c + 3'],False,,,,,,,,,,cert2_20.json
2*x**2*y**4 + 3*x + 1,6,True,-4*x*y**4/9 + 1/3,2*y**5/9,0,1,1,1,['c - 1'],False,,,,,,,,,,cert2_20.json
2*x**2*y**4 + 3*x + 2,6,True,-4*x*y**4/9 + 1/3,2*y**5/9,0,1,1,1,['c - 2'],False,,,,,,,,,,cert2_20.json
2*x**2*y**4 + 3*x + 3,6,True,-4*x*y**4/9 + 1/3,2*y**5/9,0,1,1,1,['c - 3'],False,,,,,,,,,,cert2_20.json
2*x**2*y**4 + 3*x - 1,6,True,-4*x*y**4/9 + 1/3,2*y**5/9,0,1,1,1,['c + 1'],False,,,,,,,,,,cert2_20.json
2*x**2*y**4 + 3*x - 2,6,True,-4*x*y**4/9 + 1/3,2*y**5/9,0,1,1,1,['c + 2'],False,,,,,,,,,,cert2_20.json
2*x**2*y**4 + 3*x - 3,6,True,-4*x*y**4/9 + 1/3,2*y**5/9,0,1,1,1,['c + 3'],False,,,,,,,,,,cert2_20.json
2*x**2*y**4 + x + 1,6,True,-4*x*y**4 + 1,2*y**5,0,1,1,1,['c - 1'],False,,,,,,,,,,cert2_20.json
2*x**2*y**4 + x + 2,6,True,-4*x*y**4 + 1,2*y**5,0,1,1,1,['c - 2'],False,,,,,,,,,,cert2_20.json
2*x**2*y**4 + x + 3,6,True,-4*x*y**4 + 1,2*y**5,0,1,1,1,['c - 3'],False,,,,,,,,,,cert2_20.json
2*x**2*y**4 + x - 1,6,True,-4*x*y**4 + 1,2*y**5,0,1,1,1,['c + 1'],False,,,,,,,,,,cert2_20.json
2*x**2*y**4 + x - 2,6,True,-4*x*y**4 + 1,2*y**5,0,1,1,1,['c + 2'],False,,,,,,,,,,cert2_20.json
2*x**2*y**4 + x - 3,6,True,-4*x*y**4 + 1,2*y**5,0,1,1,1,['c + 3'],False,,,,,,,,,,cert2_20.json
2*x**2*y**4 - 2*x + 1,6,True,-x*y**4 - 1/2,y**5/2,0,1,1,1,['c - 1'],False,,,,,,,,,,cert2_20.json
2*x**2*y**4 - 2*x + 2,6,True,-x*y**4 - 1/2,y**5/2,0,1,1,1,['c - 2'],False,,,,,,,,,,cert2_20.json
2*x**2*y**4 - 2*x + 3,6,True,-x*y**4 - 1/2,y**5/2,0,1,1,1,['c - 3'],False,,,,,,,,,,cert2_20.json
2*x**2*y**4 - 2*x - 1,6,True,-x*y**4 - 1/2,y**5/2,0,1,1,1,['c + 1'],False,,,,,,,,,,cert2_20.json
2*x**2*y**4 - 2*x - 2,6,True,-x*y**4 - 1/2,y**5/2,0,1,1,1,['c + 2'],False,,,,,,,,,,cert2_20.json
2*x**2*y**4 - 2*x - 3,6,True,-x*y**4 - 1/2,y**5/2,0,1,1,1,['c + 3'],False,,,,,,,,,,cert2_20.json
2*x**2*y**4 - 3*x + 1,6,True,-4*x*y**4/9 - 1/3,2*y**5/9,0,1,1,1,['c - 1'],False,,,,,,,,,,cert2_20.json
2*x**2*y**4 - 3*x + 2,6,True,-4*x*y**4/9 - 1/3,2*y**5/9,0,1,1,1,['c - 2'],False,,,,,,,,,,cert2_20.json
2*x**2*y**4 - 3*x + 3,6,True,-4*x*y**4/9 - 1/3,2*y**5/9,0,1,1,1,['c - 3'],False,,,,,,,,,,cert2_20.json
2*x**2*y**4 - 3*x - 1,6,True,-4*x*y**4/9 - 1/3,2*y**5/9,0,1,1,1,['c + 1'],False,,,,,,,,,,cert2_20.json
2*x**2*y**4 - 3*x - 2,6,True,-4*x*y**4/9 - 1/3,2*y**5/9,0,1,1,1,['c + 2'],False,,,,,,,,,,cert2_20.json
2*x**2*y**4 - 3*x - 3,6,True,-4*x*y**4/9 - 1/3,2*y**5/9,0,1,1,1,['c + 3'],False,,,,,,,,,,cert2_20.json
2*x**2*y**4 - x + 1,6,True,-4*x*y**4 - 1,2*y**5,0,1,1,1,['c - 1'],False,,,,,,,,,,cert2_20.json
2*x**2*y**4 - x + 2,6,True,-4*x*y**4 - 1,2*y**5,0,1,1,1,['c - 2'],False,,,,,,,,,,cert2_20.json
2*x**2*y**4 - x + 3,6,True,-4*x*y**4 - 1,2*y**5,0,1,1,1,['c - 3'],False,,,,,,,,,,cert2_20.json
2*x**2*y**4 - x - 1,6,True,-4*x*y**4 - 1,2*y**5,0,1,1,1,['c + 1'],False,,,,,,,,,,cert2_20.json
2*x**2*y**4 - x - 2,6,True,-4*x*y**4 - 1,2*y**5,0,1,1,1,['c + 2'],False,,,,,,,,,,cert2_20.json
2*x**2*y**4 - x - 3,6,True,-4*x*y**4 - 1,2*y**5,0,1,1,1,['c + 3'],False,,,,,,,,,,cert2_20.json
2*x**4*y**2 + 2*y + 1,6,True,x**5/2,-x**4*y + 1/2,0,1,1,1,['c - 1'],False,,,,,,,,,,cert2_20.json
2*x**4*y**2 + 2*y + 2,6,True,x**5/2,-x**4*y + 1/2,0,1,1,1,['c - 2'],False,,,,,,,,,,cert2_20.json
2*x**4*y**2 + 2*y + 3,6,True,x**5/2,-x**4*y + 1/2,0,1,1,1,['c - 3'],False,,,,,,,,,,cert2_20.json
2*x**4*y**2 + 2*y - 1,6,True,x**5/2,-x**4*y + 1/2,0,1,1,1,['c + 1'],False,,,,,,,,,,cert2_20.json
2*x**4*y**2 + 2*y - 2,6,True,x**5/2,-x**4*y + 1/2,0,1,1,1,['c + 2'],False,,,,,,,,,,cert2_20.json
2*x**4*y**2 + 2*y - 3,6,True,x**5/2,-x**4*y + 1/2,0,1,1,1,['c + 3'],False,,,,,,,,,,cert2_20.json
2*x**4*y**2 + 3*y + 1,6,True,2*x**5/9,-4*x**4*y/9 + 1/3,0,1,1,1,['c - 1'],False,,,,,,,,,,cert2_20.json
2*x**4*y**2 + 3*y + 2,6,True,2*x**5/9,-4*x**4*y/9 + 1/3,0,1,1,1,['c - 2'],False,,,,,,,,,,cert2_20.json
2*x**4*y**2 + 3*y + 3,6,True,2*x**5/9,-4*x**4*y/9 + 1/3,0,1,1,1,['c - 3'],False,,,,,,,,,,cert2_20.json
2*x**4*y**2 + 3*y - 1,6,True,2*x**5/9,-4*x**4*y/9 + 1/3,0,1,1,1,['c + 1'],False,,,,,,,,,,cert2_20.json
2*x**4*y**2 + 3*y - 2,6,True,2*x**5/9,-4*x**4*y/9 + 1/3,0,1,1,1,['c + 2'],False,,,,,,,,,,cert2_20.json
2*x**4*y**2 + 3*y - 3,6,True,2*x**5/9,-4*x**4*y/9 + 1/3,0,1,1,1,['c + 3'],False,,,,,,,,,,cert2_20.json
2*x**4*y**2 + y + 1,6,True,2*x**5,-4*x**4*y + 1,0,1,1,1,['c - 1'],False,,,,,,,,,,cert2_20.json
2*x**4*y**2 + y + 2,6,True,2*x**5,-4*x**4*y + 1,0,1,1,1,['c - 2'],False,,,,,,,,,,cert2_20.json
2*x**4*y**2 + y + 3,6,True,2*x**5,-4*x**4*y + 1,0,1,1,1,['c - 3'],False,,,,,,,,,,cert2_20.json
2*x**4*y**2 + y - 1,6,True,2*x**5,-4*x**4*y + 1,0,1,1,1,['c + 1'],False,,,,,,,,,,cert2_20.json
2*x**4*y**2 + y - 2,6,True,2*x**5,-4*x**4*y + 1,0,1,1,1,['c + 2'],False,,,,,,,,,,cert2_20.json
2*x**4*y**2 + y - 3,6,True,2*x**5,-4*x**4*y + 1,0,1,1,1,['c + 3'],False,,,,,,,,,,cert2_20.json
2*x**4*y**2 - 2*y + 1,6,True,x**5/2,-x**4*y - 1/2,0,1,1,1,['c - 1'],False,,,,,,,,,,cert2_20.json
2*x**4*y**2 - 2*y + 2,6,True,x**5/2,-x**4*y - 1/2,0,1,1,1,['c - 2'],False,,,,,,,,,,cert2_20.json
2*x**4*y**2 - 2*y + 3,6,True,x**5/2,-x**4*y - 1/2,0,1,1,1,['c - 3'],False,,,,,,,,,,cert2_20.json
2*x**4*y**2 - 2*y - 1,6,True,x**5/2,-x**4*y - 1/2,0,1,1,1,['c + 1'],False,,,,,,,,,,cert2_20.json
2*x**4*y**2 - 2*y - 2,6,True,x**5/2,-x**4*y - 1/2,0,1,1,1,['c + 2'],False,,,,,,,,,,cert2_20.json
2*x**4*y**2 - 2*y - 3,6,True,x**5/2,-x**4*y - 1/2,0,1,1,1,['c + 3'],False,,,,,,,,,,cert2_20.json
2*x**4*y**2 - 3*y + 1,6,True,2*x**5/9,-4*x**4*y/9 - 1/3,0,1,1,1,['c - 1'],False,,,,,,,,,,cert2_20.json
2*x**4*y**2 - 3*y + 2,6,True,2*x**5/9,-4*x**4*y/9 - 1/3,0,1,1,1,['c - 2'],False,,,,,,,,,,cert2_20.json
2*x**4*y**2 - 3*y + 3,6,True,2*x**5/9,-4*x**4*y/9 - 1/3,0,1,1,1,['c - 3'],False,,,,,,,,,,cert2_20.json
2*x**4*y**2 - 3*y - 1,6,True,2*x**5/9,-4*x**4*y/9 - 1/3,0,1,1,1,['c + 1'],False,,,,,,,,,,cert2_20.json
2*x**4*y**2 - 3*y - 2,6,True,2*x**5/9,-4*x**4*y/9 - 1/3,0,1,1,1,['c + 2'],False,,,,,,,,,,cert2_20.json
2*x**4*y**2 - 3*y - 3,6,True,2*x**5/9,-4*x**4*y/9 - 1/3,0,1,1,1,['c + 3'],False,,,,,,,,,,cert2_20.json
2*x**4*y**2 - y + 1,6,True,2*x**5,-4*x**4*y - 1,0,1,1,1,['c - 1'],False,,,,,,,,,,cert2_20.json
2*x**4*y**2 - y + 2,6,True,2*x**5,-4*x**4*y - 1,0,1,1,1,['c - 2'],False,,,,,,,,,,cert2_20.json
2*x**4*y**2 - y + 3,6,True,2*x**5,-4*x**4*y - 1,0,1,1,1,['c - 3'],False,,,,,,,,,,cert2_20.json
2*x**4*y**2 - y - 1,6,True,2*x**5,-4*x**4*y - 1,0,1,1,1,['c + 1'],False,,,,,,,,,,cert2_20.json
2*x**4*y**2 - y - 2,6,True,2*x**5,-4*x**4*y - 1,0,1,1,1,['c + 2'],False,,,,,,,,,,cert2_20.json
2*x**4*y**2 - y - 3,6,True,2*x**5,-4*x**4*y - 1,0,1,1,1,['c + 3'],False,,,,,,,,,,cert2_20.json
3*x**2*y**4 + 2*x + 1,6,True,-3*x*y**4/2 + 1/2,3*y**5/4,0,1,1,1,['c - 1'],False,,,,,,,,,,cert2_20.json
3*x**2*y**4 + 2*x + 2,6,True,-3*x*y**4/2 + 1/2,3*y**5/4,0,1,1,1,['c - 2'],False,,,,,,,,,,cert2_20.json
3*x**2*y**4 + 2*x + 3,6,True,-3*x*y**4/2 + 1/2,3*y**5/4,0,1,1,1,['c - 3'],False,,,,,,,,,,cert2_20.json
3*x**2*y**4 + 2*x - 1,6,True,-3*x*y**4/2 + 1/2,3*y**5/4,0,1,1,1,['c + 1'],False,,,,,,,,,,cert2_20.json
3*x**2*y**4 + 2*x - 2,6,True,-3*x*y**4/2 + 1/2,3*y**5/4,0,1,1,1,['c + 2'],False,,,,,,,,,,cert2_20.json
3*x**2*y**4 + 2*x - 3,6,True,-3*x*y**4/2 + 1/2,3*y**5/4,0,1,1,1,['c + 3'],False,,,,,,,,,,cert2_20.json
3*x**2*y**4 + 3*x + 1,6,True,-2*x*y**4/3 + 1/3,y**5/3,0,1,1,1,['c - 1'],False,,,,,,,,,,cert2_20.json
3*x**2*y**4 + 3*x + 2,6,True,-2*x*y**4/3 + 1/3,y**5/3,0,1,1,1,['c - 2'],False,,,,,,,,,,cert2_20.json
3*x**2*y**4 + 3*x + 3,6,True,-2*x*y**4/3 + 1/3,y**5/3,0,1,1,1,['c - 3'],False,,,,,,,,,,cert2_20.json
3*x**2*y**4 + 3*x - 1,6,True,-2*x*y**4/3 + 1/3,y**5/3,0,1,1,1,['c + 1'],False,,,,,,,,,,cert2_20.json
3*x**2*y**4 + 3*x - 2,6,True,-2*x*y**4/3 + 1/3,y**5/3,0,1,1,1,['c + 2'],False,,,,,,,,,,cert2_20.json
3*x**2*y**4 + 3*x - 3,6,True,-2*x*y**4/3 + 1/3,y**5/3,0,1,1,1,['c + 3'],False,,,,,,,,,,cert2_20.json
3*x**2*y**4 + x + 1,6,True,-6*x*y**4 + 1,3*y**5,0,1,1,1,['c - 1'],False,,,,,,,,,,cert2_20.json
3*x**2*y**4 + x + 2,6,True,-6*x*y**4 + 1,3*y**5,0,1,1,1,['c - 2'],False,,,,,,,,,,cert2_20.json
3*x**2*y**4 + x + 3,6,True,-6*x*y**4 + 1,3*y**5,0,1,1,1,['c - 3'],False,,,,,,,,,,cert2_20.json
3*x**2*y**4 + x - 1,6,True,-6*x*y**4 + 1,3*y**5,0,1,1,1,['c + 1'],False,,,,,,,,,,cert2_20.json
3*x**2*y**4 + x - 2,6,True,-6*x*y**4 + 1,3*y**5,0,1,1,1,['c + 2'],False,,,,,,,,,,cert2_20.json
3*x**2*y**4 + x - 3,6,True,-6*x*y**4 + 1,3*y**5,0,1,1,1,['c + 3'],False,,,,,,,,,,cert2_20.json
3*x**2*y**4 - 2*x + 1,6,True,-3*x*y**4/2 - 1/2,3*y**5/4,0,1,1,1,['c - 1'],False,,,,,,,,,,cert2_20.json
3*x**2*y**4 - 2*x + 2,6,True,-3*x*y**4/2 - 1/2,3*y**5/4,0,1,1,1,['c - 2'],False,,,,,,,,,,cert2_20.json
3*x**2*y**4 - 2*x + 3,6,True,-3*x*y**4/2 - 1/2,3*y**5/4,0,1,1,1,['c - 3'],False,,,,,,,,,,cert2_20.json
3*x**2*y**4 - 2*x - 1,6,True,-3*x*y**4/2 - 1/2,3*y**5/4,0,1,1,1,['c + 1'],False,,,,,,,,,,cert2_20.json
3*x**2*y**4 - 2*x - 2,6,True,-3*x*y**4/2 - 1/2,3*y**5/4,0,1,1,1,['c + 2'],False,,,,,,,,,,cert2_20.json
3*x**2*y**4 - 2*x - 3,6,True,-3*x*y**4/2 - 1/2,3*y**5/4,0,1,1,1,['c + 3'],False,,,,,,,,,,cert2_20.json
3*x**2*y**4 - 3*x + 1,6,True,-2*x*y**4/3 - 1/3,y**5/3,0,1,1,1,['c - 1'],False,,,,,,,,,,cert2_20.json
3*x**2*y**4 - 3*x + 2,6,True,-2*x*y**4/3 - 1/3,y**5/3,0,1,1,1,['c - 2'],False,,,,,,,,,,cert2_20.json
3*x**2*y**4 - 3*x + 3,6,True,-2*x*y**4/3 - 1/3,y**5/3,0,1,1,1,['c - 3'],False,,,,,,,,,,cert2_20.json
3*x**2*y**4 - 3*x - 1,6,True,-2*x*y**4/3 - 1/3,y**5/3,0,1,1,1,['c + 1'],False,,,,,,,,,,cert2_20.json
3*x**2*y**4 - 3*x - 2,6,True,-2*x*y**4/3 - 1/3,y**5/3,0,1,1,1,['c + 2'],False,,,,,,,,,,cert2_20.json
3*x**2*y**4 - 3*x - 3,6,True,-2*x*y**4/3 - 1/3,y**5/3,0,1,1,1,['c + 3'],False,,,,,,,,,,cert2_20.json
3*x**2*y**4 - x + 1,6,True,-6*x*y**4 - 1,3*y**5,0,1,1,1,['c - 1'],False,,,,,,,,,,cert2_20.json
3*x**2*y**4 - x + 2,6,True,-6*x*y**4 - 1,3*y**5,0,1,1,1,['c - 2'],False,,,,,,,,,,cert2_20.json
3*x**2*y**4 - x + 3,6,True,-6*x*y**4 - 1,3*y**5,0,1,1,1,['c - 3'],False,,,,,,,,,,cert2_20.json
3*x**2*y**4 - x - 1,6,True,-6*x*y**4 - 1,3*y**5,0,1,1,1,['c + 1'],False,,,,,,,,,,cert2_20.json
3*x**2*y**4 - x - 2,6,True,-6*x*y**4 - 1,3*y**5,0,1,1,1,['c + 2'],False,,,,,,,,,,cert2_20.json
3*x**2*y**4 - x - 3,6,True,-6*x*y**4 - 1,3*y**5,0,1,1,1,['c + 3'],False,,,,,,,,,,cert2_20.json
3*x**4*y**2 + 2*y + 1,6,True,3*x**5/4,-3*x**4*y/2 + 1/2,0,1,1,1,['c - 1'],False,,,,,,,,,,cert2_20.json
3*x**4*y**2 + 2*y + 2,6,True,3*x**5/4,-3*x**4*y/2 + 1/2,0,1,1,1,['c - 2'],False,,,,,,,,,,cert2_20.json
3*x**4*y**2 + 2*y + 3,6,True,3*x**5/4,-3*x**4*y/2 + 1/2,0,1,1,1,['c - 3'],False,,,,,,,,,,cert2_20.json
3*x**4*y**2 + 2*y - 1,6,True,3*x**5/4,-3*x**4*y/2 + 1/2,0,1,1,1,['c + 1'],False,,,,,,,,,,cert2_20.json
3*x**4*y**2 + 2*y - 2,6,True,3*x**5/4,-3*x**4*y/2 + 1/2,0,1,1,1,['c + 2'],False,,,,,,,,,,cert2_20.json
3*x**4*y**2 + 2*y - 3,6,True,3*x**5/4,-3*x**4*y/2 + 1/2,0,1,1,1,['c + 3'],False,,,,,,,,,,cert2_20.json
3*x**4*y**2 + 3*y + 1,6,True,x**5/3,-2*x**4*y/3 + 1/3,0,1,1,1,['c - 1'],False,,,,,,,,,,cert2_20.json
3*x**4*y**2 + 3*y + 2,6,True,x**5/3,-2*x**4*y/3 + 1/3,0,1,1,1,['c - 2'],False,,,,,,,,,,cert2_20.json
3*x**4*y**2 + 3*y + 3,6,True,x**5/3,-2*x**4*y/3 + 1/3,0,1,1,1,['c - 3'],False,,,,,,,,,,cert2_20.json
3*x**4*y**2 + 3*y - 1,6,True,x**5/3,-2*x**4*y/3 + 1/3,0,1,1,1,['c + 1'],False,,,,,,,,,,cert2_20.json
3*x**4*y**2 + 3*y - 2,6,True,x**5/3,-2*x**4*y/3 + 1/3,0,1,1,1,['c + 2'],False,,,,,,,,,,cert2_20.json
3*x**4*y**2 + 3*y - 3,6,True,x**5/3,-2*x**4*y/3 + 1/3,0,1,1,1,['c + 3'],False,,,,,,,,,,cert2_20.json
3*x**4*y**2 + y + 1,6,True,3*x**5,-6*x**4*y + 1,0,1,1,1,['c - 1'],False,,,,,,,,,,cert2_20.json
3*x**4*y**2 + y + 2,6,True,3*x**5,-6*x**4*y + 1,0,1,1,1,['c - 2'],False,,,,,,,,,,cert2_20.json
3*x**4*y**2 + y + 3,6,True,3*x**5,-6*x**4*y + 1,0,1,1,1,['c - 3'],False,,,,,,,,,,cert2_20.json
3*x**4*y**2 + y - 1,6,True,3*x**5,-6*x**4*y + 1,0,1,1,1,['c + 1'],False,,,,,,,,,,cert2_20.json
3*x**4*y**2 + y - 2,6,True,3*x**5,-6*x**4*y + 1,0,1,1,1,['c + 2'],False,,,,,,,,,,cert2_20.json
3*x**4*y**2 + y - 3,6,True,3*x**5,-6*x**4*y + 1,0,1,1,1,['c + 3'],False,,,,,,,,,,cert2_20.json
3*x**4*y**2 - 2*y + 1,6,True,3*x**5/4,-3*x**4*y/2 - 1/2,0,1,1,1,['c - 1'],False,,,,,,,,,,cert2_20.json
3*x**4*y**2 - 2*y + 2,6,True,3*x**5/4,-3*x**4*y/2 - 1/2,0,1,1,1,['c - 2'],False,,,,,,,,,,cert2_20.json
3*x**4*y**2 - 2*y + 3,6,True,3*x**5/4,-3*x**4*y/2 - 1/2,0,1,1,1,['c - 3'],False,,,,,,,,,,cert2_20.json
3*x**4*y**2 - 2*y - 1,6,True,3*x**5/4,-3*x**4*y/2 - 1/2,0,1,1,1,['c + 1'],False,,,,,,,,,,cert2_20.json
3*x**4*y**2 - 2*y - 2,6,True,3*x**5/4,-3*x**4*y/2 - 1/2,0,1,1,1,['c + 2'],False,,,,,,,,,,cert2_20.json
3*x**4*y**2 - 2*y - 3,6,True,3*x**5/4,-3*x**4*y/2 - 1/2,0,1,1,1,['c + 3'],False,,,,,,,,,,cert2_20.json
3*x**4*y**2 - 3*y + 1,6,True,x**5/3,-2*x**4*y/3 - 1/3,0,1,1,1,['c - 1'],False,,,,,,,,,,cert2_20.json
3*x**4*y**2 - 3*y + 2,6,True,x**5/3,-2*x**4*y/3 - 1/3,0,1,1,1,['c - 2'],False,,,,,,,,,,cert2_20.json
3*x**4*y**2 - 3*y + 3,6,True,x**5/3,-2*x**4*y/3 - 1/3,0,1,1,1,['c - 3'],False,,,,,,,,,,cert2_20.json
3*x**4*y**2 - 3*y - 1,6,True,x**5/3,-2*x**4*y/3 - 1/3,0,1,1,1,['c + 1'],False,,,,,,,,,,cert2_20.json
3*x**4*y**2 - 3*y - 2,6,True,x**5/3,-2*x**4*y/3 - 1/3,0,1,1,1,['c + 2'],False,,,,,,,,,,cert2_20.json
3*x**4*y**2 - 3*y - 3,6,True,x**5/3,-2*x**4*y/3 - 1/3,0,1,1,1,['c + 3'],False,,,,,,,,,,cert2_20.json
3*x**4*y**2 - y + 1,6,True,3*x**5,-6*x**4*y - 1,0,1,1,1,['c - 1'],False,,,,,,,,,,cert2_20.json
3*x**4*y**2 - y + 2,6,True,3*x**5,-6*x**4*y - 1,0,1,1,1,['c - 2'],False,,,,,,,,,,cert2_20.json
3*x**4*y**2 - y + 3,6,True,3*x**5,-6*x**4*y - 1,0,1,1,1,['c - 3'],False,,,,,,,,,,cert2_20.json
3*x**4*y**2 - y - 1,6,True,3*x**5,-6*x**4*y - 1,0,1,1,1,['c + 1'],False,,,,,,,,,,cert2_20.json
3*x**4*y**2 - y - 2,6,True,3*x**5,-6*x**4*y - 1,0,1,1,1,['c + 2'],False,,,,,,,,,,cert2_20.json
3*x**4*y**2 - y - 3,6,True,3*x**5,-6*x**4*y - 1,0,1,1,1,['c + 3'],False,,,,,,,,,,cert2_20.json
x**2*y**4 + 2*x + 1,6,True,-x*y**4/2 + 1/2,y**5/4,0,1,1,1,['c - 1'],False,,,,,,,,,,cert2_20.json
x**2*y**4 + 2*x + 2,6,True,-x*y**4/2 + 1/2,y**5/4,0,1,1,1,['c - 2'],False,,,,,,,,,,cert2_20.json
x**2*y**4 + 2*x + 3,6,True,-x*y**4/2 + 1/2,y**5/4,0,1,1,1,['c - 3'],False,,,,,,,,,,cert2_20.json
x**2*y**4 + 2*x - 1,6,True,-x*y**4/2 + 1/2,y**5/4,0,1,1,1,['c + 1'],False,,,,,,,,,,cert2_20.json
x**2*y**4 + 2*x - 2,6,True,-x*y**4/2 + 1/2,y**5/4,0,1,1,1,['c + 2'],False,,,,,,,,,,cert2_20.json
x**2*y**4 + 2*x - 3,6,True,-x*y**4/2 + 1/2,y**5/4,0,1,1,1,['c + 3'],False,,,,,,,,,,cert2_20.json
x**2*y**4 + 3*x + 1,6,True,-2*x*y**4/9 + 1/3,y**5/9,0,1,1,1,['c - 1'],False,,,,,,,,,,cert2_20.json
x**2*y**4 + 3*x + 2,6,True,-2*x*y**4/9 + 1/3,y**5/9,0,1,1,1,['c - 2'],False,,,,,,,,,,cert2_20.json
x**2*y**4 + 3*x + 3,6,True,-2*x*y**4/9 + 1/3,y**5/9,0,1,1,1,['c - 3'],False,,,,,,,,,,cert2_20.json
x**2*y**4 + 3*x - 1,6,True,-2*x*y**4/9 + 1/3,y**5/9,0,1,1,1,['c + 1'],False,,,,,,,,,,cert2_20.json
x**2*y**4 + 3*x - 2,6,True,-2*x*y**4/9 + 1/3,y**5/9,0,1,1,1,['c + 2'],False,,,,,,,,,,cert2_20.json
x**2*y**4 + 3*x - 3,6,True,-2*x*y**4/9 + 1/3,y**5/9,0,1,1,1,['c + 3'],False,,,,,,,,,,cert2_20.json
x**2*y**4 + x + 1,6,True,-2*x*y**4 + 1,y**5,0,1,1,1,['c - 1'],False,,,,,,,,,,cert2_20.json
x**2*y**4 + x + 2,6,True,-2*x*y**4 + 1,y**5,0,1,1,1,['c - 2'],False,,,,,,,,,,cert2_20.json
x**2*y**4 + x + 3,6,True,-2*x*y**4 + 1,y**5,0,1,1,1,['c - 3'],False,,,,,,,,,,cert2_20.json
x**2*y**4 + x - 1,6,True,-2*x*y**4 + 1,y**5,0,1,1,1,['c + 1'],False,,,,,,,,,,cert2_20.json
x**2*y**4 + x - 2,6,True,-2*x*y**4 + 1,y**5,0,1,1,1,['c + 2'],False,,,,,,,,,,cert2_20.json
x**2*y**4 + x - 3,6,True,-2*x*y**4 + 1,y**5,0,1,1,1,['c + 3'],False,,,,,,,,,,cert2_20.json
x**2*y**4 - 2*x + 1,6,True,-x*y**4/2 - 1/2,y**5/4,0,1,1,1,['c - 1'],False,,,,,,,,,,cert2_20.json
x**2*y**4 - 2*x + 2,6,True,-x*y**4/2 - 1/2,y**5/4,0,1,1,1,['c - 2'],False,,,,,,,,,,cert2_20.json
x**2*y**4 - 2*x + 3,6,True,-x*y**4/2 - 1/2,y**5/4,0,1,1,1,['c - 3'],False,,,,,,,,,,cert2_20.json
x**2*y**4 - 2*x - 1,6,True,-x*y**4/2 - 1/2,y**5/4,0,1,1,1,['c + 1'],False,,,,,,,,,,cert2_20.json
x**2*y**4 - 2*x - 2,6,True,-x*y**4/2 - 1/2,y**5/4,0,1,1,1,['c + 2'],False,,,,,,,,,,cert2_20.json
x**2*y**4 - 2*x - 3,6,True,-x*y**4/2 - 1/2,y**5/4,0,1,1,1,['c + 3'],False,,,,,,,,,,cert2_20.json
x**2*y**4 - 3*x + 1,6,True,-2*x*y**4/9 - 1/3,y**5/9,0,1,1,1,['c - 1'],False,,,,,,,,,,cert2_20.json
x**2*y**4 - 3*x + 2,6,True,-2*x*y**4/9 - 1/3,y**5/9,0,1,1,1,['c - 2'],False,,,,,,,,,,cert2_20.json
x**2*y**4 - 3*x + 3,6,True,-2*x*y**4/9 - 1/3,y**5/9,0,1,1,1,['c - 3'],False,,,,,,,,,,cert2_20.json
x**2*y**4 - 3*x - 1,6,True,-2*x*y**4/9 - 1/3,y**5/9,0,1,1,1,['c + 1'],False,,,,,,,,,,cert2_20.json
x**2*y**4 - 3*x - 2,6,True,-2*x*y**4/9 - 1/3,y**5/9,0,1,1,1,['c + 2'],False,,,,,,,,,,cert2_20.json
x**2*y**4 - 3*x - 3,6,True,-2*x*y**4/9 - 1/3,y**5/9,0,1,1,1,['c + 3'],False,,,,,,,,,,cert2_20.json
x**2*y**4 - x + 1,6,True,-2*x*y**4 - 1,y**5,0,1,1,1,['c - 1'],False,,,,,,,,,,cert2_20.json
x**2*y**4 - x + 2,6,True,-2*x*y**4 - 1,y**5,0,1,1,1,['c - 2'],False,,,,,,,,,,cert2_20.json
x**2*y**4 - x + 3,6,True,-2*x*y**4 - 1,y**5,0,1,1,1,['c - 3'],False,,,,,,,,,,cert2_20.json
x**2*y**4 - x - 1,6,True,-2*x*y**4 - 1,y**5,0,1,1,1,['c + 1'],False,,,,,,,,,,cert2_20.json
x**2*y**4 - x - 2,6,True,-2*x*y**4 - 1,y**5,0,1,1,1,['c + 2'],False,,,,,,,,,,cert2_20.json
x**2*y**4 - x - 3,6,True,-2*x*y**4 - 1,y**5,0,1,1,1,['c + 3'],False,,,,,,,,,,cert2_20.json
x**4*y**2 + 2*y + 1,6,True,x**5/4,-x**4*y/2 + 1/2,0,1,1,1,['c - 1'],False,,,,,,,,,,cert2_20.json
x**4*y**2 + 2*y + 2,6,True,x**5/4,-x**4*y/2 + 1/2,0,1,1,1,['c - 2'],False,,,,,,,,,,cert2_20.json
x**4*y**2 + 2*y + 3,6,True,x**5/4,-x**4*y/2 + 1/2,0,1,1,1,['c - 3'],False,,,,,,,,,,cert2_20.json
x**4*y**2 + 2*y - 1,6,True,x**5/4,-x**4*y/2 + 1/2,0,1,1,1,['c + 1'],False,,,,,,,,,,cert2_20.json
x**4*y**2 + 2*y - 2,6,True,x**5/4,-x**4*y/2 + 1/2,0,1,1,1,['c + 2'],False,,,,,,,,,,cert2_20.json
x**4*y**2 + 2*y - 3,6,True,x**5/4,-x**4*y/2 + 1/2,0,1,1,1,['c + 3'],False,,,,,,,,,,cert2_20.json
x**4*y**2 + 3*y + 1,6,True,x**5/9,-2*x**4*y/9 + 1/3,0,1,1,1,['c - 1'],False,,,,,,,,,,cert2_20.json
x**4*y**2 + 3*y + 2,6,True,x**5/9,-2*x**4*y/9 + 1/3,0,1,1,1,['c - 2'],False,,,,,,,,,,cert2_20.json
x**4*y**2 + 3*y + 3,6,True,x**5/9,-2*x**4*y/9 + 1/3,0,1,1,1,['c - 3'],False,,,,,,,,,,cert2_20.json
x**4*y**2 + 3*y - 1,6,True,x**5/9,-2*x**4*y/9 + 1/3,0,1,1,1,['c + 1'],False,,,,,,,,,,cert2_20.json
x**4*y**2 + 3*y - 2,6,True,x**5/9,-2*x**4*y/9 + 1/3,0,1,1,1,['c + 2'],False,,,,,,,,,,cert2_20.json
x**4*y**2 + 3*y - 3,6,True,x**5/9,-2*x**4*y/9 + 1/3,0,1,1,1,['c + 3'],False,,,,,,,,,,cert2_20.json
x**4*y**2 + y + 1,6,True,x**5,-2*x**4*y + 1,0,1,1,1,['c - 1'],False,EMPTY,24,4,6,True,lam-41ab6c887c-D24,False,None,15,cert20.json
x**4*y**2 + y + 2,6,True,x**5,-2*x**4*y + 1,0,1,1,1,['c - 2'],False,,,,,,,,,,cert2_20.json
x**4*y**2 + y + 3,6,True,x**5,-2*x**4*y + 1,0,1,1,1,['c - 3'],False,,,,,,,,,,cert2_20.json
x**4*y**2 + y - 1,6,True,x**5,-2*x**4*y + 1,0,1,1,1,['c + 1'],False,,,,,,,,,,cert2_20.json
x**4*y**2 + y - 2,6,True,x**5,-2*x**4*y + 1,0,1,1,1,['c + 2'],False,,,,,,,,,,cert2_20.json
x**4*y**2 + y - 3,6,True,x**5,-2*x**4*y + 1,0,1,1,1,['c + 3'],False,,,,,,,,,,cert2_20.json
x**4*y**2 - 2*y + 1,6,True,x**5/4,-x**4*y/2 - 1/2,0,1,1,1,['c - 1'],False,,,,,,,,,,cert2_20.json
x**4*y**2 - 2*y + 2,6,True,x**5/4,-x**4*y/2 - 1/2,0,1,1,1,['c - 2'],False,,,,,,,,,,cert2_20.json
x**4*y**2 - 2*y + 3,6,True,x**5/4,-x**4*y/2 - 1/2,0,1,1,1,['c - 3'],False,,,,,,,,,,cert2_20.json
x**4*y**2 - 2*y - 1,6,True,x**5/4,-x**4*y/2 - 1/2,0,1,1,1,['c + 1'],False,,,,,,,,,,cert2_20.json
x**4*y**2 - 2*y - 2,6,True,x**5/4,-x**4*y/2 - 1/2,0,1,1,1,['c + 2'],False,,,,,,,,,,cert2_20.json
x**4*y**2 - 2*y - 3,6,True,x**5/4,-x**4*y/2 - 1/2,0,1,1,1,['c + 3'],False,,,,,,,,,,cert2_20.json
x**4*y**2 - 3*y + 1,6,True,x**5/9,-2*x**4*y/9 - 1/3,0,1,1,1,['c - 1'],False,,,,,,,,,,cert2_20.json
x**4*y**2 - 3*y + 2,6,True,x**5/9,-2*x**4*y/9 - 1/3,0,1,1,1,['c - 2'],False,,,,,,,,,,cert2_20.json
x**4*y**2 - 3*y + 3,6,True,x**5/9,-2*x**4*y/9 - 1/3,0,1,1,1,['c - 3'],False,,,,,,,,,,cert2_20.json
x**4*y**2 - 3*y - 1,6,True,x**5/9,-2*x**4*y/9 - 1/3,0,1,1,1,['c + 1'],False,,,,,,,,,,cert2_20.json
x**4*y**2 - 3*y - 2,6,True,x**5/9,-2*x**4*y/9 - 1/3,0,1,1,1,['c + 2'],False,,,,,,,,,,cert2_20.json
x**4*y**2 - 3*y - 3,6,True,x**5/9,-2*x**4*y/9 - 1/3,0,1,1,1,['c + 3'],False,,,,,,,,,,cert2_20.json
x**4*y**2 - y + 1,6,True,x**5,-2*x**4*y - 1,0,1,1,1,['c - 1'],False,EMPTY,24,4,6,True,lam-9e6eb9756f-D24,False,None,15,cert2_20.json
x**4*y**2 - y + 2,6,True,x**5,-2*x**4*y - 1,0,1,1,1,['c - 2'],False,,,,,,,,,,cert2_20.json
x**4*y**2 - y + 3,6,True,x**5,-2*x**4*y - 1,0,1,1,1,['c - 3'],False,,,,,,,,,,cert2_20.json
x**4*y**2 - y - 1,6,True,x**5,-2*x**4*y - 1,0,1,1,1,['c + 1'],False,EMPTY,24,4,6,True,lam-29df87a644-D24,False,None,15,cert2_20.json
x**4*y**2 - y - 2,6,True,x**5,-2*x**4*y - 1,0,1,1,1,['c + 2'],False,,,,,,,,,,cert2_20.json
x**4*y**2 - y - 3,6,True,x**5,-2*x**4*y - 1,0,1,1,1,['c + 3'],False,,,,,,,,,,cert2_20.json
-2*x**4*y**3 + x**2*y**2 + y + 1,7,True,-14*x**5*y/3 + 17*x**3/9,56*x**4*y**2/9 - 2*x**2*y + 1,0,1,1,1,['c - 1'],False,,,,,,,,,,cert20.json
-x**4*y**3 + x**2*y**2 + y + 1,7,True,-12*x**5*y/5 + 19*x**3/10,16*x**4*y**2/5 - 2*x**2*y + 1,0,1,1,1,['c - 1'],False,,,,,,,,,,cert20.json
-x**4*y**3 + y + 1,7,True,-9*x**5*y/4,3*x**4*y**2 + 1,0,1,1,1,['c - 1'],False,EMPTY,14,2,4,True,lam-2ef0c6a50c-D14,False,None,236,cert20.json
-x**5*y**2 + y + 1,7,True,-4*x**6/5,2*x**5*y + 1,0,2,2,1,['c - 1'],False,EMPTY,14,2,4,True,lam-1819e9509d-D14,False,None,74,cert20.json
2*x**2*y**5 + 2*x + 1,7,True,-x*y**5 + 1/2,2*y**6/5,0,2,2,1,['c - 1'],False,,,,,,,,,,cert2_20.json
2*x**2*y**5 + 2*x + 2,7,True,-x*y**5 + 1/2,2*y**6/5,0,2,2,1,['c - 2'],False,,,,,,,,,,cert2_20.json
2*x**2*y**5 + 2*x + 3,7,True,-x*y**5 + 1/2,2*y**6/5,0,2,2,1,['c - 3'],False,,,,,,,,,,cert2_20.json
2*x**2*y**5 + 2*x - 1,7,True,-x*y**5 + 1/2,2*y**6/5,0,2,2,1,['c + 1'],False,,,,,,,,,,cert2_20.json
2*x**2*y**5 + 2*x - 2,7,True,-x*y**5 + 1/2,2*y**6/5,0,2,2,1,['c + 2'],False,,,,,,,,,,cert2_20.json
2*x**2*y**5 + 2*x - 3,7,True,-x*y**5 + 1/2,2*y**6/5,0,2,2,1,['c + 3'],False,,,,,,,,,,cert2_20.json
2*x**2*y**5 + 3*x + 1,7,True,-4*x*y**5/9 + 1/3,8*y**6/45,0,2,2,1,['c - 1'],False,,,,,,,,,,cert2_20.json
2*x**2*y**5 + 3*x + 2,7,True,-4*x*y**5/9 + 1/3,8*y**6/45,0,2,2,1,['c - 2'],False,,,,,,,,,,cert2_20.json
2*x**2*y**5 + 3*x + 3,7,True,-4*x*y**5/9 + 1/3,8*y**6/45,0,2,2,1,['c - 3'],False,,,,,,,,,,cert2_20.json
2*x**2*y**5 + 3*x - 1,7,True,-4*x*y**5/9 + 1/3,8*y**6/45,0,2,2,1,['c + 1'],False,,,,,,,,,,cert2_20.json
2*x**2*y**5 + 3*x - 2,7,True,-4*x*y**5/9 + 1/3,8*y**6/45,0,2,2,1,['c + 2'],False,,,,,,,,,,cert2_20.json
2*x**2*y**5 + 3*x - 3,7,True,-4*x*y**5/9 + 1/3,8*y**6/45,0,2,2,1,['c + 3'],False,,,,,,,,,,cert2_20.json
2*x**2*y**5 + x + 1,7,True,-4*x*y**5 + 1,8*y**6/5,0,2,2,1,['c - 1'],False,,,,,,,,,,cert2_20.json
2*x**2*y**5 + x + 2,7,True,-4*x*y**5 + 1,8*y**6/5,0,2,2,1,['c - 2'],False,,,,,,,,,,cert2_20.json
2*x**2*y**5 + x + 3,7,True,-4*x*y**5 + 1,8*y**6/5,0,2,2,1,['c - 3'],False,,,,,,,,,,cert2_20.json
2*x**2*y**5 + x - 1,7,True,-4*x*y**5 + 1,8*y**6/5,0,2,2,1,['c + 1'],False,,,,,,,,,,cert2_20.json
2*x**2*y**5 + x - 2,7,True,-4*x*y**5 + 1,8*y**6/5,0,2,2,1,['c + 2'],False,,,,,,,,,,cert2_20.json
2*x**2*y**5 + x - 3,7,True,-4*x*y**5 + 1,8*y**6/5,0,2,2,1,['c + 3'],False,,,,,,,,,,cert2_20.json
2*x**2*y**5 - 2*x + 1,7,True,-x*y**5 - 1/2,2*y**6/5,0,2,2,1,['c - 1'],False,,,,,,,,,,cert2_20.json
2*x**2*y**5 - 2*x + 2,7,True,-x*y**5 - 1/2,2*y**6/5,0,2,2,1,['c - 2'],False,,,,,,,,,,cert2_20.json
2*x**2*y**5 - 2*x + 3,7,True,-x*y**5 - 1/2,2*y**6/5,0,2,2,1,['c - 3'],False,,,,,,,,,,cert2_20.json
2*x**2*y**5 - 2*x - 1,7,True,-x*y**5 - 1/2,2*y**6/5,0,2,2,1,['c + 1'],False,,,,,,,,,,cert2_20.json
2*x**2*y**5 - 2*x - 2,7,True,-x*y**5 - 1/2,2*y**6/5,0,2,2,1,['c + 2'],False,,,,,,,,,,cert2_20.json
2*x**2*y**5 - 2*x - 3,7,True,-x*y**5 - 1/2,2*y**6/5,0,2,2,1,['c + 3'],False,,,,,,,,,,cert2_20.json
2*x**2*y**5 - 3*x + 1,7,True,-4*x*y**5/9 - 1/3,8*y**6/45,0,2,2,1,['c - 1'],False,,,,,,,,,,cert2_20.json
2*x**2*y**5 - 3*x + 2,7,True,-4*x*y**5/9 - 1/3,8*y**6/45,0,2,2,1,['c - 2'],False,,,,,,,,,,cert2_20.json
2*x**2*y**5 - 3*x + 3,7,True,-4*x*y**5/9 - 1/3,8*y**6/45,0,2,2,1,['c - 3'],False,,,,,,,,,,cert2_20.json
2*x**2*y**5 - 3*x - 1,7,True,-4*x*y**5/9 - 1/3,8*y**6/45,0,2,2,1,['c + 1'],False,,,,,,,,,,cert2_20.json
2*x**2*y**5 - 3*x - 2,7,True,-4*x*y**5/9 - 1/3,8*y**6/45,0,2,2,1,['c + 2'],False,,,,,,,,,,cert2_20.json
2*x**2*y**5 - 3*x - 3,7,True,-4*x*y**5/9 - 1/3,8*y**6/45,0,2,2,1,['c + 3'],False,,,,,,,,,,cert2_20.json
2*x**2*y**5 - x + 1,7,True,-4*x*y**5 - 1,8*y**6/5,0,2,2,1,['c - 1'],False,,,,,,,,,,cert2_20.json
2*x**2*y**5 - x + 2,7,True,-4*x*y**5 - 1,8*y**6/5,0,2,2,1,['c - 2'],False,,,,,,,,,,cert2_20.json
2*x**2*y**5 - x + 3,7,True,-4*x*y**5 - 1,8*y**6/5,0,2,2,1,['c - 3'],False,,,,,,,,,,cert2_20.json
2*x**2*y**5 - x - 1,7,True,-4*x*y**5 - 1,8*y**6/5,0,2,2,1,['c + 1'],False,,,,,,,,,,cert2_20.json
2*x**2*y**5 - x - 2,7,True,-4*x*y**5 - 1,8*y**6/5,0,2,2,1,['c + 2'],False,,,,,,,,,,cert2_20.json
2*x**2*y**5 - x - 3,7,True,-4*x*y**5 - 1,8*y**6/5,0,2,2,1,['c + 3'],False,,,,,,,,,,cert2_20.json
2*x**3*y**4 + 2*x + 1,7,True,-3*x**2*y**4/2 + 1/2,9*x*y**5/8,0,1,1,1,['c - 1'],False,,,,,,,,,,cert2_20.json
2*x**3*y**4 + 2*x + 2,7,True,-3*x**2*y**4/2 + 1/2,9*x*y**5/8,0,1,1,1,['c - 2'],False,,,,,,,,,,cert2_20.json
2*x**3*y**4 + 2*x + 3,7,True,-3*x**2*y**4/2 + 1/2,9*x*y**5/8,0,1,1,1,['c - 3'],False,,,,,,,,,,cert2_20.json
2*x**3*y**4 + 2*x - 1,7,True,-3*x**2*y**4/2 + 1/2,9*x*y**5/8,0,1,1,1,['c + 1'],False,,,,,,,,,,cert2_20.json
2*x**3*y**4 + 2*x - 2,7,True,-3*x**2*y**4/2 + 1/2,9*x*y**5/8,0,1,1,1,['c + 2'],False,,,,,,,,,,cert2_20.json
2*x**3*y**4 + 2*x - 3,7,True,-3*x**2*y**4/2 + 1/2,9*x*y**5/8,0,1,1,1,['c + 3'],False,,,,,,,,,,cert2_20.json
2*x**3*y**4 + 3*x + 1,7,True,-2*x**2*y**4/3 + 1/3,x*y**5/2,0,1,1,1,['c - 1'],False,,,,,,,,,,cert2_20.json
2*x**3*y**4 + 3*x + 2,7,True,-2*x**2*y**4/3 + 1/3,x*y**5/2,0,1,1,1,['c - 2'],False,,,,,,,,,,cert2_20.json
2*x**3*y**4 + 3*x + 3,7,True,-2*x**2*y**4/3 + 1/3,x*y**5/2,0,1,1,1,['c - 3'],False,,,,,,,,,,cert2_20.json
2*x**3*y**4 + 3*x - 1,7,True,-2*x**2*y**4/3 + 1/3,x*y**5/2,0,1,1,1,['c + 1'],False,,,,,,,,,,cert2_20.json
2*x**3*y**4 + 3*x - 2,7,True,-2*x**2*y**4/3 + 1/3,x*y**5/2,0,1,1,1,['c + 2'],False,,,,,,,,,,cert2_20.json
2*x**3*y**4 + 3*x - 3,7,True,-2*x**2*y**4/3 + 1/3,x*y**5/2,0,1,1,1,['c + 3'],False,,,,,,,,,,cert2_20.json
2*x**3*y**4 + x + 1,7,True,-6*x**2*y**4 + 1,9*x*y**5/2,0,1,1,1,['c - 1'],False,,,,,,,,,,cert2_20.json
2*x**3*y**4 + x + 2,7,True,-6*x**2*y**4 + 1,9*x*y**5/2,0,1,1,1,['c - 2'],False,,,,,,,,,,cert2_20.json
2*x**3*y**4 + x + 3,7,True,-6*x**2*y**4 + 1,9*x*y**5/2,0,1,1,1,['c - 3'],False,,,,,,,,,,cert2_20.json
2*x**3*y**4 + x - 1,7,True,-6*x**2*y**4 + 1,9*x*y**5/2,0,1,1,1,['c + 1'],False,,,,,,,,,,cert2_20.json
2*x**3*y**4 + x - 2,7,True,-6*x**2*y**4 + 1,9*x*y**5/2,0,1,1,1,['c + 2'],False,,,,,,,,,,cert2_20.json
2*x**3*y**4 + x - 3,7,True,-6*x**2*y**4 + 1,9*x*y**5/2,0,1,1,1,['c + 3'],False,,,,,,,,,,cert2_20.json
2*x**3*y**4 - 2*x + 1,7,True,-3*x**2*y**4/2 - 1/2,9*x*y**5/8,0,1,1,1,['c - 1'],False,,,,,,,,,,cert2_20.json
2*x**3*y**4 - 2*x + 2,7,True,-3*x**2*y**4/2 - 1/2,9*x*y**5/8,0,1,1,1,['c - 2'],False,,,,,,,,,,cert2_20.json
2*x**3*y**4 - 2*x + 3,7,True,-3*x**2*y**4/2 - 1/2,9*x*y**5/8,0,1,1,1,['c - 3'],False,,,,,,,,,,cert2_20.json
2*x**3*y**4 - 2*x - 1,7,True,-3*x**2*y**4/2 - 1/2,9*x*y**5/8,0,1,1,1,['c + 1'],False,,,,,,,,,,cert2_20.json
2*x**3*y**4 - 2*x - 2,7,True,-3*x**2*y**4/2 - 1/2,9*x*y**5/8,0,1,1,1,['c + 2'],False,,,,,,,,,,cert2_20.json
2*x**3*y**4 - 2*x - 3,7,True,-3*x**2*y**4/2 - 1/2,9*x*y**5/8,0,1,1,1,['c + 3'],False,,,,,,,,,,cert2_20.json
2*x**3*y**4 - 3*x + 1,7,True,-2*x**2*y**4/3 - 1/3,x*y**5/2,0,1,1,1,['c - 1'],False,,,,,,,,,,cert2_20.json
2*x**3*y**4 - 3*x + 2,7,True,-2*x**2*y**4/3 - 1/3,x*y**5/2,0,1,1,1,['c - 2'],False,,,,,,,,,,cert2_20.json
2*x**3*y**4 - 3*x + 3,7,True,-2*x**2*y**4/3 - 1/3,x*y**5/2,0,1,1,1,['c - 3'],False,,,,,,,,,,cert2_20.json
2*x**3*y**4 - 3*x - 1,7,True,-2*x**2*y**4/3 - 1/3,x*y**5/2,0,1,1,1,['c + 1'],False,,,,,,,,,,cert2_20.json
2*x**3*y**4 - 3*x - 2,7,True,-2*x**2*y**4/3 - 1/3,x*y**5/2,0,1,1,1,['c + 2'],False,,,,,,,,,,cert2_20.json
2*x**3*y**4 - 3*x - 3,7,True,-2*x**2*y**4/3 - 1/3,x*y**5/2,0,1,1,1,['c + 3'],False,,,,,,,,,,cert2_20.json
2*x**3*y**4 - x + 1,7,True,-6*x**2*y**4 - 1,9*x*y**5/2,0,1,1,1,['c - 1'],False,,,,,,,,,,cert2_20.json
2*x**3*y**4 - x + 2,7,True,-6*x**2*y**4 - 1,9*x*y**5/2,0,1,1,1,['c - 2'],False,,,,,,,,,,cert2_20.json
2*x**3*y**4 - x + 3,7,True,-6*x**2*y**4 - 1,9*x*y**5/2,0,1,1,1,['c - 3'],False,,,,,,,,,,cert2_20.json
2*x**3*y**4 - x - 1,7,True,-6*x**2*y**4 - 1,9*x*y**5/2,0,1,1,1,['c + 1'],False,,,,,,,,,,cert2_20.json
2*x**3*y**4 - x - 2,7,True,-6*x**2*y**4 - 1,9*x*y**5/2,0,1,1,1,['c + 2'],False,,,,,,,,,,cert2_20.json
2*x**3*y**4 - x - 3,7,True,-6*x**2*y**4 - 1,9*x*y**5/2,0,1,1,1,['c + 3'],False,,,,,,,,,,cert2_20.json
2*x**4*y**3 + 2*y + 1,7,True,9*x**5*y/8,-3*x**4*y**2/2 + 1/2,0,1,1,1,['c - 1'],False,,,,,,,,,,cert2_20.json
2*x**4*y**3 + 2*y + 2,7,True,9*x**5*y/8,-3*x**4*y**2/2 + 1/2,0,1,1,1,['c - 2'],False,,,,,,,,,,cert2_20.json
2*x**4*y**3 + 2*y + 3,7,True,9*x**5*y/8,-3*x**4*y**2/2 + 1/2,0,1,1,1,['c - 3'],False,,,,,,,,,,cert2_20.json
2*x**4*y**3 + 2*y - 1,7,True,9*x**5*y/8,-3*x**4*y**2/2 + 1/2,0,1,1,1,['c + 1'],False,,,,,,,,,,cert2_20.json
2*x**4*y**3 + 2*y - 2,7,True,9*x**5*y/8,-3*x**4*y**2/2 + 1/2,0,1,1,1,['c + 2'],False,,,,,,,,,,cert2_20.json
2*x**4*y**3 + 2*y - 3,7,True,9*x**5*y/8,-3*x**4*y**2/2 + 1/2,0,1,1,1,['c + 3'],False,,,,,,,,,,cert2_20.json
2*x**4*y**3 + 3*y + 1,7,True,x**5*y/2,-2*x**4*y**2/3 + 1/3,0,1,1,1,['c - 1'],False,,,,,,,,,,cert2_20.json
2*x**4*y**3 + 3*y + 2,7,True,x**5*y/2,-2*x**4*y**2/3 + 1/3,0,1,1,1,['c - 2'],False,,,,,,,,,,cert2_20.json
2*x**4*y**3 + 3*y + 3,7,True,x**5*y/2,-2*x**4*y**2/3 + 1/3,0,1,1,1,['c - 3'],False,,,,,,,,,,cert2_20.json
2*x**4*y**3 + 3*y - 1,7,True,x**5*y/2,-2*x**4*y**2/3 + 1/3,0,1,1,1,['c + 1'],False,,,,,,,,,,cert2_20.json
2*x**4*y**3 + 3*y - 2,7,True,x**5*y/2,-2*x**4*y**2/3 + 1/3,0,1,1,1,['c + 2'],False,,,,,,,,,,cert2_20.json
2*x**4*y**3 + 3*y - 3,7,True,x**5*y/2,-2*x**4*y**2/3 + 1/3,0,1,1,1,['c + 3'],False,,,,,,,,,,cert2_20.json
2*x**4*y**3 + x**2*y**2 + y + 1,7,True,30*x**5*y/7 + 13*x**3/7,-40*x**4*y**2/7 - 2*x**2*y + 1,0,1,1,1,['c - 1'],False,,,,,,,,,,cert20.json
2*x**4*y**3 + y + 1,7,True,9*x**5*y/2,-6*x**4*y**2 + 1,0,1,1,1,['c - 1'],False,,,,,,,,,,cert2_20.json
2*x**4*y**3 + y + 2,7,True,9*x**5*y/2,-6*x**4*y**2 + 1,0,1,1,1,['c - 2'],False,,,,,,,,,,cert2_20.json
2*x**4*y**3 + y + 3,7,True,9*x**5*y/2,-6*x**4*y**2 + 1,0,1,1,1,['c - 3'],False,,,,,,,,,,cert2_20.json
2*x**4*y**3 + y - 1,7,True,9*x**5*y/2,-6*x**4*y**2 + 1,0,1,1,1,['c + 1'],False,,,,,,,,,,cert2_20.json
2*x**4*y**3 + y - 2,7,True,9*x**5*y/2,-6*x**4*y**2 + 1,0,1,1,1,['c + 2'],False,,,,,,,,,,cert2_20.json
2*x**4*y**3 + y - 3,7,True,9*x**5*y/2,-6*x**4*y**2 + 1,0,1,1,1,['c + 3'],False,,,,,,,,,,cert2_20.json
2*x**4*y**3 - 2*y + 1,7,True,9*x**5*y/8,-3*x**4*y**2/2 - 1/2,0,1,1,1,['c - 1'],False,,,,,,,,,,cert2_20.json
2*x**4*y**3 - 2*y + 2,7,True,9*x**5*y/8,-3*x**4*y**2/2 - 1/2,0,1,1,1,['c - 2'],False,,,,,,,,,,cert2_20.json
2*x**4*y**3 - 2*y + 3,7,True,9*x**5*y/8,-3*x**4*y**2/2 - 1/2,0,1,1,1,['c - 3'],False,,,,,,,,,,cert2_20.json
2*x**4*y**3 - 2*y - 1,7,True,9*x**5*y/8,-3*x**4*y**2/2 - 1/2,0,1,1,1,['c + 1'],False,,,,,,,,,,cert2_20.json
2*x**4*y**3 - 2*y - 2,7,True,9*x**5*y/8,-3*x**4*y**2/2 - 1/2,0,1,1,1,['c + 2'],False,,,,,,,,,,cert2_20.json
2*x**4*y**3 - 2*y - 3,7,True,9*x**5*y/8,-3*x**4*y**2/2 - 1/2,0,1,1,1,['c + 3'],False,,,,,,,,,,cert2_20.json
2*x**4*y**3 - 3*y + 1,7,True,x**5*y/2,-2*x**4*y**2/3 - 1/3,0,1,1,1,['c - 1'],False,,,,,,,,,,cert2_20.json
2*x**4*y**3 - 3*y + 2,7,True,x**5*y/2,-2*x**4*y**2/3 - 1/3,0,1,1,1,['c - 2'],False,,,,,,,,,,cert2_20.json
2*x**4*y**3 - 3*y + 3,7,True,x**5*y/2,-2*x**4*y**2/3 - 1/3,0,1,1,1,['c - 3'],False,,,,,,,,,,cert2_20.json
2*x**4*y**3 - 3*y - 1,7,True,x**5*y/2,-2*x**4*y**2/3 - 1/3,0,1,1,1,['c + 1'],False,,,,,,,,,,cert2_20.json
2*x**4*y**3 - 3*y - 2,7,True,x**5*y/2,-2*x**4*y**2/3 - 1/3,0,1,1,1,['c + 2'],False,,,,,,,,,,cert2_20.json
2*x**4*y**3 - 3*y - 3,7,True,x**5*y/2,-2*x**4*y**2/3 - 1/3,0,1,1,1,['c + 3'],False,,,,,,,,,,cert2_20.json
2*x**4*y**3 - y + 1,7,True,9*x**5*y/2,-6*x**4*y**2 - 1,0,1,1,1,['c - 1'],False,,,,,,,,,,cert2_20.json
2*x**4*y**3 - y + 2,7,True,9*x**5*y/2,-6*x**4*y**2 - 1,0,1,1,1,['c - 2'],False,,,,,,,,,,cert2_20.json
2*x**4*y**3 - y + 3,7,True,9*x**5*y/2,-6*x**4*y**2 - 1,0,1,1,1,['c - 3'],False,,,,,,,,,,cert2_20.json
2*x**4*y**3 - y - 1,7,True,9*x**5*y/2,-6*x**4*y**2 - 1,0,1,1,1,['c + 1'],False,,,,,,,,,,cert2_20.json
2*x**4*y**3 - y - 2,7,True,9*x**5*y/2,-6*x**4*y**2 - 1,0,1,1,1,['c + 2'],False,,,,,,,,,,cert2_20.json
2*x**4*y**3 - y - 3,7,True,9*x**5*y/2,-6*x**4*y**2 - 1,0,1,1,1,['c + 3'],False,,,,,,,,,,cert2_20.json
2*x**5*y**2 + 2*y + 1,7,True,2*x**6/5,-x**5*y + 1/2,0,2,2,1,['c - 1'],False,,,,,,,,,,cert2_20.json
2*x**5*y**2 + 2*y + 2,7,True,2*x**6/5,-x**5*y + 1/2,0,2,2,1,['c - 2'],False,,,,,,,,,,cert2_20.json
2*x**5*y**2 + 2*y + 3,7,True,2*x**6/5,-x**5*y + 1/2,0,2,2,1,['c - 3'],False,,,,,,,,,,cert2_20.json
2*x**5*y**2 + 2*y - 1,7,True,2*x**6/5,-x**5*y + 1/2,0,2,2,1,['c + 1'],False,,,,,,,,,,cert2_20.json
2*x**5*y**2 + 2*y - 2,7,True,2*x**6/5,-x**5*y + 1/2,0,2,2,1,['c + 2'],False,,,,,,,,,,cert2_20.json
2*x**5*y**2 + 2*y - 3,7,True,2*x**6/5,-x**5*y + 1/2,0,2,2,1,['c + 3'],False,,,,,,,,,,cert2_20.json
2*x**5*y**2 + 3*y + 1,7,True,8*x**6/45,-4*x**5*y/9 + 1/3,0,2,2,1,['c - 1'],False,,,,,,,,,,cert2_20.json
2*x**5*y**2 + 3*y + 2,7,True,8*x**6/45,-4*x**5*y/9 + 1/3,0,2,2,1,['c - 2'],False,,,,,,,,,,cert2_20.json
2*x**5*y**2 + 3*y + 3,7,True,8*x**6/45,-4*x**5*y/9 + 1/3,0,2,2,1,['c - 3'],False,,,,,,,,,,cert2_20.json
2*x**5*y**2 + 3*y - 1,7,True,8*x**6/45,-4*x**5*y/9 + 1/3,0,2,2,1,['c + 1'],False,,,,,,,,,,cert2_20.json
2*x**5*y**2 + 3*y - 2,7,True,8*x**6/45,-4*x**5*y/9 + 1/3,0,2,2,1,['c + 2'],False,,,,,,,,,,cert2_20.json
2*x**5*y**2 + 3*y - 3,7,True,8*x**6/45,-4*x**5*y/9 + 1/3,0,2,2,1,['c + 3'],False,,,,,,,,,,cert2_20.json
2*x**5*y**2 + y + 1,7,True,8*x**6/5,-4*x**5*y + 1,0,2,2,1,['c - 1'],False,,,,,,,,,,cert2_20.json
2*x**5*y**2 + y + 2,7,True,8*x**6/5,-4*x**5*y + 1,0,2,2,1,['c - 2'],False,,,,,,,,,,cert2_20.json
2*x**5*y**2 + y + 3,7,True,8*x**6/5,-4*x**5*y + 1,0,2,2,1,['c - 3'],False,,,,,,,,,,cert2_20.json
2*x**5*y**2 + y - 1,7,True,8*x**6/5,-4*x**5*y + 1,0,2,2,1,['c + 1'],False,,,,,,,,,,cert2_20.json
2*x**5*y**2 + y - 2,7,True,8*x**6/5,-4*x**5*y + 1,0,2,2,1,['c + 2'],False,,,,,,,,,,cert2_20.json
2*x**5*y**2 + y - 3,7,True,8*x**6/5,-4*x**5*y + 1,0,2,2,1,['c + 3'],False,,,,,,,,,,cert2_20.json
2*x**5*y**2 - 2*y + 1,7,True,2*x**6/5,-x**5*y - 1/2,0,2,2,1,['c - 1'],False,,,,,,,,,,cert2_20.json
2*x**5*y**2 - 2*y + 2,7,True,2*x**6/5,-x**5*y - 1/2,0,2,2,1,['c - 2'],False,,,,,,,,,,cert2_20.json
2*x**5*y**2 - 2*y + 3,7,True,2*x**6/5,-x**5*y - 1/2,0,2,2,1,['c - 3'],False,,,,,,,,,,cert2_20.json
2*x**5*y**2 - 2*y - 1,7,True,2*x**6/5,-x**5*y - 1/2,0,2,2,1,['c + 1'],False,,,,,,,,,,cert2_20.json
2*x**5*y**2 - 2*y - 2,7,True,2*x**6/5,-x**5*y - 1/2,0,2,2,1,['c + 2'],False,,,,,,,,,,cert2_20.json
2*x**5*y**2 - 2*y - 3,7,True,2*x**6/5,-x**5*y - 1/2,0,2,2,1,['c + 3'],False,,,,,,,,,,cert2_20.json
2*x**5*y**2 - 3*y + 1,7,True,8*x**6/45,-4*x**5*y/9 - 1/3,0,2,2,1,['c - 1'],False,,,,,,,,,,cert2_20.json
2*x**5*y**2 - 3*y + 2,7,True,8*x**6/45,-4*x**5*y/9 - 1/3,0,2,2,1,['c - 2'],False,,,,,,,,,,cert2_20.json
2*x**5*y**2 - 3*y + 3,7,True,8*x**6/45,-4*x**5*y/9 - 1/3,0,2,2,1,['c - 3'],False,,,,,,,,,,cert2_20.json
2*x**5*y**2 - 3*y - 1,7,True,8*x**6/45,-4*x**5*y/9 - 1/3,0,2,2,1,['c + 1'],False,,,,,,,,,,cert2_20.json
2*x**5*y**2 - 3*y - 2,7,True,8*x**6/45,-4*x**5*y/9 - 1/3,0,2,2,1,['c + 2'],False,,,,,,,,,,cert2_20.json
2*x**5*y**2 - 3*y - 3,7,True,8*x**6/45,-4*x**5*y/9 - 1/3,0,2,2,1,['c + 3'],False,,,,,,,,,,cert2_20.json
2*x**5*y**2 - y + 1,7,True,8*x**6/5,-4*x**5*y - 1,0,2,2,1,['c - 1'],False,,,,,,,,,,cert2_20.json
2*x**5*y**2 - y + 2,7,True,8*x**6/5,-4*x**5*y - 1,0,2,2,1,['c - 2'],False,,,,,,,,,,cert2_20.json
2*x**5*y**2 - y + 3,7,True,8*x**6/5,-4*x**5*y - 1,0,2,2,1,['c - 3'],False,,,,,,,,,,cert2_20.json
2*x**5*y**2 - y - 1,7,True,8*x**6/5,-4*x**5*y - 1,0,2,2,1,['c + 1'],False,,,,,,,,,,cert2_20.json
2*x**5*y**2 - y - 2,7,True,8*x**6/5,-4*x**5*y - 1,0,2,2,1,['c + 2'],False,,,,,,,,,,cert2_20.json
2*x**5*y**2 - y - 3,7,True,8*x**6/5,-4*x**5*y - 1,0,2,2,1,['c + 3'],False,,,,,,,,,,cert2_20.json
3*x**2*y**5 + 2*x + 1,7,True,-3*x*y**5/2 + 1/2,3*y**6/5,0,2,2,1,['c - 1'],False,,,,,,,,,,cert2_20.json
3*x**2*y**5 + 2*x + 2,7,True,-3*x*y**5/2 + 1/2,3*y**6/5,0,2,2,1,['c - 2'],False,,,,,,,,,,cert2_20.json
3*x**2*y**5 + 2*x + 3,7,True,-3*x*y**5/2 + 1/2,3*y**6/5,0,2,2,1,['c - 3'],False,,,,,,,,,,cert2_20.json
3*x**2*y**5 + 2*x - 1,7,True,-3*x*y**5/2 + 1/2,3*y**6/5,0,2,2,1,['c + 1'],False,,,,,,,,,,cert2_20.json
3*x**2*y**5 + 2*x - 2,7,True,-3*x*y**5/2 + 1/2,3*y**6/5,0,2,2,1,['c + 2'],False,,,,,,,,,,cert2_20.json
3*x**2*y**5 + 2*x - 3,7,True,-3*x*y**5/2 + 1/2,3*y**6/5,0,2,2,1,['c + 3'],False,,,,,,,,,,cert2_20.json
3*x**2*y**5 + 3*x + 1,7,True,-2*x*y**5/3 + 1/3,4*y**6/15,0,2,2,1,['c - 1'],False,,,,,,,,,,cert2_20.json
3*x**2*y**5 + 3*x + 2,7,True,-2*x*y**5/3 + 1/3,4*y**6/15,0,2,2,1,['c - 2'],False,,,,,,,,,,cert2_20.json
3*x**2*y**5 + 3*x + 3,7,True,-2*x*y**5/3 + 1/3,4*y**6/15,0,2,2,1,['c - 3'],False,,,,,,,,,,cert2_20.json
3*x**2*y**5 + 3*x - 1,7,True,-2*x*y**5/3 + 1/3,4*y**6/15,0,2,2,1,['c + 1'],False,,,,,,,,,,cert2_20.json
3*x**2*y**5 + 3*x - 2,7,True,-2*x*y**5/3 + 1/3,4*y**6/15,0,2,2,1,['c + 2'],False,,,,,,,,,,cert2_20.json
3*x**2*y**5 + 3*x - 3,7,True,-2*x*y**5/3 + 1/3,4*y**6/15,0,2,2,1,['c + 3'],False,,,,,,,,,,cert2_20.json
3*x**2*y**5 + x + 1,7,True,-6*x*y**5 + 1,12*y**6/5,0,2,2,1,['c - 1'],False,,,,,,,,,,cert2_20.json
3*x**2*y**5 + x + 2,7,True,-6*x*y**5 + 1,12*y**6/5,0,2,2,1,['c - 2'],False,,,,,,,,,,cert2_20.json
3*x**2*y**5 + x + 3,7,True,-6*x*y**5 + 1,12*y**6/5,0,2,2,1,['c - 3'],False,,,,,,,,,,cert2_20.json
3*x**2*y**5 + x - 1,7,True,-6*x*y**5 + 1,12*y**6/5,0,2,2,1,['c + 1'],False,,,,,,,,,,cert2_20.json
3*x**2*y**5 + x - 2,7,True,-6*x*y**5 + 1,12*y**6/5,0,2,2,1,['c + 2'],False,,,,,,,,,,cert2_20.json
3*x**2*y**5 + x - 3,7,True,-6*x*y**5 + 1,12*y**6/5,0,2,2,1,['c + 3'],False,,,,,,,,,,cert2_20.json
3*x**2*y**5 - 2*x + 1,7,True,-3*x*y**5/2 - 1/2,3*y**6/5,0,2,2,1,['c - 1'],False,,,,,,,,,,cert2_20.json
3*x**2*y**5 - 2*x + 2,7,True,-3*x*y**5/2 - 1/2,3*y**6/5,0,2,2,1,['c - 2'],False,,,,,,,,,,cert2_20.json
3*x**2*y**5 - 2*x + 3,7,True,-3*x*y**5/2 - 1/2,3*y**6/5,0,2,2,1,['c - 3'],False,,,,,,,,,,cert2_20.json
3*x**2*y**5 - 2*x - 1,7,True,-3*x*y**5/2 - 1/2,3*y**6/5,0,2,2,1,['c + 1'],False,,,,,,,,,,cert2_20.json
3*x**2*y**5 - 2*x - 2,7,True,-3*x*y**5/2 - 1/2,3*y**6/5,0,2,2,1,['c + 2'],False,,,,,,,,,,cert2_20.json
3*x**2*y**5 - 2*x - 3,7,True,-3*x*y**5/2 - 1/2,3*y**6/5,0,2,2,1,['c + 3'],False,,,,,,,,,,cert2_20.json
3*x**2*y**5 - 3*x + 1,7,True,-2*x*y**5/3 - 1/3,4*y**6/15,0,2,2,1,['c - 1'],False,,,,,,,,,,cert2_20.json
3*x**2*y**5 - 3*x + 2,7,True,-2*x*y**5/3 - 1/3,4*y**6/15,0,2,2,1,['c - 2'],False,,,,,,,,,,cert2_20.json
3*x**2*y**5 - 3*x + 3,7,True,-2*x*y**5/3 - 1/3,4*y**6/15,0,2,2,1,['c - 3'],False,,,,,,,,,,cert2_20.json
3*x**2*y**5 - 3*x - 1,7,True,-2*x*y**5/3 - 1/3,4*y**6/15,0,2,2,1,['c + 1'],False,,,,,,,,,,cert2_20.json
3*x**2*y**5 - 3*x - 2,7,True,-2*x*y**5/3 - 1/3,4*y**6/15,0,2,2,1,['c + 2'],False,,,,,,,,,,cert2_20.json
3*x**2*y**5 - 3*x - 3,7,True,-2*x*y**5/3 - 1/3,4*y**6/15,0,2,2,1,['c + 3'],False,,,,,,,,,,cert2_20.json
3*x**2*y**5 - x + 1,7,True,-6*x*y**5 - 1,12*y**6/5,0,2,2,1,['c - 1'],False,,,,,,,,,,cert2_20.json
3*x**2*y**5 - x + 2,7,True,-6*x*y**5 - 1,12*y**6/5,0,2,2,1,['c - 2'],False,,,,,,,,,,cert2_20.json
3*x**2*y**5 - x + 3,7,True,-6*x*y**5 - 1,12*y**6/5,0,2,2,1,['c - 3'],False,,,,,,,,,,cert2_20.json
3*x**2*y**5 - x - 1,7,True,-6*x*y**5 - 1,12*y**6/5,0,2,2,1,['c + 1'],False,,,,,,,,,,cert2_20.json
3*x**2*y**5 - x - 2,7,True,-6*x*y**5 - 1,12*y**6/5,0,2,2,1,['c + 2'],False,,,,,,,,,,cert2_20.json
3*x**2*y**5 - x - 3,7,True,-6*x*y**5 - 1,12*y**6/5,0,2,2,1,['c + 3'],False,,,,,,,,,,cert2_20.json
3*x**3*y**4 + 2*x + 1,7,True,-9*x**2*y**4/4 + 1/2,27*x*y**5/16,0,1,1,1,['c - 1'],False,,,,,,,,,,cert2_20.json
3*x**3*y**4 + 2*x + 2,7,True,-9*x**2*y**4/4 + 1/2,27*x*y**5/16,0,1,1,1,['c - 2'],False,,,,,,,,,,cert2_20.json
3*x**3*y**4 + 2*x + 3,7,True,-9*x**2*y**4/4 + 1/2,27*x*y**5/16,0,1,1,1,['c - 3'],False,,,,,,,,,,cert2_20.json
3*x**3*y**4 + 2*x - 1,7,True,-9*x**2*y**4/4 + 1/2,27*x*y**5/16,0,1,1,1,['c + 1'],False,,,,,,,,,,cert2_20.json
3*x**3*y**4 + 2*x - 2,7,True,-9*x**2*y**4/4 + 1/2,27*x*y**5/16,0,1,1,1,['c + 2'],False,,,,,,,,,,cert2_20.json
3*x**3*y**4 + 2*x - 3,7,True,-9*x**2*y**4/4 + 1/2,27*x*y**5/16,0,1,1,1,['c + 3'],False,,,,,,,,,,cert2_20.json
3*x**3*y**4 + 3*x + 1,7,True,-x**2*y**4 + 1/3,3*x*y**5/4,0,1,1,1,['c - 1'],False,,,,,,,,,,cert2_20.json
3*x**3*y**4 + 3*x + 2,7,True,-x**2*y**4 + 1/3,3*x*y**5/4,0,1,1,1,['c - 2'],False,,,,,,,,,,cert2_20.json
3*x**3*y**4 + 3*x + 3,7,True,-x**2*y**4 + 1/3,3*x*y**5/4,0,1,1,1,['c - 3'],False,,,,,,,,,,cert2_20.json
3*x**3*y**4 + 3*x - 1,7,True,-x**2*y**4 + 1/3,3*x*y**5/4,0,1,1,1,['c + 1'],False,,,,,,,,,,cert2_20.json
3*x**3*y**4 + 3*x - 2,7,True,-x**2*y**4 + 1/3,3*x*y**5/4,0,1,1,1,['c + 2'],False,,,,,,,,,,cert2_20.json
3*x**3*y**4 + 3*x - 3,7,True,-x**2*y**4 + 1/3,3*x*y**5/4,0,1,1,1,['c + 3'],False,,,,,,,,,,cert2_20.json
3*x**3*y**4 + x + 1,7,True,-9*x**2*y**4 + 1,27*x*y**5/4,0,1,1,1,['c - 1'],False,,,,,,,,,,cert2_20.json
3*x**3*y**4 + x + 2,7,True,-9*x**2*y**4 + 1,27*x*y**5/4,0,1,1,1,['c - 2'],False,,,,,,,,,,cert2_20.json
3*x**3*y**4 + x + 3,7,True,-9*x**2*y**4 + 1,27*x*y**5/4,0,1,1,1,['c - 3'],False,,,,,,,,,,cert2_20.json
3*x**3*y**4 + x - 1,7,True,-9*x**2*y**4 + 1,27*x*y**5/4,0,1,1,1,['c + 1'],False,,,,,,,,,,cert2_20.json
3*x**3*y**4 + x - 2,7,True,-9*x**2*y**4 + 1,27*x*y**5/4,0,1,1,1,['c + 2'],False,,,,,,,,,,cert2_20.json
3*x**3*y**4 + x - 3,7,True,-9*x**2*y**4 + 1,27*x*y**5/4,0,1,1,1,['c + 3'],False,,,,,,,,,,cert2_20.json
3*x**3*y**4 - 2*x + 1,7,True,-9*x**2*y**4/4 - 1/2,27*x*y**5/16,0,1,1,1,['c - 1'],False,,,,,,,,,,cert2_20.json
3*x**3*y**4 - 2*x + 2,7,True,-9*x**2*y**4/4 - 1/2,27*x*y**5/16,0,1,1,1,['c - 2'],False,,,,,,,,,,cert2_20.json
3*x**3*y**4 - 2*x + 3,7,True,-9*x**2*y**4/4 - 1/2,27*x*y**5/16,0,1,1,1,['c - 3'],False,,,,,,,,,,cert2_20.json
3*x**3*y**4 - 2*x - 1,7,True,-9*x**2*y**4/4 - 1/2,27*x*y**5/16,0,1,1,1,['c + 1'],False,,,,,,,,,,cert2_20.json
3*x**3*y**4 - 2*x - 2,7,True,-9*x**2*y**4/4 - 1/2,27*x*y**5/16,0,1,1,1,['c + 2'],False,,,,,,,,,,cert2_20.json
3*x**3*y**4 - 2*x - 3,7,True,-9*x**2*y**4/4 - 1/2,27*x*y**5/16,0,1,1,1,['c + 3'],False,,,,,,,,,,cert2_20.json
3*x**3*y**4 - 3*x + 1,7,True,-x**2*y**4 - 1/3,3*x*y**5/4,0,1,1,1,['c - 1'],False,,,,,,,,,,cert2_20.json
3*x**3*y**4 - 3*x + 2,7,True,-x**2*y**4 - 1/3,3*x*y**5/4,0,1,1,1,['c - 2'],False,,,,,,,,,,cert2_20.json
3*x**3*y**4 - 3*x + 3,7,True,-x**2*y**4 - 1/3,3*x*y**5/4,0,1,1,1,['c - 3'],False,,,,,,,,,,cert2_20.json
3*x**3*y**4 - 3*x - 1,7,True,-x**2*y**4 - 1/3,3*x*y**5/4,0,1,1,1,['c + 1'],False,,,,,,,,,,cert2_20.json
3*x**3*y**4 - 3*x - 2,7,True,-x**2*y**4 - 1/3,3*x*y**5/4,0,1,1,1,['c + 2'],False,,,,,,,,,,cert2_20.json
3*x**3*y**4 - 3*x - 3,7,True,-x**2*y**4 - 1/3,3*x*y**5/4,0,1,1,1,['c + 3'],False,,,,,,,,,,cert2_20.json
3*x**3*y**4 - x + 1,7,True,-9*x**2*y**4 - 1,27*x*y**5/4,0,1,1,1,['c - 1'],False,,,,,,,,,,cert2_20.json
3*x**3*y**4 - x + 2,7,True,-9*x**2*y**4 - 1,27*x*y**5/4,0,1,1,1,['c - 2'],False,,,,,,,,,,cert2_20.json
3*x**3*y**4 - x + 3,7,True,-9*x**2*y**4 - 1,27*x*y**5/4,0,1,1,1,['c - 3'],False,,,,,,,,,,cert2_20.json
3*x**3*y**4 - x - 1,7,True,-9*x**2*y**4 - 1,27*x*y**5/4,0,1,1,1,['c + 1'],False,,,,,,,,,,cert2_20.json
3*x**3*y**4 - x - 2,7,True,-9*x**2*y**4 - 1,27*x*y**5/4,0,1,1,1,['c + 2'],False,,,,,,,,,,cert2_20.json
3*x**3*y**4 - x - 3,7,True,-9*x**2*y**4 - 1,27*x*y**5/4,0,1,1,1,['c + 3'],False,,,,,,,,,,cert2_20.json
3*x**4*y**3 + 2*y + 1,7,True,27*x**5*y/16,-9*x**4*y**2/4 + 1/2,0,1,1,1,['c - 1'],False,,,,,,,,,,cert2_20.json
3*x**4*y**3 + 2*y + 2,7,True,27*x**5*y/16,-9*x**4*y**2/4 + 1/2,0,1,1,1,['c - 2'],False,,,,,,,,,,cert2_20.json
3*x**4*y**3 + 2*y + 3,7,True,27*x**5*y/16,-9*x**4*y**2/4 + 1/2,0,1,1,1,['c - 3'],False,,,,,,,,,,cert2_20.json
3*x**4*y**3 + 2*y - 1,7,True,27*x**5*y/16,-9*x**4*y**2/4 + 1/2,0,1,1,1,['c + 1'],False,,,,,,,,,,cert2_20.json
3*x**4*y**3 + 2*y - 2,7,True,27*x**5*y/16,-9*x**4*y**2/4 + 1/2,0,1,1,1,['c + 2'],False,,,,,,,,,,cert2_20.json
3*x**4*y**3 + 2*y - 3,7,True,27*x**5*y/16,-9*x**4*y**2/4 + 1/2,0,1,1,1,['c + 3'],False,,,,,,,,,,cert2_20.json
3*x**4*y**3 + 3*y + 1,7,True,3*x**5*y/4,-x**4*y**2 + 1/3,0,1,1,1,['c - 1'],False,,,,,,,,,,cert2_20.json
3*x**4*y**3 + 3*y + 2,7,True,3*x**5*y/4,-x**4*y**2 + 1/3,0,1,1,1,['c - 2'],False,,,,,,,,,,cert2_20.json
3*x**4*y**3 + 3*y + 3,7,True,3*x**5*y/4,-x**4*y**2 + 1/3,0,1,1,1,['c - 3'],False,,,,,,,,,,cert2_20.json
3*x**4*y**3 + 3*y - 1,7,True,3*x**5*y/4,-x**4*y**2 + 1/3,0,1,1,1,['c + 1'],False,,,,,,,,,,cert2_20.json
3*x**4*y**3 + 3*y - 2,7,True,3*x**5*y/4,-x**4*y**2 + 1/3,0,1,1,1,['c + 2'],False,,,,,,,,,,cert2_20.json
3*x**4*y**3 + 3*y - 3,7,True,3*x**5*y/4,-x**4*y**2 + 1/3,0,1,1,1,['c + 3'],False,,,,,,,,,,cert2_20.json
3*x**4*y**3 + x**2*y**2 + y + 1,7,True,72*x**5*y/11 + 41*x**3/22,-96*x**4*y**2/11 - 2*x**2*y + 1,0,1,1,1,['c - 1'],False,,,,,,,,,,cert20.json
3*x**4*y**3 + y + 1,7,True,27*x**5*y/4,-9*x**4*y**2 + 1,0,1,1,1,['c - 1'],False,,,,,,,,,,cert2_20.json
3*x**4*y**3 + y + 2,7,True,27*x**5*y/4,-9*x**4*y**2 + 1,0,1,1,1,['c - 2'],False,,,,,,,,,,cert2_20.json
3*x**4*y**3 + y + 3,7,True,27*x**5*y/4,-9*x**4*y**2 + 1,0,1,1,1,['c - 3'],False,,,,,,,,,,cert2_20.json
3*x**4*y**3 + y - 1,7,True,27*x**5*y/4,-9*x**4*y**2 + 1,0,1,1,1,['c + 1'],False,,,,,,,,,,cert2_20.json
3*x**4*y**3 + y - 2,7,True,27*x**5*y/4,-9*x**4*y**2 + 1,0,1,1,1,['c + 2'],False,,,,,,,,,,cert2_20.json
3*x**4*y**3 + y - 3,7,True,27*x**5*y/4,-9*x**4*y**2 + 1,0,1,1,1,['c + 3'],False,,,,,,,,,,cert2_20.json
3*x**4*y**3 - 2*y + 1,7,True,27*x**5*y/16,-9*x**4*y**2/4 - 1/2,0,1,1,1,['c - 1'],False,,,,,,,,,,cert2_20.json
3*x**4*y**3 - 2*y + 2,7,True,27*x**5*y/16,-9*x**4*y**2/4 - 1/2,0,1,1,1,['c - 2'],False,,,,,,,,,,cert2_20.json
3*x**4*y**3 - 2*y + 3,7,True,27*x**5*y/16,-9*x**4*y**2/4 - 1/2,0,1,1,1,['c - 3'],False,,,,,,,,,,cert2_20.json
3*x**4*y**3 - 2*y - 1,7,True,27*x**5*y/16,-9*x**4*y**2/4 - 1/2,0,1,1,1,['c + 1'],False,,,,,,,,,,cert2_20.json
3*x**4*y**3 - 2*y - 2,7,True,27*x**5*y/16,-9*x**4*y**2/4 - 1/2,0,1,1,1,['c + 2'],False,,,,,,,,,,cert2_20.json
3*x**4*y**3 - 2*y - 3,7,True,27*x**5*y/16,-9*x**4*y**2/4 - 1/2,0,1,1,1,['c + 3'],False,,,,,,,,,,cert2_20.json
3*x**4*y**3 - 3*y + 1,7,True,3*x**5*y/4,-x**4*y**2 - 1/3,0,1,1,1,['c - 1'],False,,,,,,,,,,cert2_20.json
3*x**4*y**3 - 3*y + 2,7,True,3*x**5*y/4,-x**4*y**2 - 1/3,0,1,1,1,['c - 2'],False,,,,,,,,,,cert2_20.json
3*x**4*y**3 - 3*y + 3,7,True,3*x**5*y/4,-x**4*y**2 - 1/3,0,1,1,1,['c - 3'],False,,,,,,,,,,cert2_20.json
3*x**4*y**3 - 3*y - 1,7,True,3*x**5*y/4,-x**4*y**2 - 1/3,0,1,1,1,['c + 1'],False,,,,,,,,,,cert2_20.json
3*x**4*y**3 - 3*y - 2,7,True,3*x**5*y/4,-x**4*y**2 - 1/3,0,1,1,1,['c + 2'],False,,,,,,,,,,cert2_20.json
3*x**4*y**3 - 3*y - 3,7,True,3*x**5*y/4,-x**4*y**2 - 1/3,0,1,1,1,['c + 3'],False,,,,,,,,,,cert2_20.json
3*x**4*y**3 - y + 1,7,True,27*x**5*y/4,-9*x**4*y**2 - 1,0,1,1,1,['c - 1'],False,,,,,,,,,,cert2_20.json
3*x**4*y**3 - y + 2,7,True,27*x**5*y/4,-9*x**4*y**2 - 1,0,1,1,1,['c - 2'],False,,,,,,,,,,cert2_20.json
3*x**4*y**3 - y + 3,7,True,27*x**5*y/4,-9*x**4*y**2 - 1,0,1,1,1,['c - 3'],False,,,,,,,,,,cert2_20.json
3*x**4*y**3 - y - 1,7,True,27*x**5*y/4,-9*x**4*y**2 - 1,0,1,1,1,['c + 1'],False,,,,,,,,,,cert2_20.json
3*x**4*y**3 - y - 2,7,True,27*x**5*y/4,-9*x**4*y**2 - 1,0,1,1,1,['c + 2'],False,,,,,,,,,,cert2_20.json
3*x**4*y**3 - y - 3,7,True,27*x**5*y/4,-9*x**4*y**2 - 1,0,1,1,1,['c + 3'],False,,,,,,,,,,cert2_20.json
3*x**5*y**2 + 2*y + 1,7,True,3*x**6/5,-3*x**5*y/2 + 1/2,0,2,2,1,['c - 1'],False,,,,,,,,,,cert2_20.json
3*x**5*y**2 + 2*y + 2,7,True,3*x**6/5,-3*x**5*y/2 + 1/2,0,2,2,1,['c - 2'],False,,,,,,,,,,cert2_20.json
3*x**5*y**2 + 2*y + 3,7,True,3*x**6/5,-3*x**5*y/2 + 1/2,0,2,2,1,['c - 3'],False,,,,,,,,,,cert2_20.json
3*x**5*y**2 + 2*y - 1,7,True,3*x**6/5,-3*x**5*y/2 + 1/2,0,2,2,1,['c + 1'],False,,,,,,,,,,cert2_20.json
3*x**5*y**2 + 2*y - 2,7,True,3*x**6/5,-3*x**5*y/2 + 1/2,0,2,2,1,['c + 2'],False,,,,,,,,,,cert2_20.json
3*x**5*y**2 + 2*y - 3,7,True,3*x**6/5,-3*x**5*y/2 + 1/2,0,2,2,1,['c + 3'],False,,,,,,,,,,cert2_20.json
3*x**5*y**2 + 3*y + 1,7,True,4*x**6/15,-2*x**5*y/3 + 1/3,0,2,2,1,['c - 1'],False,,,,,,,,,,cert2_20.json
3*x**5*y**2 + 3*y + 2,7,True,4*x**6/15,-2*x**5*y/3 + 1/3,0,2,2,1,['c - 2'],False,,,,,,,,,,cert2_20.json
3*x**5*y**2 + 3*y + 3,7,True,4*x**6/15,-2*x**5*y/3 + 1/3,0,2,2,1,['c - 3'],False,,,,,,,,,,cert2_20.json
3*x**5*y**2 + 3*y - 1,7,True,4*x**6/15,-2*x**5*y/3 + 1/3,0,2,2,1,['c + 1'],False,,,,,,,,,,cert2_20.json
3*x**5*y**2 + 3*y - 2,7,True,4*x**6/15,-2*x**5*y/3 + 1/3,0,2,2,1,['c + 2'],False,,,,,,,,,,cert2_20.json
3*x**5*y**2 + 3*y - 3,7,True,4*x**6/15,-2*x**5*y/3 + 1/3,0,2,2,1,['c + 3'],False,,,,,,,,,,cert2_20.json
3*x**5*y**2 + y + 1,7,True,12*x**6/5,-6*x**5*y + 1,0,2,2,1,['c - 1'],False,,,,,,,,,,cert2_20.json
3*x**5*y**2 + y + 2,7,True,12*x**6/5,-6*x**5*y + 1,0,2,2,1,['c - 2'],False,,,,,,,,,,cert2_20.json
3*x**5*y**2 + y + 3,7,True,12*x**6/5,-6*x**5*y + 1,0,2,2,1,['c - 3'],False,,,,,,,,,,cert2_20.json
3*x**5*y**2 + y - 1,7,True,12*x**6/5,-6*x**5*y + 1,0,2,2,1,['c + 1'],False,,,,,,,,,,cert2_20.json
3*x**5*y**2 + y - 2,7,True,12*x**6/5,-6*x**5*y + 1,0,2,2,1,['c + 2'],False,,,,,,,,,,cert2_20.json
3*x**5*y**2 + y - 3,7,True,12*x**6/5,-6*x**5*y + 1,0,2,2,1,['c + 3'],False,,,,,,,,,,cert2_20.json
3*x**5*y**2 - 2*y + 1,7,True,3*x**6/5,-3*x**5*y/2 - 1/2,0,2,2,1,['c - 1'],False,,,,,,,,,,cert2_20.json
3*x**5*y**2 - 2*y + 2,7,True,3*x**6/5,-3*x**5*y/2 - 1/2,0,2,2,1,['c - 2'],False,,,,,,,,,,cert2_20.json
3*x**5*y**2 - 2*y + 3,7,True,3*x**6/5,-3*x**5*y/2 - 1/2,0,2,2,1,['c - 3'],False,,,,,,,,,,cert2_20.json
3*x**5*y**2 - 2*y - 1,7,True,3*x**6/5,-3*x**5*y/2 - 1/2,0,2,2,1,['c + 1'],False,,,,,,,,,,cert2_20.json
3*x**5*y**2 - 2*y - 2,7,True,3*x**6/5,-3*x**5*y/2 - 1/2,0,2,2,1,['c + 2'],False,,,,,,,,,,cert2_20.json
3*x**5*y**2 - 2*y - 3,7,True,3*x**6/5,-3*x**5*y/2 - 1/2,0,2,2,1,['c + 3'],False,,,,,,,,,,cert2_20.json
3*x**5*y**2 - 3*y + 1,7,True,4*x**6/15,-2*x**5*y/3 - 1/3,0,2,2,1,['c - 1'],False,,,,,,,,,,cert2_20.json
3*x**5*y**2 - 3*y + 2,7,True,4*x**6/15,-2*x**5*y/3 - 1/3,0,2,2,1,['c - 2'],False,,,,,,,,,,cert2_20.json
3*x**5*y**2 - 3*y + 3,7,True,4*x**6/15,-2*x**5*y/3 - 1/3,0,2,2,1,['c - 3'],False,,,,,,,,,,cert2_20.json
3*x**5*y**2 - 3*y - 1,7,True,4*x**6/15,-2*x**5*y/3 - 1/3,0,2,2,1,['c + 1'],False,,,,,,,,,,cert2_20.json
3*x**5*y**2 - 3*y - 2,7,True,4*x**6/15,-2*x**5*y/3 - 1/3,0,2,2,1,['c + 2'],False,,,,,,,,,,cert2_20.json
3*x**5*y**2 - 3*y - 3,7,True,4*x**6/15,-2*x**5*y/3 - 1/3,0,2,2,1,['c + 3'],False,,,,,,,,,,cert2_20.json
3*x**5*y**2 - y + 1,7,True,12*x**6/5,-6*x**5*y - 1,0,2,2,1,['c - 1'],False,,,,,,,,,,cert2_20.json
3*x**5*y**2 - y + 2,7,True,12*x**6/5,-6*x**5*y - 1,0,2,2,1,['c - 2'],False,,,,,,,,,,cert2_20.json
3*x**5*y**2 - y + 3,7,True,12*x**6/5,-6*x**5*y - 1,0,2,2,1,['c - 3'],False,,,,,,,,,,cert2_20.json
3*x**5*y**2 - y - 1,7,True,12*x**6/5,-6*x**5*y - 1,0,2,2,1,['c + 1'],False,,,,,,,,,,cert2_20.json
3*x**5*y**2 - y - 2,7,True,12*x**6/5,-6*x**5*y - 1,0,2,2,1,['c + 2'],False,,,,,,,,,,cert2_20.json
3*x**5*y**2 - y - 3,7,True,12*x**6/5,-6*x**5*y - 1,0,2,2,1,['c + 3'],False,,,,,,,,,,cert2_20.json
x**2*y**5 + 2*x + 1,7,True,-x*y**5/2 + 1/2,y**6/5,0,2,2,1,['c - 1'],False,,,,,,,,,,cert2_20.json
x**2*y**5 + 2*x + 2,7,True,-x*y**5/2 + 1/2,y**6/5,0,2,2,1,['c - 2'],False,,,,,,,,,,cert2_20.json
x**2*y**5 + 2*x + 3,7,True,-x*y**5/2 + 1/2,y**6/5,0,2,2,1,['c - 3'],False,,,,,,,,,,cert2_20.json
x**2*y**5 + 2*x - 1,7,True,-x*y**5/2 + 1/2,y**6/5,0,2,2,1,['c + 1'],False,,,,,,,,,,cert2_20.json
x**2*y**5 + 2*x - 2,7,True,-x*y**5/2 + 1/2,y**6/5,0,2,2,1,['c + 2'],False,,,,,,,,,,cert2_20.json
x**2*y**5 + 2*x - 3,7,True,-x*y**5/2 + 1/2,y**6/5,0,2,2,1,['c + 3'],False,,,,,,,,,,cert2_20.json
x**2*y**5 + 3*x + 1,7,True,-2*x*y**5/9 + 1/3,4*y**6/45,0,2,2,1,['c - 1'],False,,,,,,,,,,cert2_20.json
x**2*y**5 + 3*x + 2,7,True,-2*x*y**5/9 + 1/3,4*y**6/45,0,2,2,1,['c - 2'],False,,,,,,,,,,cert2_20.json
x**2*y**5 + 3*x + 3,7,True,-2*x*y**5/9 + 1/3,4*y**6/45,0,2,2,1,['c - 3'],False,,,,,,,,,,cert2_20.json
x**2*y**5 + 3*x - 1,7,True,-2*x*y**5/9 + 1/3,4*y**6/45,0,2,2,1,['c + 1'],False,,,,,,,,,,cert2_20.json
x**2*y**5 + 3*x - 2,7,True,-2*x*y**5/9 + 1/3,4*y**6/45,0,2,2,1,['c + 2'],False,,,,,,,,,,cert2_20.json
x**2*y**5 + 3*x - 3,7,True,-2*x*y**5/9 + 1/3,4*y**6/45,0,2,2,1,['c + 3'],False,,,,,,,,,,cert2_20.json
x**2*y**5 + x + 1,7,True,-2*x*y**5 + 1,4*y**6/5,0,2,2,1,['c - 1'],False,,,,,,,,,,cert2_20.json
x**2*y**5 + x + 2,7,True,-2*x*y**5 + 1,4*y**6/5,0,2,2,1,['c - 2'],False,,,,,,,,,,cert2_20.json
x**2*y**5 + x + 3,7,True,-2*x*y**5 + 1,4*y**6/5,0,2,2,1,['c - 3'],False,,,,,,,,,,cert2_20.json
x**2*y**5 + x - 1,7,True,-2*x*y**5 + 1,4*y**6/5,0,2,2,1,['c + 1'],False,,,,,,,,,,cert2_20.json
x**2*y**5 + x - 2,7,True,-2*x*y**5 + 1,4*y**6/5,0,2,2,1,['c + 2'],False,,,,,,,,,,cert2_20.json
x**2*y**5 + x - 3,7,True,-2*x*y**5 + 1,4*y**6/5,0,2,2,1,['c + 3'],False,,,,,,,,,,cert2_20.json
x**2*y**5 - 2*x + 1,7,True,-x*y**5/2 - 1/2,y**6/5,0,2,2,1,['c - 1'],False,,,,,,,,,,cert2_20.json
x**2*y**5 - 2*x + 2,7,True,-x*y**5/2 - 1/2,y**6/5,0,2,2,1,['c - 2'],False,,,,,,,,,,cert2_20.json
x**2*y**5 - 2*x + 3,7,True,-x*y**5/2 - 1/2,y**6/5,0,2,2,1,['c - 3'],False,,,,,,,,,,cert2_20.json
x**2*y**5 - 2*x - 1,7,True,-x*y**5/2 - 1/2,y**6/5,0,2,2,1,['c + 1'],False,,,,,,,,,,cert2_20.json
x**2*y**5 - 2*x - 2,7,True,-x*y**5/2 - 1/2,y**6/5,0,2,2,1,['c + 2'],False,,,,,,,,,,cert2_20.json
x**2*y**5 - 2*x - 3,7,True,-x*y**5/2 - 1/2,y**6/5,0,2,2,1,['c + 3'],False,,,,,,,,,,cert2_20.json
x**2*y**5 - 3*x + 1,7,True,-2*x*y**5/9 - 1/3,4*y**6/45,0,2,2,1,['c - 1'],False,,,,,,,,,,cert2_20.json
x**2*y**5 - 3*x + 2,7,True,-2*x*y**5/9 - 1/3,4*y**6/45,0,2,2,1,['c - 2'],False,,,,,,,,,,cert2_20.json
x**2*y**5 - 3*x + 3,7,True,-2*x*y**5/9 - 1/3,4*y**6/45,0,2,2,1,['c - 3'],False,,,,,,,,,,cert2_20.json
x**2*y**5 - 3*x - 1,7,True,-2*x*y**5/9 - 1/3,4*y**6/45,0,2,2,1,['c + 1'],False,,,,,,,,,,cert2_20.json
x**2*y**5 - 3*x - 2,7,True,-2*x*y**5/9 - 1/3,4*y**6/45,0,2,2,1,['c + 2'],False,,,,,,,,,,cert2_20.json
x**2*y**5 - 3*x - 3,7,True,-2*x*y**5/9 - 1/3,4*y**6/45,0,2,2,1,['c + 3'],False,,,,,,,,,,cert2_20.json
x**2*y**5 - x + 1,7,True,-2*x*y**5 - 1,4*y**6/5,0,2,2,1,['c - 1'],False,,,,,,,,,,cert2_20.json
x**2*y**5 - x + 2,7,True,-2*x*y**5 - 1,4*y**6/5,0,2,2,1,['c - 2'],False,,,,,,,,,,cert2_20.json
x**2*y**5 - x + 3,7,True,-2*x*y**5 - 1,4*y**6/5,0,2,2,1,['c - 3'],False,,,,,,,,,,cert2_20.json
x**2*y**5 - x - 1,7,True,-2*x*y**5 - 1,4*y**6/5,0,2,2,1,['c + 1'],False,,,,,,,,,,cert2_20.json
x**2*y**5 - x - 2,7,True,-2*x*y**5 - 1,4*y**6/5,0,2,2,1,['c + 2'],False,,,,,,,,,,cert2_20.json
x**2*y**5 - x - 3,7,True,-2*x*y**5 - 1,4*y**6/5,0,2,2,1,['c + 3'],False,,,,,,,,,,cert2_20.json
x**3*y**4 + 2*x + 1,7,True,-3*x**2*y**4/4 + 1/2,9*x*y**5/16,0,1,1,1,['c - 1'],False,,,,,,,,,,cert2_20.json
x**3*y**4 + 2*x + 2,7,True,-3*x**2*y**4/4 + 1/2,9*x*y**5/16,0,1,1,1,['c - 2'],False,,,,,,,,,,cert2_20.json
x**3*y**4 + 2*x + 3,7,True,-3*x**2*y**4/4 + 1/2,9*x*y**5/16,0,1,1,1,['c - 3'],False,,,,,,,,,,cert2_20.json
x**3*y**4 + 2*x - 1,7,True,-3*x**2*y**4/4 + 1/2,9*x*y**5/16,0,1,1,1,['c + 1'],False,,,,,,,,,,cert2_20.json
x**3*y**4 + 2*x - 2,7,True,-3*x**2*y**4/4 + 1/2,9*x*y**5/16,0,1,1,1,['c + 2'],False,,,,,,,,,,cert2_20.json
x**3*y**4 + 2*x - 3,7,True,-3*x**2*y**4/4 + 1/2,9*x*y**5/16,0,1,1,1,['c + 3'],False,,,,,,,,,,cert2_20.json
x**3*y**4 + 3*x + 1,7,True,-x**2*y**4/3 + 1/3,x*y**5/4,0,1,1,1,['c - 1'],False,,,,,,,,,,cert2_20.json
x**3*y**4 + 3*x + 2,7,True,-x**2*y**4/3 + 1/3,x*y**5/4,0,1,1,1,['c - 2'],False,,,,,,,,,,cert2_20.json
x**3*y**4 + 3*x + 3,7,True,-x**2*y**4/3 + 1/3,x*y**5/4,0,1,1,1,['c - 3'],False,,,,,,,,,,cert2_20.json
x**3*y**4 + 3*x - 1,7,True,-x**2*y**4/3 + 1/3,x*y**5/4,0,1,1,1,['c + 1'],False,,,,,,,,,,cert2_20.json
x**3*y**4 + 3*x - 2,7,True,-x**2*y**4/3 + 1/3,x*y**5/4,0,1,1,1,['c + 2'],False,,,,,,,,,,cert2_20.json
x**3*y**4 + 3*x - 3,7,True,-x**2*y**4/3 + 1/3,x*y**5/4,0,1,1,1,['c + 3'],False,,,,,,,,,,cert2_20.json
x**3*y**4 + x + 1,7,True,-3*x**2*y**4 + 1,9*x*y**5/4,0,1,1,1,['c - 1'],False,,,,,,,,,,cert2_20.json
x**3*y**4 + x + 2,7,True,-3*x**2*y**4 + 1,9*x*y**5/4,0,1,1,1,['c - 2'],False,,,,,,,,,,cert2_20.json
x**3*y**4 + x + 3,7,True,-3*x**2*y**4 + 1,9*x*y**5/4,0,1,1,1,['c - 3'],False,,,,,,,,,,cert2_20.json
x**3*y**4 + x - 1,7,True,-3*x**2*y**4 + 1,9*x*y**5/4,0,1,1,1,['c + 1'],False,,,,,,,,,,cert2_20.json
x**3*y**4 + x - 2,7,True,-3*x**2*y**4 + 1,9*x*y**5/4,0,1,1,1,['c + 2'],False,,,,,,,,,,cert2_20.json
x**3*y**4 + x - 3,7,True,-3*x**2*y**4 + 1,9*x*y**5/4,0,1,1,1,['c + 3'],False,,,,,,,,,,cert2_20.json
x**3*y**4 - 2*x + 1,7,True,-3*x**2*y**4/4 - 1/2,9*x*y**5/16,0,1,1,1,['c - 1'],False,,,,,,,,,,cert2_20.json
x**3*y**4 - 2*x + 2,7,True,-3*x**2*y**4/4 - 1/2,9*x*y**5/16,0,1,1,1,['c - 2'],False,,,,,,,,,,cert2_20.json
x**3*y**4 - 2*x + 3,7,True,-3*x**2*y**4/4 - 1/2,9*x*y**5/16,0,1,1,1,['c - 3'],False,,,,,,,,,,cert2_20.json
x**3*y**4 - 2*x - 1,7,True,-3*x**2*y**4/4 - 1/2,9*x*y**5/16,0,1,1,1,['c + 1'],False,,,,,,,,,,cert2_20.json
x**3*y**4 - 2*x - 2,7,True,-3*x**2*y**4/4 - 1/2,9*x*y**5/16,0,1,1,1,['c + 2'],False,,,,,,,,,,cert2_20.json
x**3*y**4 - 2*x - 3,7,True,-3*x**2*y**4/4 - 1/2,9*x*y**5/16,0,1,1,1,['c + 3'],False,,,,,,,,,,cert2_20.json
x**3*y**4 - 3*x + 1,7,True,-x**2*y**4/3 - 1/3,x*y**5/4,0,1,1,1,['c - 1'],False,,,,,,,,,,cert2_20.json
x**3*y**4 - 3*x + 2,7,True,-x**2*y**4/3 - 1/3,x*y**5/4,0,1,1,1,['c - 2'],False,,,,,,,,,,cert2_20.json
x**3*y**4 - 3*x + 3,7,True,-x**2*y**4/3 - 1/3,x*y**5/4,0,1,1,1,['c - 3'],False,,,,,,,,,,cert2_20.json
x**3*y**4 - 3*x - 1,7,True,-x**2*y**4/3 - 1/3,x*y**5/4,0,1,1,1,['c + 1'],False,,,,,,,,,,cert2_20.json
x**3*y**4 - 3*x - 2,7,True,-x**2*y**4/3 - 1/3,x*y**5/4,0,1,1,1,['c + 2'],False,,,,,,,,,,cert2_20.json
x**3*y**4 - 3*x - 3,7,True,-x**2*y**4/3 - 1/3,x*y**5/4,0,1,1,1,['c + 3'],False,,,,,,,,,,cert2_20.json
x**3*y**4 - x + 1,7,True,-3*x**2*y**4 - 1,9*x*y**5/4,0,1,1,1,['c - 1'],False,,,,,,,,,,cert2_20.json
x**3*y**4 - x + 2,7,True,-3*x**2*y**4 - 1,9*x*y**5/4,0,1,1,1,['c - 2'],False,,,,,,,,,,cert2_20.json
x**3*y**4 - x + 3,7,True,-3*x**2*y**4 - 1,9*x*y**5/4,0,1,1,1,['c - 3'],False,,,,,,,,,,cert2_20.json
x**3*y**4 - x - 1,7,True,-3*x**2*y**4 - 1,9*x*y**5/4,0,1,1,1,['c + 1'],False,,,,,,,,,,cert2_20.json
x**3*y**4 - x - 2,7,True,-3*x**2*y**4 - 1,9*x*y**5/4,0,1,1,1,['c + 2'],False,,,,,,,,,,cert2_20.json
x**3*y**4 - x - 3,7,True,-3*x**2*y**4 - 1,9*x*y**5/4,0,1,1,1,['c + 3'],False,,,,,,,,,,cert2_20.json
x**4*y**3 + 2*y + 1,7,True,9*x**5*y/16,-3*x**4*y**2/4 + 1/2,0,1,1,1,['c - 1'],False,,,,,,,,,,cert2_20.json
x**4*y**3 + 2*y + 2,7,True,9*x**5*y/16,-3*x**4*y**2/4 + 1/2,0,1,1,1,['c - 2'],False,,,,,,,,,,cert2_20.json
x**4*y**3 + 2*y + 3,7,True,9*x**5*y/16,-3*x**4*y**2/4 + 1/2,0,1,1,1,['c - 3'],False,,,,,,,,,,cert2_20.json
x**4*y**3 + 2*y - 1,7,True,9*x**5*y/16,-3*x**4*y**2/4 + 1/2,0,1,1,1,['c + 1'],False,,,,,,,,,,cert2_20.json
x**4*y**3 + 2*y - 2,7,True,9*x**5*y/16,-3*x**4*y**2/4 + 1/2,0,1,1,1,['c + 2'],False,,,,,,,,,,cert2_20.json
x**4*y**3 + 2*y - 3,7,True,9*x**5*y/16,-3*x**4*y**2/4 + 1/2,0,1,1,1,['c + 3'],False,,,,,,,,,,cert2_20.json
x**4*y**3 + 3*y + 1,7,True,x**5*y/4,-x**4*y**2/3 + 1/3,0,1,1,1,['c - 1'],False,,,,,,,,,,cert2_20.json
x**4*y**3 + 3*y + 2,7,True,x**5*y/4,-x**4*y**2/3 + 1/3,0,1,1,1,['c - 2'],False,,,,,,,,,,cert2_20.json
x**4*y**3 + 3*y + 3,7,True,x**5*y/4,-x**4*y**2/3 + 1/3,0,1,1,1,['c - 3'],False,,,,,,,,,,cert2_20.json
x**4*y**3 + 3*y - 1,7,True,x**5*y/4,-x**4*y**2/3 + 1/3,0,1,1,1,['c + 1'],False,,,,,,,,,,cert2_20.json
x**4*y**3 + 3*y - 2,7,True,x**5*y/4,-x**4*y**2/3 + 1/3,0,1,1,1,['c + 2'],False,,,,,,,,,,cert2_20.json
x**4*y**3 + 3*y - 3,7,True,x**5*y/4,-x**4*y**2/3 + 1/3,0,1,1,1,['c + 3'],False,,,,,,,,,,cert2_20.json
x**4*y**3 + x**2*y**2 + y + 1,7,True,2*x**5*y + 11*x**3/6,-8*x**4*y**2/3 - 2*x**2*y + 1,0,1,1,1,['c - 1'],False,,,,,,,,,,cert20.json
x**4*y**3 + y + 1,7,True,9*x**5*y/4,-3*x**4*y**2 + 1,0,1,1,1,['c - 1'],False,EMPTY,14,2,4,True,lam-505d96e06a-D14,False,None,15,cert20.json
x**4*y**3 + y + 2,7,True,9*x**5*y/4,-3*x**4*y**2 + 1,0,1,1,1,['c - 2'],False,,,,,,,,,,cert2_20.json
x**4*y**3 + y + 3,7,True,9*x**5*y/4,-3*x**4*y**2 + 1,0,1,1,1,['c - 3'],False,,,,,,,,,,cert2_20.json
x**4*y**3 + y - 1,7,True,9*x**5*y/4,-3*x**4*y**2 + 1,0,1,1,1,['c + 1'],False,,,,,,,,,,cert2_20.json
x**4*y**3 + y - 2,7,True,9*x**5*y/4,-3*x**4*y**2 + 1,0,1,1,1,['c + 2'],False,,,,,,,,,,cert2_20.json
x**4*y**3 + y - 3,7,True,9*x**5*y/4,-3*x**4*y**2 + 1,0,1,1,1,['c + 3'],False,,,,,,,,,,cert2_20.json
x**4*y**3 - 2*y + 1,7,True,9*x**5*y/16,-3*x**4*y**2/4 - 1/2,0,1,1,1,['c - 1'],False,,,,,,,,,,cert2_20.json
x**4*y**3 - 2*y + 2,7,True,9*x**5*y/16,-3*x**4*y**2/4 - 1/2,0,1,1,1,['c - 2'],False,,,,,,,,,,cert2_20.json
x**4*y**3 - 2*y + 3,7,True,9*x**5*y/16,-3*x**4*y**2/4 - 1/2,0,1,1,1,['c - 3'],False,,,,,,,,,,cert2_20.json
x**4*y**3 - 2*y - 1,7,True,9*x**5*y/16,-3*x**4*y**2/4 - 1/2,0,1,1,1,['c + 1'],False,,,,,,,,,,cert2_20.json
x**4*y**3 - 2*y - 2,7,True,9*x**5*y/16,-3*x**4*y**2/4 - 1/2,0,1,1,1,['c + 2'],False,,,,,,,,,,cert2_20.json
x**4*y**3 - 2*y - 3,7,True,9*x**5*y/16,-3*x**4*y**2/4 - 1/2,0,1,1,1,['c + 3'],False,,,,,,,,,,cert2_20.json
x**4*y**3 - 3*y + 1,7,True,x**5*y/4,-x**4*y**2/3 - 1/3,0,1,1,1,['c - 1'],False,,,,,,,,,,cert2_20.json
x**4*y**3 - 3*y + 2,7,True,x**5*y/4,-x**4*y**2/3 - 1/3,0,1,1,1,['c - 2'],False,,,,,,,,,,cert2_20.json
x**4*y**3 - 3*y + 3,7,True,x**5*y/4,-x**4*y**2/3 - 1/3,0,1,1,1,['c - 3'],False,,,,,,,,,,cert2_20.json
x**4*y**3 - 3*y - 1,7,True,x**5*y/4,-x**4*y**2/3 - 1/3,0,1,1,1,['c + 1'],False,,,,,,,,,,cert2_20.json
x**4*y**3 - 3*y - 2,7,True,x**5*y/4,-x**4*y**2/3 - 1/3,0,1,1,1,['c + 2'],False,,,,,,,,,,cert2_20.json
x**4*y**3 - 3*y - 3,7,True,x**5*y/4,-x**4*y**2/3 - 1/3,0,1,1,1,['c + 3'],False,,,,,,,,,,cert2_20.json
x**4*y**3 - y + 1,7,True,9*x**5*y/4,-3*x**4*y**2 - 1,0,1,1,1,['c - 1'],False,EMPTY,14,2,4,True,lam-0d5fb404b1-D14,False,None,31,cert2_20.json
x**4*y**3 - y + 2,7,True,9*x**5*y/4,-3*x**4*y**2 - 1,0,1,1,1,['c - 2'],False,,,,,,,,,,cert2_20.json
x**4*y**3 - y + 3,7,True,9*x**5*y/4,-3*x**4*y**2 - 1,0,1,1,1,['c - 3'],False,,,,,,,,,,cert2_20.json
x**4*y**3 - y - 1,7,True,9*x**5*y/4,-3*x**4*y**2 - 1,0,1,1,1,['c + 1'],False,EMPTY,14,2,4,True,lam-87b9483f89-D14,False,None,31,cert2_20.json
x**4*y**3 - y - 2,7,True,9*x**5*y/4,-3*x**4*y**2 - 1,0,1,1,1,['c + 2'],False,,,,,,,,,,cert2_20.json
x**4*y**3 - y - 3,7,True,9*x**5*y/4,-3*x**4*y**2 - 1,0,1,1,1,['c + 3'],False,,,,,,,,,,cert2_20.json
x**4*y**3/2 + x**2*y**2 + y + 1,7,True,3*x**5*y/4 + 7*x**3/4,-x**4*y**2 - 2*x**2*y + 1,0,1,1,1,['c - 1'],False,,,,,,,,,,cert20c.json
x**5*y**2 + 2*y + 1,7,True,x**6/5,-x**5*y/2 + 1/2,0,2,2,1,['c - 1'],False,,,,,,,,,,cert2_20.json
x**5*y**2 + 2*y + 2,7,True,x**6/5,-x**5*y/2 + 1/2,0,2,2,1,['c - 2'],False,,,,,,,,,,cert2_20.json
x**5*y**2 + 2*y + 3,7,True,x**6/5,-x**5*y/2 + 1/2,0,2,2,1,['c - 3'],False,,,,,,,,,,cert2_20.json
x**5*y**2 + 2*y - 1,7,True,x**6/5,-x**5*y/2 + 1/2,0,2,2,1,['c + 1'],False,,,,,,,,,,cert2_20.json
x**5*y**2 + 2*y - 2,7,True,x**6/5,-x**5*y/2 + 1/2,0,2,2,1,['c + 2'],False,,,,,,,,,,cert2_20.json
x**5*y**2 + 2*y - 3,7,True,x**6/5,-x**5*y/2 + 1/2,0,2,2,1,['c + 3'],False,,,,,,,,,,cert2_20.json
x**5*y**2 + 3*y + 1,7,True,4*x**6/45,-2*x**5*y/9 + 1/3,0,2,2,1,['c - 1'],False,,,,,,,,,,cert2_20.json
x**5*y**2 + 3*y + 2,7,True,4*x**6/45,-2*x**5*y/9 + 1/3,0,2,2,1,['c - 2'],False,,,,,,,,,,cert2_20.json
x**5*y**2 + 3*y + 3,7,True,4*x**6/45,-2*x**5*y/9 + 1/3,0,2,2,1,['c - 3'],False,,,,,,,,,,cert2_20.json
x**5*y**2 + 3*y - 1,7,True,4*x**6/45,-2*x**5*y/9 + 1/3,0,2,2,1,['c + 1'],False,,,,,,,,,,cert2_20.json
x**5*y**2 + 3*y - 2,7,True,4*x**6/45,-2*x**5*y/9 + 1/3,0,2,2,1,['c + 2'],False,,,,,,,,,,cert2_20.json
x**5*y**2 + 3*y - 3,7,True,4*x**6/45,-2*x**5*y/9 + 1/3,0,2,2,1,['c + 3'],False,,,,,,,,,,cert2_20.json
x**5*y**2 + y + 1,7,True,4*x**6/5,-2*x**5*y + 1,0,2,2,1,['c - 1'],False,EMPTY,14,2,4,True,lam-f08a93028d-D14,False,None,15,cert20.json
x**5*y**2 + y + 2,7,True,4*x**6/5,-2*x**5*y + 1,0,2,2,1,['c - 2'],False,,,,,,,,,,cert2_20.json
x**5*y**2 + y + 3,7,True,4*x**6/5,-2*x**5*y + 1,0,2,2,1,['c - 3'],False,,,,,,,,,,cert2_20.json
x**5*y**2 + y - 1,7,True,4*x**6/5,-2*x**5*y + 1,0,2,2,1,['c + 1'],False,,,,,,,,,,cert2_20.json
x**5*y**2 + y - 2,7,True,4*x**6/5,-2*x**5*y + 1,0,2,2,1,['c + 2'],False,,,,,,,,,,cert2_20.json
x**5*y**2 + y - 3,7,True,4*x**6/5,-2*x**5*y + 1,0,2,2,1,['c + 3'],False,,,,,,,,,,cert2_20.json
x**5*y**2 - 2*y + 1,7,True,x**6/5,-x**5*y/2 - 1/2,0,2,2,1,['c - 1'],False,,,,,,,,,,cert2_20.json
x**5*y**2 - 2*y + 2,7,True,x**6/5,-x**5*y/2 - 1/2,0,2,2,1,['c - 2'],False,,,,,,,,,,cert2_20.json
x**5*y**2 - 2*y + 3,7,True,x**6/5,-x**5*y/2 - 1/2,0,2,2,1,['c - 3'],False,,,,,,,,,,cert2_20.json
x**5*y**2 - 2*y - 1,7,True,x**6/5,-x**5*y/2 - 1/2,0,2,2,1,['c + 1'],False,,,,,,,,,,cert2_20.json
x**5*y**2 - 2*y - 2,7,True,x**6/5,-x**5*y/2 - 1/2,0,2,2,1,['c + 2'],False,,,,,,,,,,cert2_20.json
x**5*y**2 - 2*y - 3,7,True,x**6/5,-x**5*y/2 - 1/2,0,2,2,1,['c + 3'],False,,,,,,,,,,cert2_20.json
x**5*y**2 - 3*y + 1,7,True,4*x**6/45,-2*x**5*y/9 - 1/3,0,2,2,1,['c - 1'],False,,,,,,,,,,cert2_20.json
x**5*y**2 - 3*y + 2,7,True,4*x**6/45,-2*x**5*y/9 - 1/3,0,2,2,1,['c - 2'],False,,,,,,,,,,cert2_20.json
x**5*y**2 - 3*y + 3,7,True,4*x**6/45,-2*x**5*y/9 - 1/3,0,2,2,1,['c - 3'],False,,,,,,,,,,cert2_20.json
x**5*y**2 - 3*y - 1,7,True,4*x**6/45,-2*x**5*y/9 - 1/3,0,2,2,1,['c + 1'],False,,,,,,,,,,cert2_20.json
x**5*y**2 - 3*y - 2,7,True,4*x**6/45,-2*x**5*y/9 - 1/3,0,2,2,1,['c + 2'],False,,,,,,,,,,cert2_20.json
x**5*y**2 - 3*y - 3,7,True,4*x**6/45,-2*x**5*y/9 - 1/3,0,2,2,1,['c + 3'],False,,,,,,,,,,cert2_20.json
x**5*y**2 - y + 1,7,True,4*x**6/5,-2*x**5*y - 1,0,2,2,1,['c - 1'],False,EMPTY,14,2,4,True,lam-dc164cddf8-D14,False,None,15,cert2_20.json
x**5*y**2 - y + 2,7,True,4*x**6/5,-2*x**5*y - 1,0,2,2,1,['c - 2'],False,,,,,,,,,,cert2_20.json
x**5*y**2 - y + 3,7,True,4*x**6/5,-2*x**5*y - 1,0,2,2,1,['c - 3'],False,,,,,,,,,,cert2_20.json
x**5*y**2 - y - 1,7,True,4*x**6/5,-2*x**5*y - 1,0,2,2,1,['c + 1'],False,EMPTY,14,2,4,True,lam-8168442def-D14,False,None,15,cert2_20.json
x**5*y**2 - y - 2,7,True,4*x**6/5,-2*x**5*y - 1,0,2,2,1,['c + 2'],False,,,,,,,,,,cert2_20.json
x**5*y**2 - y - 3,7,True,4*x**6/5,-2*x**5*y - 1,0,2,2,1,['c + 3'],False,,,,,,,,,,cert2_20.json
-x**3*y**5 + y + 1,8,True,-25*x**4*y**3/3,5*x**3*y**4 + 1,0,1,1,1,['c - 1'],False,EMPTY,16,2,4,True,lam-81fe753e47-D16,False,None,72,cert20.json
-x**5*y**3 + y + 1,8,True,-9*x**6*y/5,3*x**5*y**2 + 1,0,2,2,1,['c - 1'],False,EMPTY,16,2,4,True,lam-ce798da440-D16,False,None,72,cert20.json
-x**6*y**2 + y + 1,8,True,-2*x**7/3,2*x**6*y + 1,0,2,2,1,['c - 1'],False,EMPTY,16,2,4,True,lam-3f4a9dcbe6-D16,False,None,72,cert20.json
2*x**2*y**6 + 2*x + 1,8,True,-x*y**6 + 1/2,y**7/3,0,2,2,1,['c - 1'],False,,,,,,,,,,cert2_20.json
2*x**2*y**6 + 2*x + 2,8,True,-x*y**6 + 1/2,y**7/3,0,2,2,1,['c - 2'],False,,,,,,,,,,cert2_20.json
2*x**2*y**6 + 2*x + 3,8,True,-x*y**6 + 1/2,y**7/3,0,2,2,1,['c - 3'],False,,,,,,,,,,cert2_20.json
2*x**2*y**6 + 2*x - 1,8,True,-x*y**6 + 1/2,y**7/3,0,2,2,1,['c + 1'],False,,,,,,,,,,cert2_20.json
2*x**2*y**6 + 2*x - 2,8,True,-x*y**6 + 1/2,y**7/3,0,2,2,1,['c + 2'],False,,,,,,,,,,cert2_20.json
2*x**2*y**6 + 2*x - 3,8,True,-x*y**6 + 1/2,y**7/3,0,2,2,1,['c + 3'],False,,,,,,,,,,cert2_20.json
2*x**2*y**6 + 3*x + 1,8,True,-4*x*y**6/9 + 1/3,4*y**7/27,0,2,2,1,['c - 1'],False,,,,,,,,,,cert2_20.json
2*x**2*y**6 + 3*x + 2,8,True,-4*x*y**6/9 + 1/3,4*y**7/27,0,2,2,1,['c - 2'],False,,,,,,,,,,cert2_20.json
2*x**2*y**6 + 3*x + 3,8,True,-4*x*y**6/9 + 1/3,4*y**7/27,0,2,2,1,['c - 3'],False,,,,,,,,,,cert2_20.json
2*x**2*y**6 + 3*x - 1,8,True,-4*x*y**6/9 + 1/3,4*y**7/27,0,2,2,1,['c + 1'],False,,,,,,,,,,cert2_20.json
2*x**2*y**6 + 3*x - 2,8,True,-4*x*y**6/9 + 1/3,4*y**7/27,0,2,2,1,['c + 2'],False,,,,,,,,,,cert2_20.json
2*x**2*y**6 + 3*x - 3,8,True,-4*x*y**6/9 + 1/3,4*y**7/27,0,2,2,1,['c + 3'],False,,,,,,,,,,cert2_20.json
2*x**2*y**6 + x + 1,8,True,-4*x*y**6 + 1,4*y**7/3,0,2,2,1,['c - 1'],False,,,,,,,,,,cert2_20.json
2*x**2*y**6 + x + 2,8,True,-4*x*y**6 + 1,4*y**7/3,0,2,2,1,['c - 2'],False,,,,,,,,,,cert2_20.json
2*x**2*y**6 + x + 3,8,True,-4*x*y**6 + 1,4*y**7/3,0,2,2,1,['c - 3'],False,,,,,,,,,,cert2_20.json
2*x**2*y**6 + x - 1,8,True,-4*x*y**6 + 1,4*y**7/3,0,2,2,1,['c + 1'],False,,,,,,,,,,cert2_20.json
2*x**2*y**6 + x - 2,8,True,-4*x*y**6 + 1,4*y**7/3,0,2,2,1,['c + 2'],False,,,,,,,,,,cert2_20.json
2*x**2*y**6 + x - 3,8,True,-4*x*y**6 + 1,4*y**7/3,0,2,2,1,['c + 3'],False,,,,,,,,,,cert2_20.json
2*x**2*y**6 - 2*x + 1,8,True,-x*y**6 - 1/2,y**7/3,0,2,2,1,['c - 1'],False,,,,,,,,,,cert2_20.json
2*x**2*y**6 - 2*x + 2,8,True,-x*y**6 - 1/2,y**7/3,0,2,2,1,['c - 2'],False,,,,,,,,,,cert2_20.json
2*x**2*y**6 - 2*x + 3,8,True,-x*y**6 - 1/2,y**7/3,0,2,2,1,['c - 3'],False,,,,,,,,,,cert2_20.json
2*x**2*y**6 - 2*x - 1,8,True,-x*y**6 - 1/2,y**7/3,0,2,2,1,['c + 1'],False,,,,,,,,,,cert2_20.json
2*x**2*y**6 - 2*x - 2,8,True,-x*y**6 - 1/2,y**7/3,0,2,2,1,['c + 2'],False,,,,,,,,,,cert2_20.json
2*x**2*y**6 - 2*x - 3,8,True,-x*y**6 - 1/2,y**7/3,0,2,2,1,['c + 3'],False,,,,,,,,,,cert2_20.json
2*x**2*y**6 - 3*x + 1,8,True,-4*x*y**6/9 - 1/3,4*y**7/27,0,2,2,1,['c - 1'],False,,,,,,,,,,cert2_20.json
2*x**2*y**6 - 3*x + 2,8,True,-4*x*y**6/9 - 1/3,4*y**7/27,0,2,2,1,['c - 2'],False,,,,,,,,,,cert2_20.json
2*x**2*y**6 - 3*x + 3,8,True,-4*x*y**6/9 - 1/3,4*y**7/27,0,2,2,1,['c - 3'],False,,,,,,,,,,cert2_20.json
2*x**2*y**6 - 3*x - 1,8,True,-4*x*y**6/9 - 1/3,4*y**7/27,0,2,2,1,['c + 1'],False,,,,,,,,,,cert2_20.json
2*x**2*y**6 - 3*x - 2,8,True,-4*x*y**6/9 - 1/3,4*y**7/27,0,2,2,1,['c + 2'],False,,,,,,,,,,cert2_20.json
2*x**2*y**6 - 3*x - 3,8,True,-4*x*y**6/9 - 1/3,4*y**7/27,0,2,2,1,['c + 3'],False,,,,,,,,,,cert2_20.json
2*x**2*y**6 - x + 1,8,True,-4*x*y**6 - 1,4*y**7/3,0,2,2,1,['c - 1'],False,,,,,,,,,,cert2_20.json
2*x**2*y**6 - x + 2,8,True,-4*x*y**6 - 1,4*y**7/3,0,2,2,1,['c - 2'],False,,,,,,,,,,cert2_20.json
2*x**2*y**6 - x + 3,8,True,-4*x*y**6 - 1,4*y**7/3,0,2,2,1,['c - 3'],False,,,,,,,,,,cert2_20.json
2*x**2*y**6 - x - 1,8,True,-4*x*y**6 - 1,4*y**7/3,0,2,2,1,['c + 1'],False,,,,,,,,,,cert2_20.json
2*x**2*y**6 - x - 2,8,True,-4*x*y**6 - 1,4*y**7/3,0,2,2,1,['c + 2'],False,,,,,,,,,,cert2_20.json
2*x**2*y**6 - x - 3,8,True,-4*x*y**6 - 1,4*y**7/3,0,2,2,1,['c + 3'],False,,,,,,,,,,cert2_20.json
2*x**3*y**5 + 2*x + 1,8,True,-3*x**2*y**5/2 + 1/2,9*x*y**6/10,0,2,2,1,['c - 1'],False,,,,,,,,,,cert2_20.json
2*x**3*y**5 + 2*x + 2,8,True,-3*x**2*y**5/2 + 1/2,9*x*y**6/10,0,2,2,1,['c - 2'],False,,,,,,,,,,cert2_20.json
2*x**3*y**5 + 2*x + 3,8,True,-3*x**2*y**5/2 + 1/2,9*x*y**6/10,0,2,2,1,['c - 3'],False,,,,,,,,,,cert2_20.json
2*x**3*y**5 + 2*x - 1,8,True,-3*x**2*y**5/2 + 1/2,9*x*y**6/10,0,2,2,1,['c + 1'],False,,,,,,,,,,cert2_20.json
2*x**3*y**5 + 2*x - 2,8,True,-3*x**2*y**5/2 + 1/2,9*x*y**6/10,0,2,2,1,['c + 2'],False,,,,,,,,,,cert2_20.json
2*x**3*y**5 + 2*x - 3,8,True,-3*x**2*y**5/2 + 1/2,9*x*y**6/10,0,2,2,1,['c + 3'],False,,,,,,,,,,cert2_20.json
2*x**3*y**5 + 2*y + 1,8,True,25*x**4*y**3/6,-5*x**3*y**4/2 + 1/2,0,1,1,1,['c - 1'],False,,,,,,,,,,cert2_20.json
2*x**3*y**5 + 2*y + 2,8,True,25*x**4*y**3/6,-5*x**3*y**4/2 + 1/2,0,1,1,1,['c - 2'],False,,,,,,,,,,cert2_20.json
2*x**3*y**5 + 2*y + 3,8,True,25*x**4*y**3/6,-5*x**3*y**4/2 + 1/2,0,1,1,1,['c - 3'],False,,,,,,,,,,cert2_20.json
2*x**3*y**5 + 2*y - 1,8,True,25*x**4*y**3/6,-5*x**3*y**4/2 + 1/2,0,1,1,1,['c + 1'],False,,,,,,,,,,cert2_20.json
2*x**3*y**5 + 2*y - 2,8,True,25*x**4*y**3/6,-5*x**3*y**4/2 + 1/2,0,1,1,1,['c + 2'],False,,,,,,,,,,cert2_20.json
2*x**3*y**5 + 2*y - 3,8,True,25*x**4*y**3/6,-5*x**3*y**4/2 + 1/2,0,1,1,1,['c + 3'],False,,,,,,,,,,cert2_20.json
2*x**3*y**5 + 3*x + 1,8,True,-2*x**2*y**5/3 + 1/3,2*x*y**6/5,0,2,2,1,['c - 1'],False,,,,,,,,,,cert2_20.json
2*x**3*y**5 + 3*x + 2,8,True,-2*x**2*y**5/3 + 1/3,2*x*y**6/5,0,2,2,1,['c - 2'],False,,,,,,,,,,cert2_20.json
2*x**3*y**5 + 3*x + 3,8,True,-2*x**2*y**5/3 + 1/3,2*x*y**6/5,0,2,2,1,['c - 3'],False,,,,,,,,,,cert2_20.json
2*x**3*y**5 + 3*x - 1,8,True,-2*x**2*y**5/3 + 1/3,2*x*y**6/5,0,2,2,1,['c + 1'],False,,,,,,,,,,cert2_20.json
2*x**3*y**5 + 3*x - 2,8,True,-2*x**2*y**5/3 + 1/3,2*x*y**6/5,0,2,2,1,['c + 2'],False,,,,,,,,,,cert2_20.json
2*x**3*y**5 + 3*x - 3,8,True,-2*x**2*y**5/3 + 1/3,2*x*y**6/5,0,2,2,1,['c + 3'],False,,,,,,,,,,cert2_20.json
2*x**3*y**5 + 3*y + 1,8,True,50*x**4*y**3/27,-10*x**3*y**4/9 + 1/3,0,1,1,1,['c - 1'],False,,,,,,,,,,cert2_20.json
2*x**3*y**5 + 3*y + 2,8,True,50*x**4*y**3/27,-10*x**3*y**4/9 + 1/3,0,1,1,1,['c - 2'],False,,,,,,,,,,cert2_20.json
2*x**3*y**5 + 3*y + 3,8,True,50*x**4*y**3/27,-10*x**3*y**4/9 + 1/3,0,1,1,1,['c - 3'],False,,,,,,,,,,cert2_20.json
2*x**3*y**5 + 3*y - 1,8,True,50*x**4*y**3/27,-10*x**3*y**4/9 + 1/3,0,1,1,1,['c + 1'],False,,,,,,,,,,cert2_20.json
2*x**3*y**5 + 3*y - 2,8,True,50*x**4*y**3/27,-10*x**3*y**4/9 + 1/3,0,1,1,1,['c + 2'],False,,,,,,,,,,cert2_20.json
2*x**3*y**5 + 3*y - 3,8,True,50*x**4*y**3/27,-10*x**3*y**4/9 + 1/3,0,1,1,1,['c + 3'],False,,,,,,,,,,cert2_20.json
2*x**3*y**5 + x + 1,8,True,-6*x**2*y**5 + 1,18*x*y**6/5,0,2,2,1,['c - 1'],False,,,,,,,,,,cert2_20.json
2*x**3*y**5 + x + 2,8,True,-6*x**2*y**5 + 1,18*x*y**6/5,0,2,2,1,['c - 2'],False,,,,,,,,,,cert2_20.json
2*x**3*y**5 + x + 3,8,True,-6*x**2*y**5 + 1,18*x*y**6/5,0,2,2,1,['c - 3'],False,,,,,,,,,,cert2_20.json
2*x**3*y**5 + x - 1,8,True,-6*x**2*y**5 + 1,18*x*y**6/5,0,2,2,1,['c + 1'],False,,,,,,,,,,cert2_20.json
2*x**3*y**5 + x - 2,8,True,-6*x**2*y**5 + 1,18*x*y**6/5,0,2,2,1,['c + 2'],False,,,,,,,,,,cert2_20.json
2*x**3*y**5 + x - 3,8,True,-6*x**2*y**5 + 1,18*x*y**6/5,0,2,2,1,['c + 3'],False,,,,,,,,,,cert2_20.json
2*x**3*y**5 + y + 1,8,True,50*x**4*y**3/3,-10*x**3*y**4 + 1,0,1,1,1,['c - 1'],False,,,,,,,,,,cert2_20.json
2*x**3*y**5 + y + 2,8,True,50*x**4*y**3/3,-10*x**3*y**4 + 1,0,1,1,1,['c - 2'],False,,,,,,,,,,cert2_20.json
2*x**3*y**5 + y + 3,8,True,50*x**4*y**3/3,-10*x**3*y**4 + 1,0,1,1,1,['c - 3'],False,,,,,,,,,,cert2_20.json
2*x**3*y**5 + y - 1,8,True,50*x**4*y**3/3,-10*x**3*y**4 + 1,0,1,1,1,['c + 1'],False,,,,,,,,,,cert2_20.json
2*x**3*y**5 + y - 2,8,True,50*x**4*y**3/3,-10*x**3*y**4 + 1,0,1,1,1,['c + 2'],False,,,,,,,,,,cert2_20.json
2*x**3*y**5 + y - 3,8,True,50*x**4*y**3/3,-10*x**3*y**4 + 1,0,1,1,1,['c + 3'],False,,,,,,,,,,cert2_20.json
2*x**3*y**5 - 2*x + 1,8,True,-3*x**2*y**5/2 - 1/2,9*x*y**6/10,0,2,2,1,['c - 1'],False,,,,,,,,,,cert2_20.json
2*x**3*y**5 - 2*x + 2,8,True,-3*x**2*y**5/2 - 1/2,9*x*y**6/10,0,2,2,1,['c - 2'],False,,,,,,,,,,cert2_20.json
2*x**3*y**5 - 2*x + 3,8,True,-3*x**2*y**5/2 - 1/2,9*x*y**6/10,0,2,2,1,['c - 3'],False,,,,,,,,,,cert2_20.json
2*x**3*y**5 - 2*x - 1,8,True,-3*x**2*y**5/2 - 1/2,9*x*y**6/10,0,2,2,1,['c + 1'],False,,,,,,,,,,cert2_20.json
2*x**3*y**5 - 2*x - 2,8,True,-3*x**2*y**5/2 - 1/2,9*x*y**6/10,0,2,2,1,['c + 2'],False,,,,,,,,,,cert2_20.json
2*x**3*y**5 - 2*x - 3,8,True,-3*x**2*y**5/2 - 1/2,9*x*y**6/10,0,2,2,1,['c + 3'],False,,,,,,,,,,cert2_20.json
2*x**3*y**5 - 2*y + 1,8,True,25*x**4*y**3/6,-5*x**3*y**4/2 - 1/2,0,1,1,1,['c - 1'],False,,,,,,,,,,cert2_20.json
2*x**3*y**5 - 2*y + 2,8,True,25*x**4*y**3/6,-5*x**3*y**4/2 - 1/2,0,1,1,1,['c - 2'],False,,,,,,,,,,cert2_20.json
2*x**3*y**5 - 2*y + 3,8,True,25*x**4*y**3/6,-5*x**3*y**4/2 - 1/2,0,1,1,1,['c - 3'],False,,,,,,,,,,cert2_20.json
2*x**3*y**5 - 2*y - 1,8,True,25*x**4*y**3/6,-5*x**3*y**4/2 - 1/2,0,1,1,1,['c + 1'],False,,,,,,,,,,cert2_20.json
2*x**3*y**5 - 2*y - 2,8,True,25*x**4*y**3/6,-5*x**3*y**4/2 - 1/2,0,1,1,1,['c + 2'],False,,,,,,,,,,cert2_20.json
2*x**3*y**5 - 2*y - 3,8,True,25*x**4*y**3/6,-5*x**3*y**4/2 - 1/2,0,1,1,1,['c + 3'],False,,,,,,,,,,cert2_20.json
2*x**3*y**5 - 3*x + 1,8,True,-2*x**2*y**5/3 - 1/3,2*x*y**6/5,0,2,2,1,['c - 1'],False,,,,,,,,,,cert2_20.json
2*x**3*y**5 - 3*x + 2,8,True,-2*x**2*y**5/3 - 1/3,2*x*y**6/5,0,2,2,1,['c - 2'],False,,,,,,,,,,cert2_20.json
2*x**3*y**5 - 3*x + 3,8,True,-2*x**2*y**5/3 - 1/3,2*x*y**6/5,0,2,2,1,['c - 3'],False,,,,,,,,,,cert2_20.json
2*x**3*y**5 - 3*x - 1,8,True,-2*x**2*y**5/3 - 1/3,2*x*y**6/5,0,2,2,1,['c + 1'],False,,,,,,,,,,cert2_20.json
2*x**3*y**5 - 3*x - 2,8,True,-2*x**2*y**5/3 - 1/3,2*x*y**6/5,0,2,2,1,['c + 2'],False,,,,,,,,,,cert2_20.json
2*x**3*y**5 - 3*x - 3,8,True,-2*x**2*y**5/3 - 1/3,2*x*y**6/5,0,2,2,1,['c + 3'],False,,,,,,,,,,cert2_20.json
2*x**3*y**5 - 3*y + 1,8,True,50*x**4*y**3/27,-10*x**3*y**4/9 - 1/3,0,1,1,1,['c - 1'],False,,,,,,,,,,cert2_20.json
2*x**3*y**5 - 3*y + 2,8,True,50*x**4*y**3/27,-10*x**3*y**4/9 - 1/3,0,1,1,1,['c - 2'],False,,,,,,,,,,cert2_20.json
2*x**3*y**5 - 3*y + 3,8,True,50*x**4*y**3/27,-10*x**3*y**4/9 - 1/3,0,1,1,1,['c - 3'],False,,,,,,,,,,cert2_20.json
2*x**3*y**5 - 3*y - 1,8,True,50*x**4*y**3/27,-10*x**3*y**4/9 - 1/3,0,1,1,1,['c + 1'],False,,,,,,,,,,cert2_20.json
2*x**3*y**5 - 3*y - 2,8,True,50*x**4*y**3/27,-10*x**3*y**4/9 - 1/3,0,1,1,1,['c + 2'],False,,,,,,,,,,cert2_20.json
2*x**3*y**5 - 3*y - 3,8,True,50*x**4*y**3/27,-10*x**3*y**4/9 - 1/3,0,1,1,1,['c + 3'],False,,,,,,,,,,cert2_20.json
2*x**3*y**5 - x + 1,8,True,-6*x**2*y**5 - 1,18*x*y**6/5,0,2,2,1,['c - 1'],False,,,,,,,,,,cert2_20.json
2*x**3*y**5 - x + 2,8,True,-6*x**2*y**5 - 1,18*x*y**6/5,0,2,2,1,['c - 2'],False,,,,,,,,,,cert2_20.json
2*x**3*y**5 - x + 3,8,True,-6*x**2*y**5 - 1,18*x*y**6/5,0,2,2,1,['c - 3'],False,,,,,,,,,,cert2_20.json
2*x**3*y**5 - x - 1,8,True,-6*x**2*y**5 - 1,18*x*y**6/5,0,2,2,1,['c + 1'],False,,,,,,,,,,cert2_20.json
2*x**3*y**5 - x - 2,8,True,-6*x**2*y**5 - 1,18*x*y**6/5,0,2,2,1,['c + 2'],False,,,,,,,,,,cert2_20.json
2*x**3*y**5 - x - 3,8,True,-6*x**2*y**5 - 1,18*x*y**6/5,0,2,2,1,['c + 3'],False,,,,,,,,,,cert2_20.json
2*x**3*y**5 - y + 1,8,True,50*x**4*y**3/3,-10*x**3*y**4 - 1,0,1,1,1,['c - 1'],False,,,,,,,,,,cert2_20.json
2*x**3*y**5 - y + 2,8,True,50*x**4*y**3/3,-10*x**3*y**4 - 1,0,1,1,1,['c - 2'],False,,,,,,,,,,cert2_20.json
2*x**3*y**5 - y + 3,8,True,50*x**4*y**3/3,-10*x**3*y**4 - 1,0,1,1,1,['c - 3'],False,,,,,,,,,,cert2_20.json
2*x**3*y**5 - y - 1,8,True,50*x**4*y**3/3,-10*x**3*y**4 - 1,0,1,1,1,['c + 1'],False,,,,,,,,,,cert2_20.json
2*x**3*y**5 - y - 2,8,True,50*x**4*y**3/3,-10*x**3*y**4 - 1,0,1,1,1,['c + 2'],False,,,,,,,,,,cert2_20.json
2*x**3*y**5 - y - 3,8,True,50*x**4*y**3/3,-10*x**3*y**4 - 1,0,1,1,1,['c + 3'],False,,,,,,,,,,cert2_20.json
2*x**5*y**3 + 2*x + 1,8,True,-5*x**4*y**3/2 + 1/2,25*x**3*y**4/6,0,1,1,1,['c - 1'],False,,,,,,,,,,cert2_20.json
2*x**5*y**3 + 2*x + 2,8,True,-5*x**4*y**3/2 + 1/2,25*x**3*y**4/6,0,1,1,1,['c - 2'],False,,,,,,,,,,cert2_20.json
2*x**5*y**3 + 2*x + 3,8,True,-5*x**4*y**3/2 + 1/2,25*x**3*y**4/6,0,1,1,1,['c - 3'],False,,,,,,,,,,cert2_20.json
2*x**5*y**3 + 2*x - 1,8,True,-5*x**4*y**3/2 + 1/2,25*x**3*y**4/6,0,1,1,1,['c + 1'],False,,,,,,,,,,cert2_20.json
2*x**5*y**3 + 2*x - 2,8,True,-5*x**4*y**3/2 + 1/2,25*x**3*y**4/6,0,1,1,1,['c + 2'],False,,,,,,,,,,cert2_20.json
2*x**5*y**3 + 2*x - 3,8,True,-5*x**4*y**3/2 + 1/2,25*x**3*y**4/6,0,1,1,1,['c + 3'],False,,,,,,,,,,cert2_20.json
2*x**5*y**3 + 2*y + 1,8,True,9*x**6*y/10,-3*x**5*y**2/2 + 1/2,0,2,2,1,['c - 1'],False,,,,,,,,,,cert2_20.json
2*x**5*y**3 + 2*y + 2,8,True,9*x**6*y/10,-3*x**5*y**2/2 + 1/2,0,2,2,1,['c - 2'],False,,,,,,,,,,cert2_20.json
2*x**5*y**3 + 2*y + 3,8,True,9*x**6*y/10,-3*x**5*y**2/2 + 1/2,0,2,2,1,['c - 3'],False,,,,,,,,,,cert2_20.json
2*x**5*y**3 + 2*y - 1,8,True,9*x**6*y/10,-3*x**5*y**2/2 + 1/2,0,2,2,1,['c + 1'],False,,,,,,,,,,cert2_20.json
2*x**5*y**3 + 2*y - 2,8,True,9*x**6*y/10,-3*x**5*y**2/2 + 1/2,0,2,2,1,['c + 2'],False,,,,,,,,,,cert2_20.json
2*x**5*y**3 + 2*y - 3,8,True,9*x**6*y/10,-3*x**5*y**2/2 + 1/2,0,2,2,1,['c + 3'],False,,,,,,,,,,cert2_20.json
2*x**5*y**3 + 3*x + 1,8,True,-10*x**4*y**3/9 + 1/3,50*x**3*y**4/27,0,1,1,1,['c - 1'],False,,,,,,,,,,cert2_20.json
2*x**5*y**3 + 3*x + 2,8,True,-10*x**4*y**3/9 + 1/3,50*x**3*y**4/27,0,1,1,1,['c - 2'],False,,,,,,,,,,cert2_20.json
2*x**5*y**3 + 3*x + 3,8,True,-10*x**4*y**3/9 + 1/3,50*x**3*y**4/27,0,1,1,1,['c - 3'],False,,,,,,,,,,cert2_20.json
2*x**5*y**3 + 3*x - 1,8,True,-10*x**4*y**3/9 + 1/3,50*x**3*y**4/27,0,1,1,1,['c + 1'],False,,,,,,,,,,cert2_20.json
2*x**5*y**3 + 3*x - 2,8,True,-10*x**4*y**3/9 + 1/3,50*x**3*y**4/27,0,1,1,1,['c + 2'],False,,,,,,,,,,cert2_20.json
2*x**5*y**3 + 3*x - 3,8,True,-10*x**4*y**3/9 + 1/3,50*x**3*y**4/27,0,1,1,1,['c + 3'],False,,,,,,,,,,cert2_20.json
2*x**5*y**3 + 3*y + 1,8,True,2*x**6*y/5,-2*x**5*y**2/3 + 1/3,0,2,2,1,['c - 1'],False,,,,,,,,,,cert2_20.json
2*x**5*y**3 + 3*y + 2,8,True,2*x**6*y/5,-2*x**5*y**2/3 + 1/3,0,2,2,1,['c - 2'],False,,,,,,,,,,cert2_20.json
2*x**5*y**3 + 3*y + 3,8,True,2*x**6*y/5,-2*x**5*y**2/3 + 1/3,0,2,2,1,['c - 3'],False,,,,,,,,,,cert2_20.json
2*x**5*y**3 + 3*y - 1,8,True,2*x**6*y/5,-2*x**5*y**2/3 + 1/3,0,2,2,1,['c + 1'],False,,,,,,,,,,cert2_20.json
2*x**5*y**3 + 3*y - 2,8,True,2*x**6*y/5,-2*x**5*y**2/3 + 1/3,0,2,2,1,['c + 2'],False,,,,,,,,,,cert2_20.json
2*x**5*y**3 + 3*y - 3,8,True,2*x**6*y/5,-2*x**5*y**2/3 + 1/3,0,2,2,1,['c + 3'],False,,,,,,,,,,cert2_20.json
2*x**5*y**3 + x + 1,8,True,-10*x**4*y**3 + 1,50*x**3*y**4/3,0,1,1,1,['c - 1'],False,,,,,,,,,,cert2_20.json
2*x**5*y**3 + x + 2,8,True,-10*x**4*y**3 + 1,50*x**3*y**4/3,0,1,1,1,['c - 2'],False,,,,,,,,,,cert2_20.json
2*x**5*y**3 + x + 3,8,True,-10*x**4*y**3 + 1,50*x**3*y**4/3,0,1,1,1,['c - 3'],False,,,,,,,,,,cert2_20.json
2*x**5*y**3 + x - 1,8,True,-10*x**4*y**3 + 1,50*x**3*y**4/3,0,1,1,1,['c + 1'],False,,,,,,,,,,cert2_20.json
2*x**5*y**3 + x - 2,8,True,-10*x**4*y**3 + 1,50*x**3*y**4/3,0,1,1,1,['c + 2'],False,,,,,,,,,,cert2_20.json
2*x**5*y**3 + x - 3,8,True,-10*x**4*y**3 + 1,50*x**3*y**4/3,0,1,1,1,['c + 3'],False,,,,,,,,,,cert2_20.json
2*x**5*y**3 + y + 1,8,True,18*x**6*y/5,-6*x**5*y**2 + 1,0,2,2,1,['c - 1'],False,,,,,,,,,,cert2_20.json
2*x**5*y**3 + y + 2,8,True,18*x**6*y/5,-6*x**5*y**2 + 1,0,2,2,1,['c - 2'],False,,,,,,,,,,cert2_20.json
2*x**5*y**3 + y + 3,8,True,18*x**6*y/5,-6*x**5*y**2 + 1,0,2,2,1,['c - 3'],False,,,,,,,,,,cert2_20.json
2*x**5*y**3 + y - 1,8,True,18*x**6*y/5,-6*x**5*y**2 + 1,0,2,2,1,['c + 1'],False,,,,,,,,,,cert2_20.json
2*x**5*y**3 + y - 2,8,True,18*x**6*y/5,-6*x**5*y**2 + 1,0,2,2,1,['c + 2'],False,,,,,,,,,,cert2_20.json
2*x**5*y**3 + y - 3,8,True,18*x**6*y/5,-6*x**5*y**2 + 1,0,2,2,1,['c + 3'],False,,,,,,,,,,cert2_20.json
2*x**5*y**3 - 2*x + 1,8,True,-5*x**4*y**3/2 - 1/2,25*x**3*y**4/6,0,1,1,1,['c - 1'],False,,,,,,,,,,cert2_20.json
2*x**5*y**3 - 2*x + 2,8,True,-5*x**4*y**3/2 - 1/2,25*x**3*y**4/6,0,1,1,1,['c - 2'],False,,,,,,,,,,cert2_20.json
2*x**5*y**3 - 2*x + 3,8,True,-5*x**4*y**3/2 - 1/2,25*x**3*y**4/6,0,1,1,1,['c - 3'],False,,,,,,,,,,cert2_20.json
2*x**5*y**3 - 2*x - 1,8,True,-5*x**4*y**3/2 - 1/2,25*x**3*y**4/6,0,1,1,1,['c + 1'],False,,,,,,,,,,cert2_20.json
2*x**5*y**3 - 2*x - 2,8,True,-5*x**4*y**3/2 - 1/2,25*x**3*y**4/6,0,1,1,1,['c + 2'],False,,,,,,,,,,cert2_20.json
2*x**5*y**3 - 2*x - 3,8,True,-5*x**4*y**3/2 - 1/2,25*x**3*y**4/6,0,1,1,1,['c + 3'],False,,,,,,,,,,cert2_20.json
2*x**5*y**3 - 2*y + 1,8,True,9*x**6*y/10,-3*x**5*y**2/2 - 1/2,0,2,2,1,['c - 1'],False,,,,,,,,,,cert2_20.json
2*x**5*y**3 - 2*y + 2,8,True,9*x**6*y/10,-3*x**5*y**2/2 - 1/2,0,2,2,1,['c - 2'],False,,,,,,,,,,cert2_20.json
2*x**5*y**3 - 2*y + 3,8,True,9*x**6*y/10,-3*x**5*y**2/2 - 1/2,0,2,2,1,['c - 3'],False,,,,,,,,,,cert2_20.json
2*x**5*y**3 - 2*y - 1,8,True,9*x**6*y/10,-3*x**5*y**2/2 - 1/2,0,2,2,1,['c + 1'],False,,,,,,,,,,cert2_20.json
2*x**5*y**3 - 2*y - 2,8,True,9*x**6*y/10,-3*x**5*y**2/2 - 1/2,0,2,2,1,['c + 2'],False,,,,,,,,,,cert2_20.json
2*x**5*y**3 - 2*y - 3,8,True,9*x**6*y/10,-3*x**5*y**2/2 - 1/2,0,2,2,1,['c + 3'],False,,,,,,,,,,cert2_20.json
2*x**5*y**3 - 3*x + 1,8,True,-10*x**4*y**3/9 - 1/3,50*x**3*y**4/27,0,1,1,1,['c - 1'],False,,,,,,,,,,cert2_20.json
2*x**5*y**3 - 3*x + 2,8,True,-10*x**4*y**3/9 - 1/3,50*x**3*y**4/27,0,1,1,1,['c - 2'],False,,,,,,,,,,cert2_20.json
2*x**5*y**3 - 3*x + 3,8,True,-10*x**4*y**3/9 - 1/3,50*x**3*y**4/27,0,1,1,1,['c - 3'],False,,,,,,,,,,cert2_20.json
2*x**5*y**3 - 3*x - 1,8,True,-10*x**4*y**3/9 - 1/3,50*x**3*y**4/27,0,1,1,1,['c + 1'],False,,,,,,,,,,cert2_20.json
2*x**5*y**3 - 3*x - 2,8,True,-10*x**4*y**3/9 - 1/3,50*x**3*y**4/27,0,1,1,1,['c + 2'],False,,,,,,,,,,cert2_20.json
2*x**5*y**3 - 3*x - 3,8,True,-10*x**4*y**3/9 - 1/3,50*x**3*y**4/27,0,1,1,1,['c + 3'],False,,,,,,,,,,cert2_20.json
2*x**5*y**3 - 3*y + 1,8,True,2*x**6*y/5,-2*x**5*y**2/3 - 1/3,0,2,2,1,['c - 1'],False,,,,,,,,,,cert2_20.json
2*x**5*y**3 - 3*y + 2,8,True,2*x**6*y/5,-2*x**5*y**2/3 - 1/3,0,2,2,1,['c - 2'],False,,,,,,,,,,cert2_20.json
2*x**5*y**3 - 3*y + 3,8,True,2*x**6*y/5,-2*x**5*y**2/3 - 1/3,0,2,2,1,['c - 3'],False,,,,,,,,,,cert2_20.json
2*x**5*y**3 - 3*y - 1,8,True,2*x**6*y/5,-2*x**5*y**2/3 - 1/3,0,2,2,1,['c + 1'],False,,,,,,,,,,cert2_20.json
2*x**5*y**3 - 3*y - 2,8,True,2*x**6*y/5,-2*x**5*y**2/3 - 1/3,0,2,2,1,['c + 2'],False,,,,,,,,,,cert2_20.json
2*x**5*y**3 - 3*y - 3,8,True,2*x**6*y/5,-2*x**5*y**2/3 - 1/3,0,2,2,1,['c + 3'],False,,,,,,,,,,cert2_20.json
2*x**5*y**3 - x + 1,8,True,-10*x**4*y**3 - 1,50*x**3*y**4/3,0,1,1,1,['c - 1'],False,,,,,,,,,,cert2_20.json
2*x**5*y**3 - x + 2,8,True,-10*x**4*y**3 - 1,50*x**3*y**4/3,0,1,1,1,['c - 2'],False,,,,,,,,,,cert2_20.json
2*x**5*y**3 - x + 3,8,True,-10*x**4*y**3 - 1,50*x**3*y**4/3,0,1,1,1,['c - 3'],False,,,,,,,,,,cert2_20.json
2*x**5*y**3 - x - 1,8,True,-10*x**4*y**3 - 1,50*x**3*y**4/3,0,1,1,1,['c + 1'],False,,,,,,,,,,cert2_20.json
2*x**5*y**3 - x - 2,8,True,-10*x**4*y**3 - 1,50*x**3*y**4/3,0,1,1,1,['c + 2'],False,,,,,,,,,,cert2_20.json
2*x**5*y**3 - x - 3,8,True,-10*x**4*y**3 - 1,50*x**3*y**4/3,0,1,1,1,['c + 3'],False,,,,,,,,,,cert2_20.json
2*x**5*y**3 - y + 1,8,True,18*x**6*y/5,-6*x**5*y**2 - 1,0,2,2,1,['c - 1'],False,,,,,,,,,,cert2_20.json
2*x**5*y**3 - y + 2,8,True,18*x**6*y/5,-6*x**5*y**2 - 1,0,2,2,1,['c - 2'],False,,,,,,,,,,cert2_20.json
2*x**5*y**3 - y + 3,8,True,18*x**6*y/5,-6*x**5*y**2 - 1,0,2,2,1,['c - 3'],False,,,,,,,,,,cert2_20.json
2*x**5*y**3 - y - 1,8,True,18*x**6*y/5,-6*x**5*y**2 - 1,0,2,2,1,['c + 1'],False,,,,,,,,,,cert2_20.json
2*x**5*y**3 - y - 2,8,True,18*x**6*y/5,-6*x**5*y**2 - 1,0,2,2,1,['c + 2'],False,,,,,,,,,,cert2_20.json
2*x**5*y**3 - y - 3,8,True,18*x**6*y/5,-6*x**5*y**2 - 1,0,2,2,1,['c + 3'],False,,,,,,,,,,cert2_20.json
2*x**6*y**2 + 2*y + 1,8,True,x**7/3,-x**6*y + 1/2,0,2,2,1,['c - 1'],False,,,,,,,,,,cert2_20.json
2*x**6*y**2 + 2*y + 2,8,True,x**7/3,-x**6*y + 1/2,0,2,2,1,['c - 2'],False,,,,,,,,,,cert2_20.json
2*x**6*y**2 + 2*y + 3,8,True,x**7/3,-x**6*y + 1/2,0,2,2,1,['c - 3'],False,,,,,,,,,,cert2_20.json
2*x**6*y**2 + 2*y - 1,8,True,x**7/3,-x**6*y + 1/2,0,2,2,1,['c + 1'],False,,,,,,,,,,cert2_20.json
2*x**6*y**2 + 2*y - 2,8,True,x**7/3,-x**6*y + 1/2,0,2,2,1,['c + 2'],False,,,,,,,,,,cert2_20.json
2*x**6*y**2 + 2*y - 3,8,True,x**7/3,-x**6*y + 1/2,0,2,2,1,['c + 3'],False,,,,,,,,,,cert2_20.json
2*x**6*y**2 + 3*y + 1,8,True,4*x**7/27,-4*x**6*y/9 + 1/3,0,2,2,1,['c - 1'],False,,,,,,,,,,cert2_20.json
2*x**6*y**2 + 3*y + 2,8,True,4*x**7/27,-4*x**6*y/9 + 1/3,0,2,2,1,['c - 2'],False,,,,,,,,,,cert2_20.json
2*x**6*y**2 + 3*y + 3,8,True,4*x**7/27,-4*x**6*y/9 + 1/3,0,2,2,1,['c - 3'],False,,,,,,,,,,cert2_20.json
2*x**6*y**2 + 3*y - 1,8,True,4*x**7/27,-4*x**6*y/9 + 1/3,0,2,2,1,['c + 1'],False,,,,,,,,,,cert2_20.json
2*x**6*y**2 + 3*y - 2,8,True,4*x**7/27,-4*x**6*y/9 + 1/3,0,2,2,1,['c + 2'],False,,,,,,,,,,cert2_20.json
2*x**6*y**2 + 3*y - 3,8,True,4*x**7/27,-4*x**6*y/9 + 1/3,0,2,2,1,['c + 3'],False,,,,,,,,,,cert2_20.json
2*x**6*y**2 + y + 1,8,True,4*x**7/3,-4*x**6*y + 1,0,2,2,1,['c - 1'],False,,,,,,,,,,cert2_20.json
2*x**6*y**2 + y + 2,8,True,4*x**7/3,-4*x**6*y + 1,0,2,2,1,['c - 2'],False,,,,,,,,,,cert2_20.json
2*x**6*y**2 + y + 3,8,True,4*x**7/3,-4*x**6*y + 1,0,2,2,1,['c - 3'],False,,,,,,,,,,cert2_20.json
2*x**6*y**2 + y - 1,8,True,4*x**7/3,-4*x**6*y + 1,0,2,2,1,['c + 1'],False,,,,,,,,,,cert2_20.json
2*x**6*y**2 + y - 2,8,True,4*x**7/3,-4*x**6*y + 1,0,2,2,1,['c + 2'],False,,,,,,,,,,cert2_20.json
2*x**6*y**2 + y - 3,8,True,4*x**7/3,-4*x**6*y + 1,0,2,2,1,['c + 3'],False,,,,,,,,,,cert2_20.json
2*x**6*y**2 - 2*y + 1,8,True,x**7/3,-x**6*y - 1/2,0,2,2,1,['c - 1'],False,,,,,,,,,,cert2_20.json
2*x**6*y**2 - 2*y + 2,8,True,x**7/3,-x**6*y - 1/2,0,2,2,1,['c - 2'],False,,,,,,,,,,cert2_20.json
2*x**6*y**2 - 2*y + 3,8,True,x**7/3,-x**6*y - 1/2,0,2,2,1,['c - 3'],False,,,,,,,,,,cert2_20.json
2*x**6*y**2 - 2*y - 1,8,True,x**7/3,-x**6*y - 1/2,0,2,2,1,['c + 1'],False,,,,,,,,,,cert2_20.json
2*x**6*y**2 - 2*y - 2,8,True,x**7/3,-x**6*y - 1/2,0,2,2,1,['c + 2'],False,,,,,,,,,,cert2_20.json
2*x**6*y**2 - 2*y - 3,8,True,x**7/3,-x**6*y - 1/2,0,2,2,1,['c + 3'],False,,,,,,,,,,cert2_20.json
2*x**6*y**2 - 3*y + 1,8,True,4*x**7/27,-4*x**6*y/9 - 1/3,0,2,2,1,['c - 1'],False,,,,,,,,,,cert2_20.json
2*x**6*y**2 - 3*y + 2,8,True,4*x**7/27,-4*x**6*y/9 - 1/3,0,2,2,1,['c - 2'],False,,,,,,,,,,cert2_20.json
2*x**6*y**2 - 3*y + 3,8,True,4*x**7/27,-4*x**6*y/9 - 1/3,0,2,2,1,['c - 3'],False,,,,,,,,,,cert2_20.json
2*x**6*y**2 - 3*y - 1,8,True,4*x**7/27,-4*x**6*y/9 - 1/3,0,2,2,1,['c + 1'],False,,,,,,,,,,cert2_20.json
2*x**6*y**2 - 3*y - 2,8,True,4*x**7/27,-4*x**6*y/9 - 1/3,0,2,2,1,['c + 2'],False,,,,,,,,,,cert2_20.json
2*x**6*y**2 - 3*y - 3,8,True,4*x**7/27,-4*x**6*y/9 - 1/3,0,2,2,1,['c + 3'],False,,,,,,,,,,cert2_20.json
2*x**6*y**2 - y + 1,8,True,4*x**7/3,-4*x**6*y - 1,0,2,2,1,['c - 1'],False,,,,,,,,,,cert2_20.json
2*x**6*y**2 - y + 2,8,True,4*x**7/3,-4*x**6*y - 1,0,2,2,1,['c - 2'],False,,,,,,,,,,cert2_20.json
2*x**6*y**2 - y + 3,8,True,4*x**7/3,-4*x**6*y - 1,0,2,2,1,['c - 3'],False,,,,,,,,,,cert2_20.json
2*x**6*y**2 - y - 1,8,True,4*x**7/3,-4*x**6*y - 1,0,2,2,1,['c + 1'],False,,,,,,,,,,cert2_20.json
2*x**6*y**2 - y - 2,8,True,4*x**7/3,-4*x**6*y - 1,0,2,2,1,['c + 2'],False,,,,,,,,,,cert2_20.json
2*x**6*y**2 - y - 3,8,True,4*x**7/3,-4*x**6*y - 1,0,2,2,1,['c + 3'],False,,,,,,,,,,cert2_20.json
3*x**2*y**6 + 2*x + 1,8,True,-3*x*y**6/2 + 1/2,y**7/2,0,2,2,1,['c - 1'],False,,,,,,,,,,cert2_20.json
3*x**2*y**6 + 2*x + 2,8,True,-3*x*y**6/2 + 1/2,y**7/2,0,2,2,1,['c - 2'],False,,,,,,,,,,cert2_20.json
3*x**2*y**6 + 2*x + 3,8,True,-3*x*y**6/2 + 1/2,y**7/2,0,2,2,1,['c - 3'],False,,,,,,,,,,cert2_20.json
3*x**2*y**6 + 2*x - 1,8,True,-3*x*y**6/2 + 1/2,y**7/2,0,2,2,1,['c + 1'],False,,,,,,,,,,cert2_20.json
3*x**2*y**6 + 2*x - 2,8,True,-3*x*y**6/2 + 1/2,y**7/2,0,2,2,1,['c + 2'],False,,,,,,,,,,cert2_20.json
3*x**2*y**6 + 2*x - 3,8,True,-3*x*y**6/2 + 1/2,y**7/2,0,2,2,1,['c + 3'],False,,,,,,,,,,cert2_20.json
3*x**2*y**6 + 3*x + 1,8,True,-2*x*y**6/3 + 1/3,2*y**7/9,0,2,2,1,['c - 1'],False,,,,,,,,,,cert2_20.json
3*x**2*y**6 + 3*x + 2,8,True,-2*x*y**6/3 + 1/3,2*y**7/9,0,2,2,1,['c - 2'],False,,,,,,,,,,cert2_20.json
3*x**2*y**6 + 3*x + 3,8,True,-2*x*y**6/3 + 1/3,2*y**7/9,0,2,2,1,['c - 3'],False,,,,,,,,,,cert2_20.json
3*x**2*y**6 + 3*x - 1,8,True,-2*x*y**6/3 + 1/3,2*y**7/9,0,2,2,1,['c + 1'],False,,,,,,,,,,cert2_20.json
3*x**2*y**6 + 3*x - 2,8,True,-2*x*y**6/3 + 1/3,2*y**7/9,0,2,2,1,['c + 2'],False,,,,,,,,,,cert2_20.json
3*x**2*y**6 + 3*x - 3,8,True,-2*x*y**6/3 + 1/3,2*y**7/9,0,2,2,1,['c + 3'],False,,,,,,,,,,cert2_20.json
3*x**2*y**6 + x + 1,8,True,-6*x*y**6 + 1,2*y**7,0,2,2,1,['c - 1'],False,,,,,,,,,,cert2_20.json
3*x**2*y**6 + x + 2,8,True,-6*x*y**6 + 1,2*y**7,0,2,2,1,['c - 2'],False,,,,,,,,,,cert2_20.json
3*x**2*y**6 + x + 3,8,True,-6*x*y**6 + 1,2*y**7,0,2,2,1,['c - 3'],False,,,,,,,,,,cert2_20.json
3*x**2*y**6 + x - 1,8,True,-6*x*y**6 + 1,2*y**7,0,2,2,1,['c + 1'],False,,,,,,,,,,cert2_20.json
3*x**2*y**6 + x - 2,8,True,-6*x*y**6 + 1,2*y**7,0,2,2,1,['c + 2'],False,,,,,,,,,,cert2_20.json
3*x**2*y**6 + x - 3,8,True,-6*x*y**6 + 1,2*y**7,0,2,2,1,['c + 3'],False,,,,,,,,,,cert2_20.json
3*x**2*y**6 - 2*x + 1,8,True,-3*x*y**6/2 - 1/2,y**7/2,0,2,2,1,['c - 1'],False,,,,,,,,,,cert2_20.json
3*x**2*y**6 - 2*x + 2,8,True,-3*x*y**6/2 - 1/2,y**7/2,0,2,2,1,['c - 2'],False,,,,,,,,,,cert2_20.json
3*x**2*y**6 - 2*x + 3,8,True,-3*x*y**6/2 - 1/2,y**7/2,0,2,2,1,['c - 3'],False,,,,,,,,,,cert2_20.json
3*x**2*y**6 - 2*x - 1,8,True,-3*x*y**6/2 - 1/2,y**7/2,0,2,2,1,['c + 1'],False,,,,,,,,,,cert2_20.json
3*x**2*y**6 - 2*x - 2,8,True,-3*x*y**6/2 - 1/2,y**7/2,0,2,2,1,['c + 2'],False,,,,,,,,,,cert2_20.json
3*x**2*y**6 - 2*x - 3,8,True,-3*x*y**6/2 - 1/2,y**7/2,0,2,2,1,['c + 3'],False,,,,,,,,,,cert2_20.json
3*x**2*y**6 - 3*x + 1,8,True,-2*x*y**6/3 - 1/3,2*y**7/9,0,2,2,1,['c - 1'],False,,,,,,,,,,cert2_20.json
3*x**2*y**6 - 3*x + 2,8,True,-2*x*y**6/3 - 1/3,2*y**7/9,0,2,2,1,['c - 2'],False,,,,,,,,,,cert2_20.json
3*x**2*y**6 - 3*x + 3,8,True,-2*x*y**6/3 - 1/3,2*y**7/9,0,2,2,1,['c - 3'],False,,,,,,,,,,cert2_20.json
3*x**2*y**6 - 3*x - 1,8,True,-2*x*y**6/3 - 1/3,2*y**7/9,0,2,2,1,['c + 1'],False,,,,,,,,,,cert2_20.json
3*x**2*y**6 - 3*x - 2,8,True,-2*x*y**6/3 - 1/3,2*y**7/9,0,2,2,1,['c + 2'],False,,,,,,,,,,cert2_20.json
3*x**2*y**6 - 3*x - 3,8,True,-2*x*y**6/3 - 1/3,2*y**7/9,0,2,2,1,['c + 3'],False,,,,,,,,,,cert2_20.json
3*x**2*y**6 - x + 1,8,True,-6*x*y**6 - 1,2*y**7,0,2,2,1,['c - 1'],False,,,,,,,,,,cert2_20.json
3*x**2*y**6 - x + 2,8,True,-6*x*y**6 - 1,2*y**7,0,2,2,1,['c - 2'],False,,,,,,,,,,cert2_20.json
3*x**2*y**6 - x + 3,8,True,-6*x*y**6 - 1,2*y**7,0,2,2,1,['c - 3'],False,,,,,,,,,,cert2_20.json
3*x**2*y**6 - x - 1,8,True,-6*x*y**6 - 1,2*y**7,0,2,2,1,['c + 1'],False,,,,,,,,,,cert2_20.json
3*x**2*y**6 - x - 2,8,True,-6*x*y**6 - 1,2*y**7,0,2,2,1,['c + 2'],False,,,,,,,,,,cert2_20.json
3*x**2*y**6 - x - 3,8,True,-6*x*y**6 - 1,2*y**7,0,2,2,1,['c + 3'],False,,,,,,,,,,cert2_20.json
3*x**3*y**5 + 2*x + 1,8,True,-9*x**2*y**5/4 + 1/2,27*x*y**6/20,0,2,2,1,['c - 1'],False,,,,,,,,,,cert2_20.json
3*x**3*y**5 + 2*x + 2,8,True,-9*x**2*y**5/4 + 1/2,27*x*y**6/20,0,2,2,1,['c - 2'],False,,,,,,,,,,cert2_20.json
3*x**3*y**5 + 2*x + 3,8,True,-9*x**2*y**5/4 + 1/2,27*x*y**6/20,0,2,2,1,['c - 3'],False,,,,,,,,,,cert2_20.json
3*x**3*y**5 + 2*x - 1,8,True,-9*x**2*y**5/4 + 1/2,27*x*y**6/20,0,2,2,1,['c + 1'],False,,,,,,,,,,cert2_20.json
3*x**3*y**5 + 2*x - 2,8,True,-9*x**2*y**5/4 + 1/2,27*x*y**6/20,0,2,2,1,['c + 2'],False,,,,,,,,,,cert2_20.json
3*x**3*y**5 + 2*x - 3,8,True,-9*x**2*y**5/4 + 1/2,27*x*y**6/20,0,2,2,1,['c + 3'],False,,,,,,,,,,cert2_20.json
3*x**3*y**5 + 2*y + 1,8,True,25*x**4*y**3/4,-15*x**3*y**4/4 + 1/2,0,1,1,1,['c - 1'],False,,,,,,,,,,cert2_20.json
3*x**3*y**5 + 2*y + 2,8,True,25*x**4*y**3/4,-15*x**3*y**4/4 + 1/2,0,1,1,1,['c - 2'],False,,,,,,,,,,cert2_20.json
3*x**3*y**5 + 2*y + 3,8,True,25*x**4*y**3/4,-15*x**3*y**4/4 + 1/2,0,1,1,1,['c - 3'],False,,,,,,,,,,cert2_20.json
3*x**3*y**5 + 2*y - 1,8,True,25*x**4*y**3/4,-15*x**3*y**4/4 + 1/2,0,1,1,1,['c + 1'],False,,,,,,,,,,cert2_20.json
3*x**3*y**5 + 2*y - 2,8,True,25*x**4*y**3/4,-15*x**3*y**4/4 + 1/2,0,1,1,1,['c + 2'],False,,,,,,,,,,cert2_20.json
3*x**3*y**5 + 2*y - 3,8,True,25*x**4*y**3/4,-15*x**3*y**4/4 + 1/2,0,1,1,1,['c + 3'],False,,,,,,,,,,cert2_20.json
3*x**3*y**5 + 3*x + 1,8,True,-x**2*y**5 + 1/3,3*x*y**6/5,0,2,2,1,['c - 1'],False,,,,,,,,,,cert2_20.json
3*x**3*y**5 + 3*x + 2,8,True,-x**2*y**5 + 1/3,3*x*y**6/5,0,2,2,1,['c - 2'],False,,,,,,,,,,cert2_20.json
3*x**3*y**5 + 3*x + 3,8,True,-x**2*y**5 + 1/3,3*x*y**6/5,0,2,2,1,['c - 3'],False,,,,,,,,,,cert2_20.json
3*x**3*y**5 + 3*x - 1,8,True,-x**2*y**5 + 1/3,3*x*y**6/5,0,2,2,1,['c + 1'],False,,,,,,,,,,cert2_20.json
3*x**3*y**5 + 3*x - 2,8,True,-x**2*y**5 + 1/3,3*x*y**6/5,0,2,2,1,['c + 2'],False,,,,,,,,,,cert2_20.json
3*x**3*y**5 + 3*x - 3,8,True,-x**2*y**5 + 1/3,3*x*y**6/5,0,2,2,1,['c + 3'],False,,,,,,,,,,cert2_20.json
3*x**3*y**5 + 3*y + 1,8,True,25*x**4*y**3/9,-5*x**3*y**4/3 + 1/3,0,1,1,1,['c - 1'],False,,,,,,,,,,cert2_20.json
3*x**3*y**5 + 3*y + 2,8,True,25*x**4*y**3/9,-5*x**3*y**4/3 + 1/3,0,1,1,1,['c - 2'],False,,,,,,,,,,cert2_20.json
3*x**3*y**5 + 3*y + 3,8,True,25*x**4*y**3/9,-5*x**3*y**4/3 + 1/3,0,1,1,1,['c - 3'],False,,,,,,,,,,cert2_20.json
3*x**3*y**5 + 3*y - 1,8,True,25*x**4*y**3/9,-5*x**3*y**4/3 + 1/3,0,1,1,1,['c + 1'],False,,,,,,,,,,cert2_20.json
3*x**3*y**5 + 3*y - 2,8,True,25*x**4*y**3/9,-5*x**3*y**4/3 + 1/3,0,1,1,1,['c + 2'],False,,,,,,,,,,cert2_20.json
3*x**3*y**5 + 3*y - 3,8,True,25*x**4*y**3/9,-5*x**3*y**4/3 + 1/3,0,1,1,1,['c + 3'],False,,,,,,,,,,cert2_20.json
3*x**3*y**5 + x + 1,8,True,-9*x**2*y**5 + 1,27*x*y**6/5,0,2,2,1,['c - 1'],False,,,,,,,,,,cert2_20.json
3*x**3*y**5 + x + 2,8,True,-9*x**2*y**5 + 1,27*x*y**6/5,0,2,2,1,['c - 2'],False,,,,,,,,,,cert2_20.json
3*x**3*y**5 + x + 3,8,True,-9*x**2*y**5 + 1,27*x*y**6/5,0,2,2,1,['c - 3'],False,,,,,,,,,,cert2_20.json
3*x**3*y**5 + x - 1,8,True,-9*x**2*y**5 + 1,27*x*y**6/5,0,2,2,1,['c + 1'],False,,,,,,,,,,cert2_20.json
3*x**3*y**5 + x - 2,8,True,-9*x**2*y**5 + 1,27*x*y**6/5,0,2,2,1,['c + 2'],False,,,,,,,,,,cert2_20.json
3*x**3*y**5 + x - 3,8,True,-9*x**2*y**5 + 1,27*x*y**6/5,0,2,2,1,['c + 3'],False,,,,,,,,,,cert2_20.json
3*x**3*y**5 + y + 1,8,True,25*x**4*y**3,-15*x**3*y**4 + 1,0,1,1,1,['c - 1'],False,,,,,,,,,,cert2_20.json
3*x**3*y**5 + y + 2,8,True,25*x**4*y**3,-15*x**3*y**4 + 1,0,1,1,1,['c - 2'],False,,,,,,,,,,cert2_20.json
3*x**3*y**5 + y + 3,8,True,25*x**4*y**3,-15*x**3*y**4 + 1,0,1,1,1,['c - 3'],False,,,,,,,,,,cert2_20.json
3*x**3*y**5 + y - 1,8,True,25*x**4*y**3,-15*x**3*y**4 + 1,0,1,1,1,['c + 1'],False,,,,,,,,,,cert2_20.json
3*x**3*y**5 + y - 2,8,True,25*x**4*y**3,-15*x**3*y**4 + 1,0,1,1,1,['c + 2'],False,,,,,,,,,,cert2_20.json
3*x**3*y**5 + y - 3,8,True,25*x**4*y**3,-15*x**3*y**4 + 1,0,1,1,1,['c + 3'],False,,,,,,,,,,cert2_20.json
3*x**3*y**5 - 2*x + 1,8,True,-9*x**2*y**5/4 - 1/2,27*x*y**6/20,0,2,2,1,['c - 1'],False,,,,,,,,,,cert2_20.json
3*x**3*y**5 - 2*x + 2,8,True,-9*x**2*y**5/4 - 1/2,27*x*y**6/20,0,2,2,1,['c - 2'],False,,,,,,,,,,cert2_20.json
3*x**3*y**5 - 2*x + 3,8,True,-9*x**2*y**5/4 - 1/2,27*x*y**6/20,0,2,2,1,['c - 3'],False,,,,,,,,,,cert2_20.json
3*x**3*y**5 - 2*x - 1,8,True,-9*x**2*y**5/4 - 1/2,27*x*y**6/20,0,2,2,1,['c + 1'],False,,,,,,,,,,cert2_20.json
3*x**3*y**5 - 2*x - 2,8,True,-9*x**2*y**5/4 - 1/2,27*x*y**6/20,0,2,2,1,['c + 2'],False,,,,,,,,,,cert2_20.json
3*x**3*y**5 - 2*x - 3,8,True,-9*x**2*y**5/4 - 1/2,27*x*y**6/20,0,2,2,1,['c + 3'],False,,,,,,,,,,cert2_20.json
3*x**3*y**5 - 2*y + 1,8,True,25*x**4*y**3/4,-15*x**3*y**4/4 - 1/2,0,1,1,1,['c - 1'],False,,,,,,,,,,cert2_20.json
3*x**3*y**5 - 2*y + 2,8,True,25*x**4*y**3/4,-15*x**3*y**4/4 - 1/2,0,1,1,1,['c - 2'],False,,,,,,,,,,cert2_20.json
3*x**3*y**5 - 2*y + 3,8,True,25*x**4*y**3/4,-15*x**3*y**4/4 - 1/2,0,1,1,1,['c - 3'],False,,,,,,,,,,cert2_20.json
3*x**3*y**5 - 2*y - 1,8,True,25*x**4*y**3/4,-15*x**3*y**4/4 - 1/2,0,1,1,1,['c + 1'],False,,,,,,,,,,cert2_20.json
3*x**3*y**5 - 2*y - 2,8,True,25*x**4*y**3/4,-15*x**3*y**4/4 - 1/2,0,1,1,1,['c + 2'],False,,,,,,,,,,cert2_20.json
3*x**3*y**5 - 2*y - 3,8,True,25*x**4*y**3/4,-15*x**3*y**4/4 - 1/2,0,1,1,1,['c + 3'],False,,,,,,,,,,cert2_20.json
3*x**3*y**5 - 3*x + 1,8,True,-x**2*y**5 - 1/3,3*x*y**6/5,0,2,2,1,['c - 1'],False,,,,,,,,,,cert2_20.json
3*x**3*y**5 - 3*x + 2,8,True,-x**2*y**5 - 1/3,3*x*y**6/5,0,2,2,1,['c - 2'],False,,,,,,,,,,cert2_20.json
3*x**3*y**5 - 3*x + 3,8,True,-x**2*y**5 - 1/3,3*x*y**6/5,0,2,2,1,['c - 3'],False,,,,,,,,,,cert2_20.json
3*x**3*y**5 - 3*x - 1,8,True,-x**2*y**5 - 1/3,3*x*y**6/5,0,2,2,1,['c + 1'],False,,,,,,,,,,cert2_20.json
3*x**3*y**5 - 3*x - 2,8,True,-x**2*y**5 - 1/3,3*x*y**6/5,0,2,2,1,['c + 2'],False,,,,,,,,,,cert2_20.json
3*x**3*y**5 - 3*x - 3,8,True,-x**2*y**5 - 1/3,3*x*y**6/5,0,2,2,1,['c + 3'],False,,,,,,,,,,cert2_20.json
3*x**3*y**5 - 3*y + 1,8,True,25*x**4*y**3/9,-5*x**3*y**4/3 - 1/3,0,1,1,1,['c - 1'],False,,,,,,,,,,cert2_20.json
3*x**3*y**5 - 3*y + 2,8,True,25*x**4*y**3/9,-5*x**3*y**4/3 - 1/3,0,1,1,1,['c - 2'],False,,,,,,,,,,cert2_20.json
3*x**3*y**5 - 3*y + 3,8,True,25*x**4*y**3/9,-5*x**3*y**4/3 - 1/3,0,1,1,1,['c - 3'],False,,,,,,,,,,cert2_20.json
3*x**3*y**5 - 3*y - 1,8,True,25*x**4*y**3/9,-5*x**3*y**4/3 - 1/3,0,1,1,1,['c + 1'],False,,,,,,,,,,cert2_20.json
3*x**3*y**5 - 3*y - 2,8,True,25*x**4*y**3/9,-5*x**3*y**4/3 - 1/3,0,1,1,1,['c + 2'],False,,,,,,,,,,cert2_20.json
3*x**3*y**5 - 3*y - 3,8,True,25*x**4*y**3/9,-5*x**3*y**4/3 - 1/3,0,1,1,1,['c + 3'],False,,,,,,,,,,cert2_20.json
3*x**3*y**5 - x + 1,8,True,-9*x**2*y**5 - 1,27*x*y**6/5,0,2,2,1,['c - 1'],False,,,,,,,,,,cert2_20.json
3*x**3*y**5 - x + 2,8,True,-9*x**2*y**5 - 1,27*x*y**6/5,0,2,2,1,['c - 2'],False,,,,,,,,,,cert2_20.json
3*x**3*y**5 - x + 3,8,True,-9*x**2*y**5 - 1,27*x*y**6/5,0,2,2,1,['c - 3'],False,,,,,,,,,,cert2_20.json
3*x**3*y**5 - x - 1,8,True,-9*x**2*y**5 - 1,27*x*y**6/5,0,2,2,1,['c + 1'],False,,,,,,,,,,cert2_20.json
3*x**3*y**5 - x - 2,8,True,-9*x**2*y**5 - 1,27*x*y**6/5,0,2,2,1,['c + 2'],False,,,,,,,,,,cert2_20.json
3*x**3*y**5 - x - 3,8,True,-9*x**2*y**5 - 1,27*x*y**6/5,0,2,2,1,['c + 3'],False,,,,,,,,,,cert2_20.json
3*x**3*y**5 - y + 1,8,True,25*x**4*y**3,-15*x**3*y**4 - 1,0,1,1,1,['c - 1'],False,,,,,,,,,,cert2_20.json
3*x**3*y**5 - y + 2,8,True,25*x**4*y**3,-15*x**3*y**4 - 1,0,1,1,1,['c - 2'],False,,,,,,,,,,cert2_20.json
3*x**3*y**5 - y + 3,8,True,25*x**4*y**3,-15*x**3*y**4 - 1,0,1,1,1,['c - 3'],False,,,,,,,,,,cert2_20.json
3*x**3*y**5 - y - 1,8,True,25*x**4*y**3,-15*x**3*y**4 - 1,0,1,1,1,['c + 1'],False,,,,,,,,,,cert2_20.json
3*x**3*y**5 - y - 2,8,True,25*x**4*y**3,-15*x**3*y**4 - 1,0,1,1,1,['c + 2'],False,,,,,,,,,,cert2_20.json
3*x**3*y**5 - y - 3,8,True,25*x**4*y**3,-15*x**3*y**4 - 1,0,1,1,1,['c + 3'],False,,,,,,,,,,cert2_20.json
3*x**5*y**3 + 2*x + 1,8,True,-15*x**4*y**3/4 + 1/2,25*x**3*y**4/4,0,1,1,1,['c - 1'],False,,,,,,,,,,cert2_20.json
3*x**5*y**3 + 2*x + 2,8,True,-15*x**4*y**3/4 + 1/2,25*x**3*y**4/4,0,1,1,1,['c - 2'],False,,,,,,,,,,cert2_20.json
3*x**5*y**3 + 2*x + 3,8,True,-15*x**4*y**3/4 + 1/2,25*x**3*y**4/4,0,1,1,1,['c - 3'],False,,,,,,,,,,cert2_20.json
3*x**5*y**3 + 2*x - 1,8,True,-15*x**4*y**3/4 + 1/2,25*x**3*y**4/4,0,1,1,1,['c + 1'],False,,,,,,,,,,cert2_20.json
3*x**5*y**3 + 2*x - 2,8,True,-15*x**4*y**3/4 + 1/2,25*x**3*y**4/4,0,1,1,1,['c + 2'],False,,,,,,,,,,cert2_20.json
3*x**5*y**3 + 2*x - 3,8,True,-15*x**4*y**3/4 + 1/2,25*x**3*y**4/4,0,1,1,1,['c + 3'],False,,,,,,,,,,cert2_20.json
3*x**5*y**3 + 2*y + 1,8,True,27*x**6*y/20,-9*x**5*y**2/4 + 1/2,0,2,2,1,['c - 1'],False,,,,,,,,,,cert2_20.json
3*x**5*y**3 + 2*y + 2,8,True,27*x**6*y/20,-9*x**5*y**2/4 + 1/2,0,2,2,1,['c - 2'],False,,,,,,,,,,cert2_20.json
3*x**5*y**3 + 2*y + 3,8,True,27*x**6*y/20,-9*x**5*y**2/4 + 1/2,0,2,2,1,['c - 3'],False,,,,,,,,,,cert2_20.json
3*x**5*y**3 + 2*y - 1,8,True,27*x**6*y/20,-9*x**5*y**2/4 + 1/2,0,2,2,1,['c + 1'],False,,,,,,,,,,cert2_20.json
3*x**5*y**3 + 2*y - 2,8,True,27*x**6*y/20,-9*x**5*y**2/4 + 1/2,0,2,2,1,['c + 2'],False,,,,,,,,,,cert2_20.json
3*x**5*y**3 + 2*y - 3,8,True,27*x**6*y/20,-9*x**5*y**2/4 + 1/2,0,2,2,1,['c + 3'],False,,,,,,,,,,cert2_20.json
3*x**5*y**3 + 3*x + 1,8,True,-5*x**4*y**3/3 + 1/3,25*x**3*y**4/9,0,1,1,1,['c - 1'],False,,,,,,,,,,cert2_20.json
3*x**5*y**3 + 3*x + 2,8,True,-5*x**4*y**3/3 + 1/3,25*x**3*y**4/9,0,1,1,1,['c - 2'],False,,,,,,,,,,cert2_20.json
3*x**5*y**3 + 3*x + 3,8,True,-5*x**4*y**3/3 + 1/3,25*x**3*y**4/9,0,1,1,1,['c - 3'],False,,,,,,,,,,cert2_20.json
3*x**5*y**3 + 3*x - 1,8,True,-5*x**4*y**3/3 + 1/3,25*x**3*y**4/9,0,1,1,1,['c + 1'],False,,,,,,,,,,cert2_20.json
3*x**5*y**3 + 3*x - 2,8,True,-5*x**4*y**3/3 + 1/3,25*x**3*y**4/9,0,1,1,1,['c + 2'],False,,,,,,,,,,cert2_20.json
3*x**5*y**3 + 3*x - 3,8,True,-5*x**4*y**3/3 + 1/3,25*x**3*y**4/9,0,1,1,1,['c + 3'],False,,,,,,,,,,cert2_20.json
3*x**5*y**3 + 3*y + 1,8,True,3*x**6*y/5,-x**5*y**2 + 1/3,0,2,2,1,['c - 1'],False,,,,,,,,,,cert2_20.json
3*x**5*y**3 + 3*y + 2,8,True,3*x**6*y/5,-x**5*y**2 + 1/3,0,2,2,1,['c - 2'],False,,,,,,,,,,cert2_20.json
3*x**5*y**3 + 3*y + 3,8,True,3*x**6*y/5,-x**5*y**2 + 1/3,0,2,2,1,['c - 3'],False,,,,,,,,,,cert2_20.json
3*x**5*y**3 + 3*y - 1,8,True,3*x**6*y/5,-x**5*y**2 + 1/3,0,2,2,1,['c + 1'],False,,,,,,,,,,cert2_20.json
3*x**5*y**3 + 3*y - 2,8,True,3*x**6*y/5,-x**5*y**2 + 1/3,0,2,2,1,['c + 2'],False,,,,,,,,,,cert2_20.json
3*x**5*y**3 + 3*y - 3,8,True,3*x**6*y/5,-x**5*y**2 + 1/3,0,2,2,1,['c + 3'],False,,,,,,,,,,cert2_20.json
3*x**5*y**3 + x + 1,8,True,-15*x**4*y**3 + 1,25*x**3*y**4,0,1,1,1,['c - 1'],False,,,,,,,,,,cert2_20.json
3*x**5*y**3 + x + 2,8,True,-15*x**4*y**3 + 1,25*x**3*y**4,0,1,1,1,['c - 2'],False,,,,,,,,,,cert2_20.json
3*x**5*y**3 + x + 3,8,True,-15*x**4*y**3 + 1,25*x**3*y**4,0,1,1,1,['c - 3'],False,,,,,,,,,,cert2_20.json
3*x**5*y**3 + x - 1,8,True,-15*x**4*y**3 + 1,25*x**3*y**4,0,1,1,1,['c + 1'],False,,,,,,,,,,cert2_20.json
3*x**5*y**3 + x - 2,8,True,-15*x**4*y**3 + 1,25*x**3*y**4,0,1,1,1,['c + 2'],False,,,,,,,,,,cert2_20.json
3*x**5*y**3 + x - 3,8,True,-15*x**4*y**3 + 1,25*x**3*y**4,0,1,1,1,['c + 3'],False,,,,,,,,,,cert2_20.json
3*x**5*y**3 + y + 1,8,True,27*x**6*y/5,-9*x**5*y**2 + 1,0,2,2,1,['c - 1'],False,,,,,,,,,,cert2_20.json
3*x**5*y**3 + y + 2,8,True,27*x**6*y/5,-9*x**5*y**2 + 1,0,2,2,1,['c - 2'],False,,,,,,,,,,cert2_20.json
3*x**5*y**3 + y + 3,8,True,27*x**6*y/5,-9*x**5*y**2 + 1,0,2,2,1,['c - 3'],False,,,,,,,,,,cert2_20.json
3*x**5*y**3 + y - 1,8,True,27*x**6*y/5,-9*x**5*y**2 + 1,0,2,2,1,['c + 1'],False,,,,,,,,,,cert2_20.json
3*x**5*y**3 + y - 2,8,True,27*x**6*y/5,-9*x**5*y**2 + 1,0,2,2,1,['c + 2'],False,,,,,,,,,,cert2_20.json
3*x**5*y**3 + y - 3,8,True,27*x**6*y/5,-9*x**5*y**2 + 1,0,2,2,1,['c + 3'],False,,,,,,,,,,cert2_20.json
3*x**5*y**3 - 2*x + 1,8,True,-15*x**4*y**3/4 - 1/2,25*x**3*y**4/4,0,1,1,1,['c - 1'],False,,,,,,,,,,cert2_20.json
3*x**5*y**3 - 2*x + 2,8,True,-15*x**4*y**3/4 - 1/2,25*x**3*y**4/4,0,1,1,1,['c - 2'],False,,,,,,,,,,cert2_20.json
3*x**5*y**3 - 2*x + 3,8,True,-15*x**4*y**3/4 - 1/2,25*x**3*y**4/4,0,1,1,1,['c - 3'],False,,,,,,,,,,cert2_20.json
3*x**5*y**3 - 2*x - 1,8,True,-15*x**4*y**3/4 - 1/2,25*x**3*y**4/4,0,1,1,1,['c + 1'],False,,,,,,,,,,cert2_20.json
3*x**5*y**3 - 2*x - 2,8,True,-15*x**4*y**3/4 - 1/2,25*x**3*y**4/4,0,1,1,1,['c + 2'],False,,,,,,,,,,cert2_20.json
3*x**5*y**3 - 2*x - 3,8,True,-15*x**4*y**3/4 - 1/2,25*x**3*y**4/4,0,1,1,1,['c + 3'],False,,,,,,,,,,cert2_20.json
3*x**5*y**3 - 2*y + 1,8,True,27*x**6*y/20,-9*x**5*y**2/4 - 1/2,0,2,2,1,['c - 1'],False,,,,,,,,,,cert2_20.json
3*x**5*y**3 - 2*y + 2,8,True,27*x**6*y/20,-9*x**5*y**2/4 - 1/2,0,2,2,1,['c - 2'],False,,,,,,,,,,cert2_20.json
3*x**5*y**3 - 2*y + 3,8,True,27*x**6*y/20,-9*x**5*y**2/4 - 1/2,0,2,2,1,['c - 3'],False,,,,,,,,,,cert2_20.json
3*x**5*y**3 - 2*y - 1,8,True,27*x**6*y/20,-9*x**5*y**2/4 - 1/2,0,2,2,1,['c + 1'],False,,,,,,,,,,cert2_20.json
3*x**5*y**3 - 2*y - 2,8,True,27*x**6*y/20,-9*x**5*y**2/4 - 1/2,0,2,2,1,['c + 2'],False,,,,,,,,,,cert2_20.json
3*x**5*y**3 - 2*y - 3,8,True,27*x**6*y/20,-9*x**5*y**2/4 - 1/2,0,2,2,1,['c + 3'],False,,,,,,,,,,cert2_20.json
3*x**5*y**3 - 3*x + 1,8,True,-5*x**4*y**3/3 - 1/3,25*x**3*y**4/9,0,1,1,1,['c - 1'],False,,,,,,,,,,cert2_20.json
3*x**5*y**3 - 3*x + 2,8,True,-5*x**4*y**3/3 - 1/3,25*x**3*y**4/9,0,1,1,1,['c - 2'],False,,,,,,,,,,cert2_20.json
3*x**5*y**3 - 3*x + 3,8,True,-5*x**4*y**3/3 - 1/3,25*x**3*y**4/9,0,1,1,1,['c - 3'],False,,,,,,,,,,cert2_20.json
3*x**5*y**3 - 3*x - 1,8,True,-5*x**4*y**3/3 - 1/3,25*x**3*y**4/9,0,1,1,1,['c + 1'],False,,,,,,,,,,cert2_20.json
3*x**5*y**3 - 3*x - 2,8,True,-5*x**4*y**3/3 - 1/3,25*x**3*y**4/9,0,1,1,1,['c + 2'],False,,,,,,,,,,cert2_20.json
3*x**5*y**3 - 3*x - 3,8,True,-5*x**4*y**3/3 - 1/3,25*x**3*y**4/9,0,1,1,1,['c + 3'],False,,,,,,,,,,cert2_20.json
3*x**5*y**3 - 3*y + 1,8,True,3*x**6*y/5,-x**5*y**2 - 1/3,0,2,2,1,['c - 1'],False,,,,,,,,,,cert2_20.json
3*x**5*y**3 - 3*y + 2,8,True,3*x**6*y/5,-x**5*y**2 - 1/3,0,2,2,1,['c - 2'],False,,,,,,,,,,cert2_20.json
3*x**5*y**3 - 3*y + 3,8,True,3*x**6*y/5,-x**5*y**2 - 1/3,0,2,2,1,['c - 3'],False,,,,,,,,,,cert2_20.json
3*x**5*y**3 - 3*y - 1,8,True,3*x**6*y/5,-x**5*y**2 - 1/3,0,2,2,1,['c + 1'],False,,,,,,,,,,cert2_20.json
3*x**5*y**3 - 3*y - 2,8,True,3*x**6*y/5,-x**5*y**2 - 1/3,0,2,2,1,['c + 2'],False,,,,,,,,,,cert2_20.json
3*x**5*y**3 - 3*y - 3,8,True,3*x**6*y/5,-x**5*y**2 - 1/3,0,2,2,1,['c + 3'],False,,,,,,,,,,cert2_20.json
3*x**5*y**3 - x + 1,8,True,-15*x**4*y**3 - 1,25*x**3*y**4,0,1,1,1,['c - 1'],False,,,,,,,,,,cert2_20.json
3*x**5*y**3 - x + 2,8,True,-15*x**4*y**3 - 1,25*x**3*y**4,0,1,1,1,['c - 2'],False,,,,,,,,,,cert2_20.json
3*x**5*y**3 - x + 3,8,True,-15*x**4*y**3 - 1,25*x**3*y**4,0,1,1,1,['c - 3'],False,,,,,,,,,,cert2_20.json
3*x**5*y**3 - x - 1,8,True,-15*x**4*y**3 - 1,25*x**3*y**4,0,1,1,1,['c + 1'],False,,,,,,,,,,cert2_20.json
3*x**5*y**3 - x - 2,8,True,-15*x**4*y**3 - 1,25*x**3*y**4,0,1,1,1,['c + 2'],False,,,,,,,,,,cert2_20.json
3*x**5*y**3 - x - 3,8,True,-15*x**4*y**3 - 1,25*x**3*y**4,0,1,1,1,['c + 3'],False,,,,,,,,,,cert2_20.json
3*x**5*y**3 - y + 1,8,True,27*x**6*y/5,-9*x**5*y**2 - 1,0,2,2,1,['c - 1'],False,,,,,,,,,,cert2_20.json
3*x**5*y**3 - y + 2,8,True,27*x**6*y/5,-9*x**5*y**2 - 1,0,2,2,1,['c - 2'],False,,,,,,,,,,cert2_20.json
3*x**5*y**3 - y + 3,8,True,27*x**6*y/5,-9*x**5*y**2 - 1,0,2,2,1,['c - 3'],False,,,,,,,,,,cert2_20.json
3*x**5*y**3 - y - 1,8,True,27*x**6*y/5,-9*x**5*y**2 - 1,0,2,2,1,['c + 1'],False,,,,,,,,,,cert2_20.json
3*x**5*y**3 - y - 2,8,True,27*x**6*y/5,-9*x**5*y**2 - 1,0,2,2,1,['c + 2'],False,,,,,,,,,,cert2_20.json
3*x**5*y**3 - y - 3,8,True,27*x**6*y/5,-9*x**5*y**2 - 1,0,2,2,1,['c + 3'],False,,,,,,,,,,cert2_20.json
3*x**6*y**2 + 2*y + 1,8,True,x**7/2,-3*x**6*y/2 + 1/2,0,2,2,1,['c - 1'],False,,,,,,,,,,cert2_20.json
3*x**6*y**2 + 2*y + 2,8,True,x**7/2,-3*x**6*y/2 + 1/2,0,2,2,1,['c - 2'],False,,,,,,,,,,cert2_20.json
3*x**6*y**2 + 2*y + 3,8,True,x**7/2,-3*x**6*y/2 + 1/2,0,2,2,1,['c - 3'],False,,,,,,,,,,cert2_20.json
3*x**6*y**2 + 2*y - 1,8,True,x**7/2,-3*x**6*y/2 + 1/2,0,2,2,1,['c + 1'],False,,,,,,,,,,cert2_20.json
3*x**6*y**2 + 2*y - 2,8,True,x**7/2,-3*x**6*y/2 + 1/2,0,2,2,1,['c + 2'],False,,,,,,,,,,cert2_20.json
3*x**6*y**2 + 2*y - 3,8,True,x**7/2,-3*x**6*y/2 + 1/2,0,2,2,1,['c + 3'],False,,,,,,,,,,cert2_20.json
3*x**6*y**2 + 3*y + 1,8,True,2*x**7/9,-2*x**6*y/3 + 1/3,0,2,2,1,['c - 1'],False,,,,,,,,,,cert2_20.json
3*x**6*y**2 + 3*y + 2,8,True,2*x**7/9,-2*x**6*y/3 + 1/3,0,2,2,1,['c - 2'],False,,,,,,,,,,cert2_20.json
3*x**6*y**2 + 3*y + 3,8,True,2*x**7/9,-2*x**6*y/3 + 1/3,0,2,2,1,['c - 3'],False,,,,,,,,,,cert2_20.json
3*x**6*y**2 + 3*y - 1,8,True,2*x**7/9,-2*x**6*y/3 + 1/3,0,2,2,1,['c + 1'],False,,,,,,,,,,cert2_20.json
3*x**6*y**2 + 3*y - 2,8,True,2*x**7/9,-2*x**6*y/3 + 1/3,0,2,2,1,['c + 2'],False,,,,,,,,,,cert2_20.json
3*x**6*y**2 + 3*y - 3,8,True,2*x**7/9,-2*x**6*y/3 + 1/3,0,2,2,1,['c + 3'],False,,,,,,,,,,cert2_20.json
3*x**6*y**2 + y + 1,8,True,2*x**7,-6*x**6*y + 1,0,2,2,1,['c - 1'],False,,,,,,,,,,cert2_20.json
3*x**6*y**2 + y + 2,8,True,2*x**7,-6*x**6*y + 1,0,2,2,1,['c - 2'],False,,,,,,,,,,cert2_20.json
3*x**6*y**2 + y + 3,8,True,2*x**7,-6*x**6*y + 1,0,2,2,1,['c - 3'],False,,,,,,,,,,cert2_20.json
3*x**6*y**2 + y - 1,8,True,2*x**7,-6*x**6*y + 1,0,2,2,1,['c + 1'],False,,,,,,,,,,cert2_20.json
3*x**6*y**2 + y - 2,8,True,2*x**7,-6*x**6*y + 1,0,2,2,1,['c + 2'],False,,,,,,,,,,cert2_20.json
3*x**6*y**2 + y - 3,8,True,2*x**7,-6*x**6*y + 1,0,2,2,1,['c + 3'],False,,,,,,,,,,cert2_20.json
3*x**6*y**2 - 2*y + 1,8,True,x**7/2,-3*x**6*y/2 - 1/2,0,2,2,1,['c - 1'],False,,,,,,,,,,cert2_20.json
3*x**6*y**2 - 2*y + 2,8,True,x**7/2,-3*x**6*y/2 - 1/2,0,2,2,1,['c - 2'],False,,,,,,,,,,cert2_20.json
3*x**6*y**2 - 2*y + 3,8,True,x**7/2,-3*x**6*y/2 - 1/2,0,2,2,1,['c - 3'],False,,,,,,,,,,cert2_20.json
3*x**6*y**2 - 2*y - 1,8,True,x**7/2,-3*x**6*y/2 - 1/2,0,2,2,1,['c + 1'],False,,,,,,,,,,cert2_20.json
3*x**6*y**2 - 2*y - 2,8,True,x**7/2,-3*x**6*y/2 - 1/2,0,2,2,1,['c + 2'],False,,,,,,,,,,cert2_20.json
3*x**6*y**2 - 2*y - 3,8,True,x**7/2,-3*x**6*y/2 - 1/2,0,2,2,1,['c + 3'],False,,,,,,,,,,cert2_20.json
3*x**6*y**2 - 3*y + 1,8,True,2*x**7/9,-2*x**6*y/3 - 1/3,0,2,2,1,['c - 1'],False,,,,,,,,,,cert2_20.json
3*x**6*y**2 - 3*y + 2,8,True,2*x**7/9,-2*x**6*y/3 - 1/3,0,2,2,1,['c - 2'],False,,,,,,,,,,cert2_20.json
3*x**6*y**2 - 3*y + 3,8,True,2*x**7/9,-2*x**6*y/3 - 1/3,0,2,2,1,['c - 3'],False,,,,,,,,,,cert2_20.json
3*x**6*y**2 - 3*y - 1,8,True,2*x**7/9,-2*x**6*y/3 - 1/3,0,2,2,1,['c + 1'],False,,,,,,,,,,cert2_20.json
3*x**6*y**2 - 3*y - 2,8,True,2*x**7/9,-2*x**6*y/3 - 1/3,0,2,2,1,['c + 2'],False,,,,,,,,,,cert2_20.json
3*x**6*y**2 - 3*y - 3,8,True,2*x**7/9,-2*x**6*y/3 - 1/3,0,2,2,1,['c + 3'],False,,,,,,,,,,cert2_20.json
3*x**6*y**2 - y + 1,8,True,2*x**7,-6*x**6*y - 1,0,2,2,1,['c - 1'],False,,,,,,,,,,cert2_20.json
3*x**6*y**2 - y + 2,8,True,2*x**7,-6*x**6*y - 1,0,2,2,1,['c - 2'],False,,,,,,,,,,cert2_20.json
3*x**6*y**2 - y + 3,8,True,2*x**7,-6*x**6*y - 1,0,2,2,1,['c - 3'],False,,,,,,,,,,cert2_20.json
3*x**6*y**2 - y - 1,8,True,2*x**7,-6*x**6*y - 1,0,2,2,1,['c + 1'],False,,,,,,,,,,cert2_20.json
3*x**6*y**2 - y - 2,8,True,2*x**7,-6*x**6*y - 1,0,2,2,1,['c + 2'],False,,,,,,,,,,cert2_20.json
3*x**6*y**2 - y - 3,8,True,2*x**7,-6*x**6*y - 1,0,2,2,1,['c + 3'],False,,,,,,,,,,cert2_20.json
x**2*y**6 + 2*x + 1,8,True,-x*y**6/2 + 1/2,y**7/6,0,2,2,1,['c - 1'],False,,,,,,,,,,cert2_20.json
x**2*y**6 + 2*x + 2,8,True,-x*y**6/2 + 1/2,y**7/6,0,2,2,1,['c - 2'],False,,,,,,,,,,cert2_20.json
x**2*y**6 + 2*x + 3,8,True,-x*y**6/2 + 1/2,y**7/6,0,2,2,1,['c - 3'],False,,,,,,,,,,cert2_20.json
x**2*y**6 + 2*x - 1,8,True,-x*y**6/2 + 1/2,y**7/6,0,2,2,1,['c + 1'],False,,,,,,,,,,cert2_20.json
x**2*y**6 + 2*x - 2,8,True,-x*y**6/2 + 1/2,y**7/6,0,2,2,1,['c + 2'],False,,,,,,,,,,cert2_20.json
x**2*y**6 + 2*x - 3,8,True,-x*y**6/2 + 1/2,y**7/6,0,2,2,1,['c + 3'],False,,,,,,,,,,cert2_20.json
x**2*y**6 + 3*x + 1,8,True,-2*x*y**6/9 + 1/3,2*y**7/27,0,2,2,1,['c - 1'],False,,,,,,,,,,cert2_20.json
x**2*y**6 + 3*x + 2,8,True,-2*x*y**6/9 + 1/3,2*y**7/27,0,2,2,1,['c - 2'],False,,,,,,,,,,cert2_20.json
x**2*y**6 + 3*x + 3,8,True,-2*x*y**6/9 + 1/3,2*y**7/27,0,2,2,1,['c - 3'],False,,,,,,,,,,cert2_20.json
x**2*y**6 + 3*x - 1,8,True,-2*x*y**6/9 + 1/3,2*y**7/27,0,2,2,1,['c + 1'],False,,,,,,,,,,cert2_20.json
x**2*y**6 + 3*x - 2,8,True,-2*x*y**6/9 + 1/3,2*y**7/27,0,2,2,1,['c + 2'],False,,,,,,,,,,cert2_20.json
x**2*y**6 + 3*x - 3,8,True,-2*x*y**6/9 + 1/3,2*y**7/27,0,2,2,1,['c + 3'],False,,,,,,,,,,cert2_20.json
x**2*y**6 + x + 1,8,True,-2*x*y**6 + 1,2*y**7/3,0,2,2,1,['c - 1'],False,,,,,,,,,,cert2_20.json
x**2*y**6 + x + 2,8,True,-2*x*y**6 + 1,2*y**7/3,0,2,2,1,['c - 2'],False,,,,,,,,,,cert2_20.json
x**2*y**6 + x + 3,8,True,-2*x*y**6 + 1,2*y**7/3,0,2,2,1,['c - 3'],False,,,,,,,,,,cert2_20.json
x**2*y**6 + x - 1,8,True,-2*x*y**6 + 1,2*y**7/3,0,2,2,1,['c + 1'],False,,,,,,,,,,cert2_20.json
x**2*y**6 + x - 2,8,True,-2*x*y**6 + 1,2*y**7/3,0,2,2,1,['c + 2'],False,,,,,,,,,,cert2_20.json
x**2*y**6 + x - 3,8,True,-2*x*y**6 + 1,2*y**7/3,0,2,2,1,['c + 3'],False,,,,,,,,,,cert2_20.json
x**2*y**6 - 2*x + 1,8,True,-x*y**6/2 - 1/2,y**7/6,0,2,2,1,['c - 1'],False,,,,,,,,,,cert2_20.json
x**2*y**6 - 2*x + 2,8,True,-x*y**6/2 - 1/2,y**7/6,0,2,2,1,['c - 2'],False,,,,,,,,,,cert2_20.json
x**2*y**6 - 2*x + 3,8,True,-x*y**6/2 - 1/2,y**7/6,0,2,2,1,['c - 3'],False,,,,,,,,,,cert2_20.json
x**2*y**6 - 2*x - 1,8,True,-x*y**6/2 - 1/2,y**7/6,0,2,2,1,['c + 1'],False,,,,,,,,,,cert2_20.json
x**2*y**6 - 2*x - 2,8,True,-x*y**6/2 - 1/2,y**7/6,0,2,2,1,['c + 2'],False,,,,,,,,,,cert2_20.json
x**2*y**6 - 2*x - 3,8,True,-x*y**6/2 - 1/2,y**7/6,0,2,2,1,['c + 3'],False,,,,,,,,,,cert2_20.json
x**2*y**6 - 3*x + 1,8,True,-2*x*y**6/9 - 1/3,2*y**7/27,0,2,2,1,['c - 1'],False,,,,,,,,,,cert2_20.json
x**2*y**6 - 3*x + 2,8,True,-2*x*y**6/9 - 1/3,2*y**7/27,0,2,2,1,['c - 2'],False,,,,,,,,,,cert2_20.json
x**2*y**6 - 3*x + 3,8,True,-2*x*y**6/9 - 1/3,2*y**7/27,0,2,2,1,['c - 3'],False,,,,,,,,,,cert2_20.json
x**2*y**6 - 3*x - 1,8,True,-2*x*y**6/9 - 1/3,2*y**7/27,0,2,2,1,['c + 1'],False,,,,,,,,,,cert2_20.json
x**2*y**6 - 3*x - 2,8,True,-2*x*y**6/9 - 1/3,2*y**7/27,0,2,2,1,['c + 2'],False,,,,,,,,,,cert2_20.json
x**2*y**6 - 3*x - 3,8,True,-2*x*y**6/9 - 1/3,2*y**7/27,0,2,2,1,['c + 3'],False,,,,,,,,,,cert2_20.json
x**2*y**6 - x + 1,8,True,-2*x*y**6 - 1,2*y**7/3,0,2,2,1,['c - 1'],False,,,,,,,,,,cert2_20.json
x**2*y**6 - x + 2,8,True,-2*x*y**6 - 1,2*y**7/3,0,2,2,1,['c - 2'],False,,,,,,,,,,cert2_20.json
x**2*y**6 - x + 3,8,True,-2*x*y**6 - 1,2*y**7/3,0,2,2,1,['c - 3'],False,,,,,,,,,,cert2_20.json
x**2*y**6 - x - 1,8,True,-2*x*y**6 - 1,2*y**7/3,0,2,2,1,['c + 1'],False,,,,,,,,,,cert2_20.json
x**2*y**6 - x - 2,8,True,-2*x*y**6 - 1,2*y**7/3,0,2,2,1,['c + 2'],False,,,,,,,,,,cert2_20.json
x**2*y**6 - x - 3,8,True,-2*x*y**6 - 1,2*y**7/3,0,2,2,1,['c + 3'],False,,,,,,,,,,cert2_20.json
x**3*y**5 + 2*x + 1,8,True,-3*x**2*y**5/4 + 1/2,9*x*y**6/20,0,2,2,1,['c - 1'],False,,,,,,,,,,cert2_20.json
x**3*y**5 + 2*x + 2,8,True,-3*x**2*y**5/4 + 1/2,9*x*y**6/20,0,2,2,1,['c - 2'],False,,,,,,,,,,cert2_20.json
x**3*y**5 + 2*x + 3,8,True,-3*x**2*y**5/4 + 1/2,9*x*y**6/20,0,2,2,1,['c - 3'],False,,,,,,,,,,cert2_20.json
x**3*y**5 + 2*x - 1,8,True,-3*x**2*y**5/4 + 1/2,9*x*y**6/20,0,2,2,1,['c + 1'],False,,,,,,,,,,cert2_20.json
x**3*y**5 + 2*x - 2,8,True,-3*x**2*y**5/4 + 1/2,9*x*y**6/20,0,2,2,1,['c + 2'],False,,,,,,,,,,cert2_20.json
x**3*y**5 + 2*x - 3,8,True,-3*x**2*y**5/4 + 1/2,9*x*y**6/20,0,2,2,1,['c + 3'],False,,,,,,,,,,cert2_20.json
x**3*y**5 + 2*y + 1,8,True,25*x**4*y**3/12,-5*x**3*y**4/4 + 1/2,0,1,1,1,['c - 1'],False,,,,,,,,,,cert2_20.json
x**3*y**5 + 2*y + 2,8,True,25*x**4*y**3/12,-5*x**3*y**4/4 + 1/2,0,1,1,1,['c - 2'],False,,,,,,,,,,cert2_20.json
x**3*y**5 + 2*y + 3,8,True,25*x**4*y**3/12,-5*x**3*y**4/4 + 1/2,0,1,1,1,['c - 3'],False,,,,,,,,,,cert2_20.json
x**3*y**5 + 2*y - 1,8,True,25*x**4*y**3/12,-5*x**3*y**4/4 + 1/2,0,1,1,1,['c + 1'],False,,,,,,,,,,cert2_20.json
x**3*y**5 + 2*y - 2,8,True,25*x**4*y**3/12,-5*x**3*y**4/4 + 1/2,0,1,1,1,['c + 2'],False,,,,,,,,,,cert2_20.json
x**3*y**5 + 2*y - 3,8,True,25*x**4*y**3/12,-5*x**3*y**4/4 + 1/2,0,1,1,1,['c + 3'],False,,,,,,,,,,cert2_20.json
x**3*y**5 + 3*x + 1,8,True,-x**2*y**5/3 + 1/3,x*y**6/5,0,2,2,1,['c - 1'],False,,,,,,,,,,cert2_20.json
x**3*y**5 + 3*x + 2,8,True,-x**2*y**5/3 + 1/3,x*y**6/5,0,2,2,1,['c - 2'],False,,,,,,,,,,cert2_20.json
x**3*y**5 + 3*x + 3,8,True,-x**2*y**5/3 + 1/3,x*y**6/5,0,2,2,1,['c - 3'],False,,,,,,,,,,cert2_20.json
x**3*y**5 + 3*x - 1,8,True,-x**2*y**5/3 + 1/3,x*y**6/5,0,2,2,1,['c + 1'],False,,,,,,,,,,cert2_20.json
x**3*y**5 + 3*x - 2,8,True,-x**2*y**5/3 + 1/3,x*y**6/5,0,2,2,1,['c + 2'],False,,,,,,,,,,cert2_20.json
x**3*y**5 + 3*x - 3,8,True,-x**2*y**5/3 + 1/3,x*y**6/5,0,2,2,1,['c + 3'],False,,,,,,,,,,cert2_20.json
x**3*y**5 + 3*y + 1,8,True,25*x**4*y**3/27,-5*x**3*y**4/9 + 1/3,0,1,1,1,['c - 1'],False,,,,,,,,,,cert2_20.json
x**3*y**5 + 3*y + 2,8,True,25*x**4*y**3/27,-5*x**3*y**4/9 + 1/3,0,1,1,1,['c - 2'],False,,,,,,,,,,cert2_20.json
x**3*y**5 + 3*y + 3,8,True,25*x**4*y**3/27,-5*x**3*y**4/9 + 1/3,0,1,1,1,['c - 3'],False,,,,,,,,,,cert2_20.json
x**3*y**5 + 3*y - 1,8,True,25*x**4*y**3/27,-5*x**3*y**4/9 + 1/3,0,1,1,1,['c + 1'],False,,,,,,,,,,cert2_20.json
x**3*y**5 + 3*y - 2,8,True,25*x**4*y**3/27,-5*x**3*y**4/9 + 1/3,0,1,1,1,['c + 2'],False,,,,,,,,,,cert2_20.json
x**3*y**5 + 3*y - 3,8,True,25*x**4*y**3/27,-5*x**3*y**4/9 + 1/3,0,1,1,1,['c + 3'],False,,,,,,,,,,cert2_20.json
x**3*y**5 + x + 1,8,True,-3*x**2*y**5 + 1,9*x*y**6/5,0,2,2,1,['c - 1'],False,,,,,,,,,,cert2_20.json
x**3*y**5 + x + 2,8,True,-3*x**2*y**5 + 1,9*x*y**6/5,0,2,2,1,['c - 2'],False,,,,,,,,,,cert2_20.json
x**3*y**5 + x + 3,8,True,-3*x**2*y**5 + 1,9*x*y**6/5,0,2,2,1,['c - 3'],False,,,,,,,,,,cert2_20.json
x**3*y**5 + x - 1,8,True,-3*x**2*y**5 + 1,9*x*y**6/5,0,2,2,1,['c + 1'],False,,,,,,,,,,cert2_20.json
x**3*y**5 + x - 2,8,True,-3*x**2*y**5 + 1,9*x*y**6/5,0,2,2,1,['c + 2'],False,,,,,,,,,,cert2_20.json
x**3*y**5 + x - 3,8,True,-3*x**2*y**5 + 1,9*x*y**6/5,0,2,2,1,['c + 3'],False,,,,,,,,,,cert2_20.json
x**3*y**5 + y + 1,8,True,25*x**4*y**3/3,-5*x**3*y**4 + 1,0,1,1,1,['c - 1'],False,EMPTY,16,2,4,True,lam-738e90b141-D16,False,None,15,cert20.json
x**3*y**5 + y + 2,8,True,25*x**4*y**3/3,-5*x**3*y**4 + 1,0,1,1,1,['c - 2'],False,,,,,,,,,,cert2_20.json
x**3*y**5 + y + 3,8,True,25*x**4*y**3/3,-5*x**3*y**4 + 1,0,1,1,1,['c - 3'],False,,,,,,,,,,cert2_20.json
x**3*y**5 + y - 1,8,True,25*x**4*y**3/3,-5*x**3*y**4 + 1,0,1,1,1,['c + 1'],False,,,,,,,,,,cert2_20.json
x**3*y**5 + y - 2,8,True,25*x**4*y**3/3,-5*x**3*y**4 + 1,0,1,1,1,['c + 2'],False,,,,,,,,,,cert2_20.json
x**3*y**5 + y - 3,8,True,25*x**4*y**3/3,-5*x**3*y**4 + 1,0,1,1,1,['c + 3'],False,,,,,,,,,,cert2_20.json
x**3*y**5 - 2*x + 1,8,True,-3*x**2*y**5/4 - 1/2,9*x*y**6/20,0,2,2,1,['c - 1'],False,,,,,,,,,,cert2_20.json
x**3*y**5 - 2*x + 2,8,True,-3*x**2*y**5/4 - 1/2,9*x*y**6/20,0,2,2,1,['c - 2'],False,,,,,,,,,,cert2_20.json
x**3*y**5 - 2*x + 3,8,True,-3*x**2*y**5/4 - 1/2,9*x*y**6/20,0,2,2,1,['c - 3'],False,,,,,,,,,,cert2_20.json
x**3*y**5 - 2*x - 1,8,True,-3*x**2*y**5/4 - 1/2,9*x*y**6/20,0,2,2,1,['c + 1'],False,,,,,,,,,,cert2_20.json
x**3*y**5 - 2*x - 2,8,True,-3*x**2*y**5/4 - 1/2,9*x*y**6/20,0,2,2,1,['c + 2'],False,,,,,,,,,,cert2_20.json
x**3*y**5 - 2*x - 3,8,True,-3*x**2*y**5/4 - 1/2,9*x*y**6/20,0,2,2,1,['c + 3'],False,,,,,,,,,,cert2_20.json
x**3*y**5 - 2*y + 1,8,True,25*x**4*y**3/12,-5*x**3*y**4/4 - 1/2,0,1,1,1,['c - 1'],False,,,,,,,,,,cert2_20.json
x**3*y**5 - 2*y + 2,8,True,25*x**4*y**3/12,-5*x**3*y**4/4 - 1/2,0,1,1,1,['c - 2'],False,,,,,,,,,,cert2_20.json
x**3*y**5 - 2*y + 3,8,True,25*x**4*y**3/12,-5*x**3*y**4/4 - 1/2,0,1,1,1,['c - 3'],False,,,,,,,,,,cert2_20.json
x**3*y**5 - 2*y - 1,8,True,25*x**4*y**3/12,-5*x**3*y**4/4 - 1/2,0,1,1,1,['c + 1'],False,,,,,,,,,,cert2_20.json
x**3*y**5 - 2*y - 2,8,True,25*x**4*y**3/12,-5*x**3*y**4/4 - 1/2,0,1,1,1,['c + 2'],False,,,,,,,,,,cert2_20.json
x**3*y**5 - 2*y - 3,8,True,25*x**4*y**3/12,-5*x**3*y**4/4 - 1/2,0,1,1,1,['c + 3'],False,,,,,,,,,,cert2_20.json
x**3*y**5 - 3*x + 1,8,True,-x**2*y**5/3 - 1/3,x*y**6/5,0,2,2,1,['c - 1'],False,,,,,,,,,,cert2_20.json
x**3*y**5 - 3*x + 2,8,True,-x**2*y**5/3 - 1/3,x*y**6/5,0,2,2,1,['c - 2'],False,,,,,,,,,,cert2_20.json
x**3*y**5 - 3*x + 3,8,True,-x**2*y**5/3 - 1/3,x*y**6/5,0,2,2,1,['c - 3'],False,,,,,,,,,,cert2_20.json
x**3*y**5 - 3*x - 1,8,True,-x**2*y**5/3 - 1/3,x*y**6/5,0,2,2,1,['c + 1'],False,,,,,,,,,,cert2_20.json
x**3*y**5 - 3*x - 2,8,True,-x**2*y**5/3 - 1/3,x*y**6/5,0,2,2,1,['c + 2'],False,,,,,,,,,,cert2_20.json
x**3*y**5 - 3*x - 3,8,True,-x**2*y**5/3 - 1/3,x*y**6/5,0,2,2,1,['c + 3'],False,,,,,,,,,,cert2_20.json
x**3*y**5 - 3*y + 1,8,True,25*x**4*y**3/27,-5*x**3*y**4/9 - 1/3,0,1,1,1,['c - 1'],False,,,,,,,,,,cert2_20.json
x**3*y**5 - 3*y + 2,8,True,25*x**4*y**3/27,-5*x**3*y**4/9 - 1/3,0,1,1,1,['c - 2'],False,,,,,,,,,,cert2_20.json
x**3*y**5 - 3*y + 3,8,True,25*x**4*y**3/27,-5*x**3*y**4/9 - 1/3,0,1,1,1,['c - 3'],False,,,,,,,,,,cert2_20.json
x**3*y**5 - 3*y - 1,8,True,25*x**4*y**3/27,-5*x**3*y**4/9 - 1/3,0,1,1,1,['c + 1'],False,,,,,,,,,,cert2_20.json
x**3*y**5 - 3*y - 2,8,True,25*x**4*y**3/27,-5*x**3*y**4/9 - 1/3,0,1,1,1,['c + 2'],False,,,,,,,,,,cert2_20.json
x**3*y**5 - 3*y - 3,8,True,25*x**4*y**3/27,-5*x**3*y**4/9 - 1/3,0,1,1,1,['c + 3'],False,,,,,,,,,,cert2_20.json
x**3*y**5 - x + 1,8,True,-3*x**2*y**5 - 1,9*x*y**6/5,0,2,2,1,['c - 1'],False,,,,,,,,,,cert2_20.json
x**3*y**5 - x + 2,8,True,-3*x**2*y**5 - 1,9*x*y**6/5,0,2,2,1,['c - 2'],False,,,,,,,,,,cert2_20.json
x**3*y**5 - x + 3,8,True,-3*x**2*y**5 - 1,9*x*y**6/5,0,2,2,1,['c - 3'],False,,,,,,,,,,cert2_20.json
x**3*y**5 - x - 1,8,True,-3*x**2*y**5 - 1,9*x*y**6/5,0,2,2,1,['c + 1'],False,,,,,,,,,,cert2_20.json
x**3*y**5 - x - 2,8,True,-3*x**2*y**5 - 1,9*x*y**6/5,0,2,2,1,['c + 2'],False,,,,,,,,,,cert2_20.json
x**3*y**5 - x - 3,8,True,-3*x**2*y**5 - 1,9*x*y**6/5,0,2,2,1,['c + 3'],False,,,,,,,,,,cert2_20.json
x**3*y**5 - y + 1,8,True,25*x**4*y**3/3,-5*x**3*y**4 - 1,0,1,1,1,['c - 1'],False,EMPTY,16,2,4,True,lam-4a383ac101-D16,False,None,15,cert2_20.json
x**3*y**5 - y + 2,8,True,25*x**4*y**3/3,-5*x**3*y**4 - 1,0,1,1,1,['c - 2'],False,,,,,,,,,,cert2_20.json
x**3*y**5 - y + 3,8,True,25*x**4*y**3/3,-5*x**3*y**4 - 1,0,1,1,1,['c - 3'],False,,,,,,,,,,cert2_20.json
x**3*y**5 - y - 1,8,True,25*x**4*y**3/3,-5*x**3*y**4 - 1,0,1,1,1,['c + 1'],False,EMPTY,16,2,4,True,lam-56d44607bb-D16,False,None,15,cert2_20.json
x**3*y**5 - y - 2,8,True,25*x**4*y**3/3,-5*x**3*y**4 - 1,0,1,1,1,['c + 2'],False,,,,,,,,,,cert2_20.json
x**3*y**5 - y - 3,8,True,25*x**4*y**3/3,-5*x**3*y**4 - 1,0,1,1,1,['c + 3'],False,,,,,,,,,,cert2_20.json
x**5*y**3 + 2*x + 1,8,True,-5*x**4*y**3/4 + 1/2,25*x**3*y**4/12,0,1,1,1,['c - 1'],False,,,,,,,,,,cert2_20.json
x**5*y**3 + 2*x + 2,8,True,-5*x**4*y**3/4 + 1/2,25*x**3*y**4/12,0,1,1,1,['c - 2'],False,,,,,,,,,,cert2_20.json
x**5*y**3 + 2*x + 3,8,True,-5*x**4*y**3/4 + 1/2,25*x**3*y**4/12,0,1,1,1,['c - 3'],False,,,,,,,,,,cert2_20.json
x**5*y**3 + 2*x - 1,8,True,-5*x**4*y**3/4 + 1/2,25*x**3*y**4/12,0,1,1,1,['c + 1'],False,,,,,,,,,,cert2_20.json
x**5*y**3 + 2*x - 2,8,True,-5*x**4*y**3/4 + 1/2,25*x**3*y**4/12,0,1,1,1,['c + 2'],False,,,,,,,,,,cert2_20.json
x**5*y**3 + 2*x - 3,8,True,-5*x**4*y**3/4 + 1/2,25*x**3*y**4/12,0,1,1,1,['c + 3'],False,,,,,,,,,,cert2_20.json
x**5*y**3 + 2*y + 1,8,True,9*x**6*y/20,-3*x**5*y**2/4 + 1/2,0,2,2,1,['c - 1'],False,,,,,,,,,,cert2_20.json
x**5*y**3 + 2*y + 2,8,True,9*x**6*y/20,-3*x**5*y**2/4 + 1/2,0,2,2,1,['c - 2'],False,,,,,,,,,,cert2_20.json
x**5*y**3 + 2*y + 3,8,True,9*x**6*y/20,-3*x**5*y**2/4 + 1/2,0,2,2,1,['c - 3'],False,,,,,,,,,,cert2_20.json
x**5*y**3 + 2*y - 1,8,True,9*x**6*y/20,-3*x**5*y**2/4 + 1/2,0,2,2,1,['c + 1'],False,,,,,,,,,,cert2_20.json
x**5*y**3 + 2*y - 2,8,True,9*x**6*y/20,-3*x**5*y**2/4 + 1/2,0,2,2,1,['c + 2'],False,,,,,,,,,,cert2_20.json
x**5*y**3 + 2*y - 3,8,True,9*x**6*y/20,-3*x**5*y**2/4 + 1/2,0,2,2,1,['c + 3'],False,,,,,,,,,,cert2_20.json
x**5*y**3 + 3*x + 1,8,True,-5*x**4*y**3/9 + 1/3,25*x**3*y**4/27,0,1,1,1,['c - 1'],False,,,,,,,,,,cert2_20.json
x**5*y**3 + 3*x + 2,8,True,-5*x**4*y**3/9 + 1/3,25*x**3*y**4/27,0,1,1,1,['c - 2'],False,,,,,,,,,,cert2_20.json
x**5*y**3 + 3*x + 3,8,True,-5*x**4*y**3/9 + 1/3,25*x**3*y**4/27,0,1,1,1,['c - 3'],False,,,,,,,,,,cert2_20.json
x**5*y**3 + 3*x - 1,8,True,-5*x**4*y**3/9 + 1/3,25*x**3*y**4/27,0,1,1,1,['c + 1'],False,,,,,,,,,,cert2_20.json
x**5*y**3 + 3*x - 2,8,True,-5*x**4*y**3/9 + 1/3,25*x**3*y**4/27,0,1,1,1,['c + 2'],False,,,,,,,,,,cert2_20.json
x**5*y**3 + 3*x - 3,8,True,-5*x**4*y**3/9 + 1/3,25*x**3*y**4/27,0,1,1,1,['c + 3'],False,,,,,,,,,,cert2_20.json
x**5*y**3 + 3*y + 1,8,True,x**6*y/5,-x**5*y**2/3 + 1/3,0,2,2,1,['c - 1'],False,,,,,,,,,,cert2_20.json
x**5*y**3 + 3*y + 2,8,True,x**6*y/5,-x**5*y**2/3 + 1/3,0,2,2,1,['c - 2'],False,,,,,,,,,,cert2_20.json
x**5*y**3 + 3*y + 3,8,True,x**6*y/5,-x**5*y**2/3 + 1/3,0,2,2,1,['c - 3'],False,,,,,,,,,,cert2_20.json
x**5*y**3 + 3*y - 1,8,True,x**6*y/5,-x**5*y**2/3 + 1/3,0,2,2,1,['c + 1'],False,,,,,,,,,,cert2_20.json
x**5*y**3 + 3*y - 2,8,True,x**6*y/5,-x**5*y**2/3 + 1/3,0,2,2,1,['c + 2'],False,,,,,,,,,,cert2_20.json
x**5*y**3 + 3*y - 3,8,True,x**6*y/5,-x**5*y**2/3 + 1/3,0,2,2,1,['c + 3'],False,,,,,,,,,,cert2_20.json
x**5*y**3 + x + 1,8,True,-5*x**4*y**3 + 1,25*x**3*y**4/3,0,1,1,1,['c - 1'],False,,,,,,,,,,cert2_20.json
x**5*y**3 + x + 2,8,True,-5*x**4*y**3 + 1,25*x**3*y**4/3,0,1,1,1,['c - 2'],False,,,,,,,,,,cert2_20.json
x**5*y**3 + x + 3,8,True,-5*x**4*y**3 + 1,25*x**3*y**4/3,0,1,1,1,['c - 3'],False,,,,,,,,,,cert2_20.json
x**5*y**3 + x - 1,8,True,-5*x**4*y**3 + 1,25*x**3*y**4/3,0,1,1,1,['c + 1'],False,,,,,,,,,,cert2_20.json
x**5*y**3 + x - 2,8,True,-5*x**4*y**3 + 1,25*x**3*y**4/3,0,1,1,1,['c + 2'],False,,,,,,,,,,cert2_20.json
x**5*y**3 + x - 3,8,True,-5*x**4*y**3 + 1,25*x**3*y**4/3,0,1,1,1,['c + 3'],False,,,,,,,,,,cert2_20.json
x**5*y**3 + y + 1,8,True,9*x**6*y/5,-3*x**5*y**2 + 1,0,2,2,1,['c - 1'],False,EMPTY,16,2,4,True,lam-a311b54021-D16,False,None,15,cert20.json
x**5*y**3 + y + 2,8,True,9*x**6*y/5,-3*x**5*y**2 + 1,0,2,2,1,['c - 2'],False,,,,,,,,,,cert2_20.json
x**5*y**3 + y + 3,8,True,9*x**6*y/5,-3*x**5*y**2 + 1,0,2,2,1,['c - 3'],False,,,,,,,,,,cert2_20.json
x**5*y**3 + y - 1,8,True,9*x**6*y/5,-3*x**5*y**2 + 1,0,2,2,1,['c + 1'],False,,,,,,,,,,cert2_20.json
x**5*y**3 + y - 2,8,True,9*x**6*y/5,-3*x**5*y**2 + 1,0,2,2,1,['c + 2'],False,,,,,,,,,,cert2_20.json
x**5*y**3 + y - 3,8,True,9*x**6*y/5,-3*x**5*y**2 + 1,0,2,2,1,['c + 3'],False,,,,,,,,,,cert2_20.json
x**5*y**3 - 2*x + 1,8,True,-5*x**4*y**3/4 - 1/2,25*x**3*y**4/12,0,1,1,1,['c - 1'],False,,,,,,,,,,cert2_20.json
x**5*y**3 - 2*x + 2,8,True,-5*x**4*y**3/4 - 1/2,25*x**3*y**4/12,0,1,1,1,['c - 2'],False,,,,,,,,,,cert2_20.json
x**5*y**3 - 2*x + 3,8,True,-5*x**4*y**3/4 - 1/2,25*x**3*y**4/12,0,1,1,1,['c - 3'],False,,,,,,,,,,cert2_20.json
x**5*y**3 - 2*x - 1,8,True,-5*x**4*y**3/4 - 1/2,25*x**3*y**4/12,0,1,1,1,['c + 1'],False,,,,,,,,,,cert2_20.json
x**5*y**3 - 2*x - 2,8,True,-5*x**4*y**3/4 - 1/2,25*x**3*y**4/12,0,1,1,1,['c + 2'],False,,,,,,,,,,cert2_20.json
x**5*y**3 - 2*x - 3,8,True,-5*x**4*y**3/4 - 1/2,25*x**3*y**4/12,0,1,1,1,['c + 3'],False,,,,,,,,,,cert2_20.json
x**5*y**3 - 2*y + 1,8,True,9*x**6*y/20,-3*x**5*y**2/4 - 1/2,0,2,2,1,['c - 1'],False,,,,,,,,,,cert2_20.json
x**5*y**3 - 2*y + 2,8,True,9*x**6*y/20,-3*x**5*y**2/4 - 1/2,0,2,2,1,['c - 2'],False,,,,,,,,,,cert2_20.json
x**5*y**3 - 2*y + 3,8,True,9*x**6*y/20,-3*x**5*y**2/4 - 1/2,0,2,2,1,['c - 3'],False,,,,,,,,,,cert2_20.json
x**5*y**3 - 2*y - 1,8,True,9*x**6*y/20,-3*x**5*y**2/4 - 1/2,0,2,2,1,['c + 1'],False,,,,,,,,,,cert2_20.json
x**5*y**3 - 2*y - 2,8,True,9*x**6*y/20,-3*x**5*y**2/4 - 1/2,0,2,2,1,['c + 2'],False,,,,,,,,,,cert2_20.json
x**5*y**3 - 2*y - 3,8,True,9*x**6*y/20,-3*x**5*y**2/4 - 1/2,0,2,2,1,['c + 3'],False,,,,,,,,,,cert2_20.json
x**5*y**3 - 3*x + 1,8,True,-5*x**4*y**3/9 - 1/3,25*x**3*y**4/27,0,1,1,1,['c - 1'],False,,,,,,,,,,cert2_20.json
x**5*y**3 - 3*x + 2,8,True,-5*x**4*y**3/9 - 1/3,25*x**3*y**4/27,0,1,1,1,['c - 2'],False,,,,,,,,,,cert2_20.json
x**5*y**3 - 3*x + 3,8,True,-5*x**4*y**3/9 - 1/3,25*x**3*y**4/27,0,1,1,1,['c - 3'],False,,,,,,,,,,cert2_20.json
x**5*y**3 - 3*x - 1,8,True,-5*x**4*y**3/9 - 1/3,25*x**3*y**4/27,0,1,1,1,['c + 1'],False,,,,,,,,,,cert2_20.json
x**5*y**3 - 3*x - 2,8,True,-5*x**4*y**3/9 - 1/3,25*x**3*y**4/27,0,1,1,1,['c + 2'],False,,,,,,,,,,cert2_20.json
x**5*y**3 - 3*x - 3,8,True,-5*x**4*y**3/9 - 1/3,25*x**3*y**4/27,0,1,1,1,['c + 3'],False,,,,,,,,,,cert2_20.json
x**5*y**3 - 3*y + 1,8,True,x**6*y/5,-x**5*y**2/3 - 1/3,0,2,2,1,['c - 1'],False,,,,,,,,,,cert2_20.json
x**5*y**3 - 3*y + 2,8,True,x**6*y/5,-x**5*y**2/3 - 1/3,0,2,2,1,['c - 2'],False,,,,,,,,,,cert2_20.json
x**5*y**3 - 3*y + 3,8,True,x**6*y/5,-x**5*y**2/3 - 1/3,0,2,2,1,['c - 3'],False,,,,,,,,,,cert2_20.json
x**5*y**3 - 3*y - 1,8,True,x**6*y/5,-x**5*y**2/3 - 1/3,0,2,2,1,['c + 1'],False,,,,,,,,,,cert2_20.json
x**5*y**3 - 3*y - 2,8,True,x**6*y/5,-x**5*y**2/3 - 1/3,0,2,2,1,['c + 2'],False,,,,,,,,,,cert2_20.json
x**5*y**3 - 3*y - 3,8,True,x**6*y/5,-x**5*y**2/3 - 1/3,0,2,2,1,['c + 3'],False,,,,,,,,,,cert2_20.json
x**5*y**3 - x + 1,8,True,-5*x**4*y**3 - 1,25*x**3*y**4/3,0,1,1,1,['c - 1'],False,,,,,,,,,,cert2_20.json
x**5*y**3 - x + 2,8,True,-5*x**4*y**3 - 1,25*x**3*y**4/3,0,1,1,1,['c - 2'],False,,,,,,,,,,cert2_20.json
x**5*y**3 - x + 3,8,True,-5*x**4*y**3 - 1,25*x**3*y**4/3,0,1,1,1,['c - 3'],False,,,,,,,,,,cert2_20.json
x**5*y**3 - x - 1,8,True,-5*x**4*y**3 - 1,25*x**3*y**4/3,0,1,1,1,['c + 1'],False,,,,,,,,,,cert2_20.json
x**5*y**3 - x - 2,8,True,-5*x**4*y**3 - 1,25*x**3*y**4/3,0,1,1,1,['c + 2'],False,,,,,,,,,,cert2_20.json
x**5*y**3 - x - 3,8,True,-5*x**4*y**3 - 1,25*x**3*y**4/3,0,1,1,1,['c + 3'],False,,,,,,,,,,cert2_20.json
x**5*y**3 - y + 1,8,True,9*x**6*y/5,-3*x**5*y**2 - 1,0,2,2,1,['c - 1'],False,EMPTY,16,2,4,True,lam-1971fb7fba-D16,False,None,15,cert2_20.json
x**5*y**3 - y + 2,8,True,9*x**6*y/5,-3*x**5*y**2 - 1,0,2,2,1,['c - 2'],False,,,,,,,,,,cert2_20.json
x**5*y**3 - y + 3,8,True,9*x**6*y/5,-3*x**5*y**2 - 1,0,2,2,1,['c - 3'],False,,,,,,,,,,cert2_20.json
x**5*y**3 - y - 1,8,True,9*x**6*y/5,-3*x**5*y**2 - 1,0,2,2,1,['c + 1'],False,EMPTY,16,2,4,True,lam-5b25af1886-D16,False,None,15,cert2_20.json
x**5*y**3 - y - 2,8,True,9*x**6*y/5,-3*x**5*y**2 - 1,0,2,2,1,['c + 2'],False,,,,,,,,,,cert2_20.json
x**5*y**3 - y - 3,8,True,9*x**6*y/5,-3*x**5*y**2 - 1,0,2,2,1,['c + 3'],False,,,,,,,,,,cert2_20.json
x**6*y**2 + 2*y + 1,8,True,x**7/6,-x**6*y/2 + 1/2,0,2,2,1,['c - 1'],False,,,,,,,,,,cert2_20.json
x**6*y**2 + 2*y + 2,8,True,x**7/6,-x**6*y/2 + 1/2,0,2,2,1,['c - 2'],False,,,,,,,,,,cert2_20.json
x**6*y**2 + 2*y + 3,8,True,x**7/6,-x**6*y/2 + 1/2,0,2,2,1,['c - 3'],False,,,,,,,,,,cert2_20.json
x**6*y**2 + 2*y - 1,8,True,x**7/6,-x**6*y/2 + 1/2,0,2,2,1,['c + 1'],False,,,,,,,,,,cert2_20.json
x**6*y**2 + 2*y - 2,8,True,x**7/6,-x**6*y/2 + 1/2,0,2,2,1,['c + 2'],False,,,,,,,,,,cert2_20.json
x**6*y**2 + 2*y - 3,8,True,x**7/6,-x**6*y/2 + 1/2,0,2,2,1,['c + 3'],False,,,,,,,,,,cert2_20.json
x**6*y**2 + 3*y + 1,8,True,2*x**7/27,-2*x**6*y/9 + 1/3,0,2,2,1,['c - 1'],False,,,,,,,,,,cert2_20.json
x**6*y**2 + 3*y + 2,8,True,2*x**7/27,-2*x**6*y/9 + 1/3,0,2,2,1,['c - 2'],False,,,,,,,,,,cert2_20.json
x**6*y**2 + 3*y + 3,8,True,2*x**7/27,-2*x**6*y/9 + 1/3,0,2,2,1,['c - 3'],False,,,,,,,,,,cert2_20.json
x**6*y**2 + 3*y - 1,8,True,2*x**7/27,-2*x**6*y/9 + 1/3,0,2,2,1,['c + 1'],False,,,,,,,,,,cert2_20.json
x**6*y**2 + 3*y - 2,8,True,2*x**7/27,-2*x**6*y/9 + 1/3,0,2,2,1,['c + 2'],False,,,,,,,,,,cert2_20.json
x**6*y**2 + 3*y - 3,8,True,2*x**7/27,-2*x**6*y/9 + 1/3,0,2,2,1,['c + 3'],False,,,,,,,,,,cert2_20.json
x**6*y**2 + y + 1,8,True,2*x**7/3,-2*x**6*y + 1,0,2,2,1,['c - 1'],False,EMPTY,16,2,4,True,lam-0fdecef857-D16,False,None,72,cert20.json
x**6*y**2 + y + 2,8,True,2*x**7/3,-2*x**6*y + 1,0,2,2,1,['c - 2'],False,,,,,,,,,,cert2_20.json
x**6*y**2 + y + 3,8,True,2*x**7/3,-2*x**6*y + 1,0,2,2,1,['c - 3'],False,,,,,,,,,,cert2_20.json
x**6*y**2 + y - 1,8,True,2*x**7/3,-2*x**6*y + 1,0,2,2,1,['c + 1'],False,,,,,,,,,,cert2_20.json
x**6*y**2 + y - 2,8,True,2*x**7/3,-2*x**6*y + 1,0,2,2,1,['c + 2'],False,,,,,,,,,,cert2_20.json
x**6*y**2 + y - 3,8,True,2*x**7/3,-2*x**6*y + 1,0,2,2,1,['c + 3'],False,,,,,,,,,,cert2_20.json
x**6*y**2 - 2*y + 1,8,True,x**7/6,-x**6*y/2 - 1/2,0,2,2,1,['c - 1'],False,,,,,,,,,,cert2_20.json
x**6*y**2 - 2*y + 2,8,True,x**7/6,-x**6*y/2 - 1/2,0,2,2,1,['c - 2'],False,,,,,,,,,,cert2_20.json
x**6*y**2 - 2*y + 3,8,True,x**7/6,-x**6*y/2 - 1/2,0,2,2,1,['c - 3'],False,,,,,,,,,,cert2_20.json
x**6*y**2 - 2*y - 1,8,True,x**7/6,-x**6*y/2 - 1/2,0,2,2,1,['c + 1'],False,,,,,,,,,,cert2_20.json
x**6*y**2 - 2*y - 2,8,True,x**7/6,-x**6*y/2 - 1/2,0,2,2,1,['c + 2'],False,,,,,,,,,,cert2_20.json
x**6*y**2 - 2*y - 3,8,True,x**7/6,-x**6*y/2 - 1/2,0,2,2,1,['c + 3'],False,,,,,,,,,,cert2_20.json
x**6*y**2 - 3*y + 1,8,True,2*x**7/27,-2*x**6*y/9 - 1/3,0,2,2,1,['c - 1'],False,,,,,,,,,,cert2_20.json
x**6*y**2 - 3*y + 2,8,True,2*x**7/27,-2*x**6*y/9 - 1/3,0,2,2,1,['c - 2'],False,,,,,,,,,,cert2_20.json
x**6*y**2 - 3*y + 3,8,True,2*x**7/27,-2*x**6*y/9 - 1/3,0,2,2,1,['c - 3'],False,,,,,,,,,,cert2_20.json
x**6*y**2 - 3*y - 1,8,True,2*x**7/27,-2*x**6*y/9 - 1/3,0,2,2,1,['c + 1'],False,,,,,,,,,,cert2_20.json
x**6*y**2 - 3*y - 2,8,True,2*x**7/27,-2*x**6*y/9 - 1/3,0,2,2,1,['c + 2'],False,,,,,,,,,,cert2_20.json
x**6*y**2 - 3*y - 3,8,True,2*x**7/27,-2*x**6*y/9 - 1/3,0,2,2,1,['c + 3'],False,,,,,,,,,,cert2_20.json
x**6*y**2 - y + 1,8,True,2*x**7/3,-2*x**6*y - 1,0,2,2,1,['c - 1'],False,,,,,,,,,,cert2_20.json
x**6*y**2 - y + 2,8,True,2*x**7/3,-2*x**6*y - 1,0,2,2,1,['c - 2'],False,,,,,,,,,,cert2_20.json
x**6*y**2 - y + 3,8,True,2*x**7/3,-2*x**6*y - 1,0,2,2,1,['c - 3'],False,,,,,,,,,,cert2_20.json
x**6*y**2 - y - 1,8,True,2*x**7/3,-2*x**6*y - 1,0,2,2,1,['c + 1'],False,,,,,,,,,,cert2_20.json
x**6*y**2 - y - 2,8,True,2*x**7/3,-2*x**6*y - 1,0,2,2,1,['c + 2'],False,,,,,,,,,,cert2_20.json
x**6*y**2 - y - 3,8,True,2*x**7/3,-2*x**6*y - 1,0,2,2,1,['c + 3'],False,,,,,,,,,,cert2_20.json
-2*x**6*y**3 + x**3*y**2 + y + 1,9,True,-28*x**7*y/9 + 34*x**4/27,56*x**6*y**2/9 - 2*x**3*y + 1,0,1,1,1,['c - 1'],False,,,,,,,,,,cert20.json
-x**5*y**4 + y + 1,9,True,-16*x**6*y**2/5,4*x**5*y**3 + 1,0,2,2,1,['c - 1'],False,EMPTY,18,2,4,True,lam-3a232fd0f9-D18,False,None,71,cert20.json
-x**6*y**3 + x**3*y**2 + y + 1,9,True,-8*x**7*y/5 + 19*x**4/15,16*x**6*y**2/5 - 2*x**3*y + 1,0,1,1,1,['c - 1'],False,,,,,,,,,,cert20.json
-x**6*y**3 + y + 1,9,True,-3*x**7*y/2,3*x**6*y**2 + 1,0,1,1,1,['c - 1'],False,EMPTY,18,2,4,True,lam-9d38242527-D18,False,None,231,cert20.json
-x**7*y**2 + y + 1,9,True,-4*x**8/7,2*x**7*y + 1,0,3,3,1,['c - 1'],False,EMPTY,18,2,4,True,lam-4c69a9b07b-D18,False,None,71,cert20.json
2*x**2*y**7 + 2*x + 1,9,True,-x*y**7 + 1/2,2*y**8/7,0,3,3,1,['c - 1'],False,,,,,,,,,,cert2_20.json
2*x**2*y**7 + 2*x + 2,9,True,-x*y**7 + 1/2,2*y**8/7,0,3,3,1,['c - 2'],False,,,,,,,,,,cert2_20.json
2*x**2*y**7 + 2*x + 3,9,True,-x*y**7 + 1/2,2*y**8/7,0,3,3,1,['c - 3'],False,,,,,,,,,,cert2_20.json
2*x**2*y**7 + 2*x - 1,9,True,-x*y**7 + 1/2,2*y**8/7,0,3,3,1,['c + 1'],False,,,,,,,,,,cert2_20.json
2*x**2*y**7 + 2*x - 2,9,True,-x*y**7 + 1/2,2*y**8/7,0,3,3,1,['c + 2'],False,,,,,,,,,,cert2_20.json
2*x**2*y**7 + 2*x - 3,9,True,-x*y**7 + 1/2,2*y**8/7,0,3,3,1,['c + 3'],False,,,,,,,,,,cert2_20.json
2*x**2*y**7 + 3*x + 1,9,True,-4*x*y**7/9 + 1/3,8*y**8/63,0,3,3,1,['c - 1'],False,,,,,,,,,,cert2_20.json
2*x**2*y**7 + 3*x + 2,9,True,-4*x*y**7/9 + 1/3,8*y**8/63,0,3,3,1,['c - 2'],False,,,,,,,,,,cert2_20.json
2*x**2*y**7 + 3*x + 3,9,True,-4*x*y**7/9 + 1/3,8*y**8/63,0,3,3,1,['c - 3'],False,,,,,,,,,,cert2_20.json
2*x**2*y**7 + 3*x - 1,9,True,-4*x*y**7/9 + 1/3,8*y**8/63,0,3,3,1,['c + 1'],False,,,,,,,,,,cert2_20.json
2*x**2*y**7 + 3*x - 2,9,True,-4*x*y**7/9 + 1/3,8*y**8/63,0,3,3,1,['c + 2'],False,,,,,,,,,,cert2_20.json
2*x**2*y**7 + 3*x - 3,9,True,-4*x*y**7/9 + 1/3,8*y**8/63,0,3,3,1,['c + 3'],False,,,,,,,,,,cert2_20.json
2*x**2*y**7 + x + 1,9,True,-4*x*y**7 + 1,8*y**8/7,0,3,3,1,['c - 1'],False,,,,,,,,,,cert2_20.json
2*x**2*y**7 + x + 2,9,True,-4*x*y**7 + 1,8*y**8/7,0,3,3,1,['c - 2'],False,,,,,,,,,,cert2_20.json
2*x**2*y**7 + x + 3,9,True,-4*x*y**7 + 1,8*y**8/7,0,3,3,1,['c - 3'],False,,,,,,,,,,cert2_20.json
2*x**2*y**7 + x - 1,9,True,-4*x*y**7 + 1,8*y**8/7,0,3,3,1,['c + 1'],False,,,,,,,,,,cert2_20.json
2*x**2*y**7 + x - 2,9,True,-4*x*y**7 + 1,8*y**8/7,0,3,3,1,['c + 2'],False,,,,,,,,,,cert2_20.json
2*x**2*y**7 + x - 3,9,True,-4*x*y**7 + 1,8*y**8/7,0,3,3,1,['c + 3'],False,,,,,,,,,,cert2_20.json
2*x**2*y**7 - 2*x + 1,9,True,-x*y**7 - 1/2,2*y**8/7,0,3,3,1,['c - 1'],False,,,,,,,,,,cert2_20.json
2*x**2*y**7 - 2*x + 2,9,True,-x*y**7 - 1/2,2*y**8/7,0,3,3,1,['c - 2'],False,,,,,,,,,,cert2_20.json
2*x**2*y**7 - 2*x + 3,9,True,-x*y**7 - 1/2,2*y**8/7,0,3,3,1,['c - 3'],False,,,,,,,,,,cert2_20.json
2*x**2*y**7 - 2*x - 1,9,True,-x*y**7 - 1/2,2*y**8/7,0,3,3,1,['c + 1'],False,,,,,,,,,,cert2_20.json
2*x**2*y**7 - 2*x - 2,9,True,-x*y**7 - 1/2,2*y**8/7,0,3,3,1,['c + 2'],False,,,,,,,,,,cert2_20.json
2*x**2*y**7 - 2*x - 3,9,True,-x*y**7 - 1/2,2*y**8/7,0,3,3,1,['c + 3'],False,,,,,,,,,,cert2_20.json
2*x**2*y**7 - 3*x + 1,9,True,-4*x*y**7/9 - 1/3,8*y**8/63,0,3,3,1,['c - 1'],False,,,,,,,,,,cert2_20.json
2*x**2*y**7 - 3*x + 2,9,True,-4*x*y**7/9 - 1/3,8*y**8/63,0,3,3,1,['c - 2'],False,,,,,,,,,,cert2_20.json
2*x**2*y**7 - 3*x + 3,9,True,-4*x*y**7/9 - 1/3,8*y**8/63,0,3,3,1,['c - 3'],False,,,,,,,,,,cert2_20.json
2*x**2*y**7 - 3*x - 1,9,True,-4*x*y**7/9 - 1/3,8*y**8/63,0,3,3,1,['c + 1'],False,,,,,,,,,,cert2_20.json
2*x**2*y**7 - 3*x - 2,9,True,-4*x*y**7/9 - 1/3,8*y**8/63,0,3,3,1,['c + 2'],False,,,,,,,,,,cert2_20.json
2*x**2*y**7 - 3*x - 3,9,True,-4*x*y**7/9 - 1/3,8*y**8/63,0,3,3,1,['c + 3'],False,,,,,,,,,,cert2_20.json
2*x**2*y**7 - x + 1,9,True,-4*x*y**7 - 1,8*y**8/7,0,3,3,1,['c - 1'],False,,,,,,,,,,cert2_20.json
2*x**2*y**7 - x + 2,9,True,-4*x*y**7 - 1,8*y**8/7,0,3,3,1,['c - 2'],False,,,,,,,,,,cert2_20.json
2*x**2*y**7 - x + 3,9,True,-4*x*y**7 - 1,8*y**8/7,0,3,3,1,['c - 3'],False,,,,,,,,,,cert2_20.json
2*x**2*y**7 - x - 1,9,True,-4*x*y**7 - 1,8*y**8/7,0,3,3,1,['c + 1'],False,,,,,,,,,,cert2_20.json
2*x**2*y**7 - x - 2,9,True,-4*x*y**7 - 1,8*y**8/7,0,3,3,1,['c + 2'],False,,,,,,,,,,cert2_20.json
2*x**2*y**7 - x - 3,9,True,-4*x*y**7 - 1,8*y**8/7,0,3,3,1,['c + 3'],False,,,,,,,,,,cert2_20.json
2*x**3*y**6 + 2*x + 1,9,True,-3*x**2*y**6/2 + 1/2,3*x*y**7/4,0,1,1,1,['c - 1'],False,,,,,,,,,,cert2_20.json
2*x**3*y**6 + 2*x + 2,9,True,-3*x**2*y**6/2 + 1/2,3*x*y**7/4,0,1,1,1,['c - 2'],False,,,,,,,,,,cert2_20.json
2*x**3*y**6 + 2*x + 3,9,True,-3*x**2*y**6/2 + 1/2,3*x*y**7/4,0,1,1,1,['c - 3'],False,,,,,,,,,,cert2_20.json
2*x**3*y**6 + 2*x - 1,9,True,-3*x**2*y**6/2 + 1/2,3*x*y**7/4,0,1,1,1,['c + 1'],False,,,,,,,,,,cert2_20.json
2*x**3*y**6 + 2*x - 2,9,True,-3*x**2*y**6/2 + 1/2,3*x*y**7/4,0,1,1,1,['c + 2'],False,,,,,,,,,,cert2_20.json
2*x**3*y**6 + 2*x - 3,9,True,-3*x**2*y**6/2 + 1/2,3*x*y**7/4,0,1,1,1,['c + 3'],False,,,,,,,,,,cert2_20.json
2*x**3*y**6 + 3*x + 1,9,True,-2*x**2*y**6/3 + 1/3,x*y**7/3,0,1,1,1,['c - 1'],False,,,,,,,,,,cert2_20.json
2*x**3*y**6 + 3*x + 2,9,True,-2*x**2*y**6/3 + 1/3,x*y**7/3,0,1,1,1,['c - 2'],False,,,,,,,,,,cert2_20.json
2*x**3*y**6 + 3*x + 3,9,True,-2*x**2*y**6/3 + 1/3,x*y**7/3,0,1,1,1,['c - 3'],False,,,,,,,,,,cert2_20.json
2*x**3*y**6 + 3*x - 1,9,True,-2*x**2*y**6/3 + 1/3,x*y**7/3,0,1,1,1,['c + 1'],False,,,,,,,,,,cert2_20.json
2*x**3*y**6 + 3*x - 2,9,True,-2*x**2*y**6/3 + 1/3,x*y**7/3,0,1,1,1,['c + 2'],False,,,,,,,,,,cert2_20.json
2*x**3*y**6 + 3*x - 3,9,True,-2*x**2*y**6/3 + 1/3,x*y**7/3,0,1,1,1,['c + 3'],False,,,,,,,,,,cert2_20.json
2*x**3*y**6 + x + 1,9,True,-6*x**2*y**6 + 1,3*x*y**7,0,1,1,1,['c - 1'],False,,,,,,,,,,cert2_20.json
2*x**3*y**6 + x + 2,9,True,-6*x**2*y**6 + 1,3*x*y**7,0,1,1,1,['c - 2'],False,,,,,,,,,,cert2_20.json
2*x**3*y**6 + x + 3,9,True,-6*x**2*y**6 + 1,3*x*y**7,0,1,1,1,['c - 3'],False,,,,,,,,,,cert2_20.json
2*x**3*y**6 + x - 1,9,True,-6*x**2*y**6 + 1,3*x*y**7,0,1,1,1,['c + 1'],False,,,,,,,,,,cert2_20.json
2*x**3*y**6 + x - 2,9,True,-6*x**2*y**6 + 1,3*x*y**7,0,1,1,1,['c + 2'],False,,,,,,,,,,cert2_20.json
2*x**3*y**6 + x - 3,9,True,-6*x**2*y**6 + 1,3*x*y**7,0,1,1,1,['c + 3'],False,,,,,,,,,,cert2_20.json
2*x**3*y**6 - 2*x + 1,9,True,-3*x**2*y**6/2 - 1/2,3*x*y**7/4,0,1,1,1,['c - 1'],False,,,,,,,,,,cert2_20.json
2*x**3*y**6 - 2*x + 2,9,True,-3*x**2*y**6/2 - 1/2,3*x*y**7/4,0,1,1,1,['c - 2'],False,,,,,,,,,,cert2_20.json
2*x**3*y**6 - 2*x + 3,9,True,-3*x**2*y**6/2 - 1/2,3*x*y**7/4,0,1,1,1,['c - 3'],False,,,,,,,,,,cert2_20.json
2*x**3*y**6 - 2*x - 1,9,True,-3*x**2*y**6/2 - 1/2,3*x*y**7/4,0,1,1,1,['c + 1'],False,,,,,,,,,,cert2_20.json
2*x**3*y**6 - 2*x - 2,9,True,-3*x**2*y**6/2 - 1/2,3*x*y**7/4,0,1,1,1,['c + 2'],False,,,,,,,,,,cert2_20.json
2*x**3*y**6 - 2*x - 3,9,True,-3*x**2*y**6/2 - 1/2,3*x*y**7/4,0,1,1,1,['c + 3'],False,,,,,,,,,,cert2_20.json
2*x**3*y**6 - 3*x + 1,9,True,-2*x**2*y**6/3 - 1/3,x*y**7/3,0,1,1,1,['c - 1'],False,,,,,,,,,,cert2_20.json
2*x**3*y**6 - 3*x + 2,9,True,-2*x**2*y**6/3 - 1/3,x*y**7/3,0,1,1,1,['c - 2'],False,,,,,,,,,,cert2_20.json
2*x**3*y**6 - 3*x + 3,9,True,-2*x**2*y**6/3 - 1/3,x*y**7/3,0,1,1,1,['c - 3'],False,,,,,,,,,,cert2_20.json
2*x**3*y**6 - 3*x - 1,9,True,-2*x**2*y**6/3 - 1/3,x*y**7/3,0,1,1,1,['c + 1'],False,,,,,,,,,,cert2_20.json
2*x**3*y**6 - 3*x - 2,9,True,-2*x**2*y**6/3 - 1/3,x*y**7/3,0,1,1,1,['c + 2'],False,,,,,,,,,,cert2_20.json
2*x**3*y**6 - 3*x - 3,9,True,-2*x**2*y**6/3 - 1/3,x*y**7/3,0,1,1,1,['c + 3'],False,,,,,,,,,,cert2_20.json
2*x**3*y**6 - x + 1,9,True,-6*x**2*y**6 - 1,3*x*y**7,0,1,1,1,['c - 1'],False,,,,,,,,,,cert2_20.json
2*x**3*y**6 - x + 2,9,True,-6*x**2*y**6 - 1,3*x*y**7,0,1,1,1,['c - 2'],False,,,,,,,,,,cert2_20.json
2*x**3*y**6 - x + 3,9,True,-6*x**2*y**6 - 1,3*x*y**7,0,1,1,1,['c - 3'],False,,,,,,,,,,cert2_20.json
2*x**3*y**6 - x - 1,9,True,-6*x**2*y**6 - 1,3*x*y**7,0,1,1,1,['c + 1'],False,,,,,,,,,,cert2_20.json
2*x**3*y**6 - x - 2,9,True,-6*x**2*y**6 - 1,3*x*y**7,0,1,1,1,['c + 2'],False,,,,,,,,,,cert2_20.json
2*x**3*y**6 - x - 3,9,True,-6*x**2*y**6 - 1,3*x*y**7,0,1,1,1,['c + 3'],False,,,,,,,,,,cert2_20.json
2*x**4*y**5 + 2*x + 1,9,True,-2*x**3*y**5 + 1/2,8*x**2*y**6/5,0,2,2,1,['c - 1'],False,,,,,,,,,,cert2_20.json
2*x**4*y**5 + 2*x + 2,9,True,-2*x**3*y**5 + 1/2,8*x**2*y**6/5,0,2,2,1,['c - 2'],False,,,,,,,,,,cert2_20.json
2*x**4*y**5 + 2*x + 3,9,True,-2*x**3*y**5 + 1/2,8*x**2*y**6/5,0,2,2,1,['c - 3'],False,,,,,,,,,,cert2_20.json
2*x**4*y**5 + 2*x - 1,9,True,-2*x**3*y**5 + 1/2,8*x**2*y**6/5,0,2,2,1,['c + 1'],False,,,,,,,,,,cert2_20.json
2*x**4*y**5 + 2*x - 2,9,True,-2*x**3*y**5 + 1/2,8*x**2*y**6/5,0,2,2,1,['c + 2'],False,,,,,,,,,,cert2_20.json
2*x**4*y**5 + 2*x - 3,9,True,-2*x**3*y**5 + 1/2,8*x**2*y**6/5,0,2,2,1,['c + 3'],False,,,,,,,,,,cert2_20.json
2*x**4*y**5 + 3*x + 1,9,True,-8*x**3*y**5/9 + 1/3,32*x**2*y**6/45,0,2,2,1,['c - 1'],False,,,,,,,,,,cert2_20.json
2*x**4*y**5 + 3*x + 2,9,True,-8*x**3*y**5/9 + 1/3,32*x**2*y**6/45,0,2,2,1,['c - 2'],False,,,,,,,,,,cert2_20.json
2*x**4*y**5 + 3*x + 3,9,True,-8*x**3*y**5/9 + 1/3,32*x**2*y**6/45,0,2,2,1,['c - 3'],False,,,,,,,,,,cert2_20.json
2*x**4*y**5 + 3*x - 1,9,True,-8*x**3*y**5/9 + 1/3,32*x**2*y**6/45,0,2,2,1,['c + 1'],False,,,,,,,,,,cert2_20.json
2*x**4*y**5 + 3*x - 2,9,True,-8*x**3*y**5/9 + 1/3,32*x**2*y**6/45,0,2,2,1,['c + 2'],False,,,,,,,,,,cert2_20.json
2*x**4*y**5 + 3*x - 3,9,True,-8*x**3*y**5/9 + 1/3,32*x**2*y**6/45,0,2,2,1,['c + 3'],False,,,,,,,,,,cert2_20.json
2*x**4*y**5 + x + 1,9,True,-8*x**3*y**5 + 1,32*x**2*y**6/5,0,2,2,1,['c - 1'],False,,,,,,,,,,cert2_20.json
2*x**4*y**5 + x + 2,9,True,-8*x**3*y**5 + 1,32*x**2*y**6/5,0,2,2,1,['c - 2'],False,,,,,,,,,,cert2_20.json
2*x**4*y**5 + x + 3,9,True,-8*x**3*y**5 + 1,32*x**2*y**6/5,0,2,2,1,['c - 3'],False,,,,,,,,,,cert2_20.json
2*x**4*y**5 + x - 1,9,True,-8*x**3*y**5 + 1,32*x**2*y**6/5,0,2,2,1,['c + 1'],False,,,,,,,,,,cert2_20.json
2*x**4*y**5 + x - 2,9,True,-8*x**3*y**5 + 1,32*x**2*y**6/5,0,2,2,1,['c + 2'],False,,,,,,,,,,cert2_20.json
2*x**4*y**5 + x - 3,9,True,-8*x**3*y**5 + 1,32*x**2*y**6/5,0,2,2,1,['c + 3'],False,,,,,,,,,,cert2_20.json
2*x**4*y**5 - 2*x + 1,9,True,-2*x**3*y**5 - 1/2,8*x**2*y**6/5,0,2,2,1,['c - 1'],False,,,,,,,,,,cert2_20.json
2*x**4*y**5 - 2*x + 2,9,True,-2*x**3*y**5 - 1/2,8*x**2*y**6/5,0,2,2,1,['c - 2'],False,,,,,,,,,,cert2_20.json
2*x**4*y**5 - 2*x + 3,9,True,-2*x**3*y**5 - 1/2,8*x**2*y**6/5,0,2,2,1,['c - 3'],False,,,,,,,,,,cert2_20.json
2*x**4*y**5 - 2*x - 1,9,True,-2*x**3*y**5 - 1/2,8*x**2*y**6/5,0,2,2,1,['c + 1'],False,,,,,,,,,,cert2_20.json
2*x**4*y**5 - 2*x - 2,9,True,-2*x**3*y**5 - 1/2,8*x**2*y**6/5,0,2,2,1,['c + 2'],False,,,,,,,,,,cert2_20.json
2*x**4*y**5 - 2*x - 3,9,True,-2*x**3*y**5 - 1/2,8*x**2*y**6/5,0,2,2,1,['c + 3'],False,,,,,,,,,,cert2_20.json
2*x**4*y**5 - 3*x + 1,9,True,-8*x**3*y**5/9 - 1/3,32*x**2*y**6/45,0,2,2,1,['c - 1'],False,,,,,,,,,,cert2_20.json
2*x**4*y**5 - 3*x + 2,9,True,-8*x**3*y**5/9 - 1/3,32*x**2*y**6/45,0,2,2,1,['c - 2'],False,,,,,,,,,,cert2_20.json
2*x**4*y**5 - 3*x + 3,9,True,-8*x**3*y**5/9 - 1/3,32*x**2*y**6/45,0,2,2,1,['c - 3'],False,,,,,,,,,,cert2_20.json
2*x**4*y**5 - 3*x - 1,9,True,-8*x**3*y**5/9 - 1/3,32*x**2*y**6/45,0,2,2,1,['c + 1'],False,,,,,,,,,,cert2_20.json
2*x**4*y**5 - 3*x - 2,9,True,-8*x**3*y**5/9 - 1/3,32*x**2*y**6/45,0,2,2,1,['c + 2'],False,,,,,,,,,,cert2_20.json
2*x**4*y**5 - 3*x - 3,9,True,-8*x**3*y**5/9 - 1/3,32*x**2*y**6/45,0,2,2,1,['c + 3'],False,,,,,,,,,,cert2_20.json
2*x**4*y**5 - x + 1,9,True,-8*x**3*y**5 - 1,32*x**2*y**6/5,0,2,2,1,['c - 1'],False,,,,,,,,,,cert2_20.json
2*x**4*y**5 - x + 2,9,True,-8*x**3*y**5 - 1,32*x**2*y**6/5,0,2,2,1,['c - 2'],False,,,,,,,,,,cert2_20.json
2*x**4*y**5 - x + 3,9,True,-8*x**3*y**5 - 1,32*x**2*y**6/5,0,2,2,1,['c - 3'],False,,,,,,,,,,cert2_20.json
2*x**4*y**5 - x - 1,9,True,-8*x**3*y**5 - 1,32*x**2*y**6/5,0,2,2,1,['c + 1'],False,,,,,,,,,,cert2_20.json
2*x**4*y**5 - x - 2,9,True,-8*x**3*y**5 - 1,32*x**2*y**6/5,0,2,2,1,['c + 2'],False,,,,,,,,,,cert2_20.json
2*x**4*y**5 - x - 3,9,True,-8*x**3*y**5 - 1,32*x**2*y**6/5,0,2,2,1,['c + 3'],False,,,,,,,,,,cert2_20.json
2*x**5*y**4 + 2*y + 1,9,True,8*x**6*y**2/5,-2*x**5*y**3 + 1/2,0,2,2,1,['c - 1'],False,,,,,,,,,,cert2_20.json
2*x**5*y**4 + 2*y + 2,9,True,8*x**6*y**2/5,-2*x**5*y**3 + 1/2,0,2,2,1,['c - 2'],False,,,,,,,,,,cert2_20.json
2*x**5*y**4 + 2*y + 3,9,True,8*x**6*y**2/5,-2*x**5*y**3 + 1/2,0,2,2,1,['c - 3'],False,,,,,,,,,,cert2_20.json
2*x**5*y**4 + 2*y - 1,9,True,8*x**6*y**2/5,-2*x**5*y**3 + 1/2,0,2,2,1,['c + 1'],False,,,,,,,,,,cert2_20.json
2*x**5*y**4 + 2*y - 2,9,True,8*x**6*y**2/5,-2*x**5*y**3 + 1/2,0,2,2,1,['c + 2'],False,,,,,,,,,,cert2_20.json
2*x**5*y**4 + 2*y - 3,9,True,8*x**6*y**2/5,-2*x**5*y**3 + 1/2,0,2,2,1,['c + 3'],False,,,,,,,,,,cert2_20.json
2*x**5*y**4 + 3*y + 1,9,True,32*x**6*y**2/45,-8*x**5*y**3/9 + 1/3,0,2,2,1,['c - 1'],False,,,,,,,,,,cert2_20.json
2*x**5*y**4 + 3*y + 2,9,True,32*x**6*y**2/45,-8*x**5*y**3/9 + 1/3,0,2,2,1,['c - 2'],False,,,,,,,,,,cert2_20.json
2*x**5*y**4 + 3*y + 3,9,True,32*x**6*y**2/45,-8*x**5*y**3/9 + 1/3,0,2,2,1,['c - 3'],False,,,,,,,,,,cert2_20.json
2*x**5*y**4 + 3*y - 1,9,True,32*x**6*y**2/45,-8*x**5*y**3/9 + 1/3,0,2,2,1,['c + 1'],False,,,,,,,,,,cert2_20.json
2*x**5*y**4 + 3*y - 2,9,True,32*x**6*y**2/45,-8*x**5*y**3/9 + 1/3,0,2,2,1,['c + 2'],False,,,,,,,,,,cert2_20.json
2*x**5*y**4 + 3*y - 3,9,True,32*x**6*y**2/45,-8*x**5*y**3/9 + 1/3,0,2,2,1,['c + 3'],False,,,,,,,,,,cert2_20.json
2*x**5*y**4 + y + 1,9,True,32*x**6*y**2/5,-8*x**5*y**3 + 1,0,2,2,1,['c - 1'],False,,,,,,,,,,cert2_20.json
2*x**5*y**4 + y + 2,9,True,32*x**6*y**2/5,-8*x**5*y**3 + 1,0,2,2,1,['c - 2'],False,,,,,,,,,,cert2_20.json
2*x**5*y**4 + y + 3,9,True,32*x**6*y**2/5,-8*x**5*y**3 + 1,0,2,2,1,['c - 3'],False,,,,,,,,,,cert2_20.json
2*x**5*y**4 + y - 1,9,True,32*x**6*y**2/5,-8*x**5*y**3 + 1,0,2,2,1,['c + 1'],False,,,,,,,,,,cert2_20.json
2*x**5*y**4 + y - 2,9,True,32*x**6*y**2/5,-8*x**5*y**3 + 1,0,2,2,1,['c + 2'],False,,,,,,,,,,cert2_20.json
2*x**5*y**4 + y - 3,9,True,32*x**6*y**2/5,-8*x**5*y**3 + 1,0,2,2,1,['c + 3'],False,,,,,,,,,,cert2_20.json
2*x**5*y**4 - 2*y + 1,9,True,8*x**6*y**2/5,-2*x**5*y**3 - 1/2,0,2,2,1,['c - 1'],False,,,,,,,,,,cert2_20.json
2*x**5*y**4 - 2*y + 2,9,True,8*x**6*y**2/5,-2*x**5*y**3 - 1/2,0,2,2,1,['c - 2'],False,,,,,,,,,,cert2_20.json
2*x**5*y**4 - 2*y + 3,9,True,8*x**6*y**2/5,-2*x**5*y**3 - 1/2,0,2,2,1,['c - 3'],False,,,,,,,,,,cert2_20.json
2*x**5*y**4 - 2*y - 1,9,True,8*x**6*y**2/5,-2*x**5*y**3 - 1/2,0,2,2,1,['c + 1'],False,,,,,,,,,,cert2_20.json
2*x**5*y**4 - 2*y - 2,9,True,8*x**6*y**2/5,-2*x**5*y**3 - 1/2,0,2,2,1,['c + 2'],False,,,,,,,,,,cert2_20.json
2*x**5*y**4 - 2*y - 3,9,True,8*x**6*y**2/5,-2*x**5*y**3 - 1/2,0,2,2,1,['c + 3'],False,,,,,,,,,,cert2_20.json
2*x**5*y**4 - 3*y + 1,9,True,32*x**6*y**2/45,-8*x**5*y**3/9 - 1/3,0,2,2,1,['c - 1'],False,,,,,,,,,,cert2_20.json
2*x**5*y**4 - 3*y + 2,9,True,32*x**6*y**2/45,-8*x**5*y**3/9 - 1/3,0,2,2,1,['c - 2'],False,,,,,,,,,,cert2_20.json
2*x**5*y**4 - 3*y + 3,9,True,32*x**6*y**2/45,-8*x**5*y**3/9 - 1/3,0,2,2,1,['c - 3'],False,,,,,,,,,,cert2_20.json
2*x**5*y**4 - 3*y - 1,9,True,32*x**6*y**2/45,-8*x**5*y**3/9 - 1/3,0,2,2,1,['c + 1'],False,,,,,,,,,,cert2_20.json
2*x**5*y**4 - 3*y - 2,9,True,32*x**6*y**2/45,-8*x**5*y**3/9 - 1/3,0,2,2,1,['c + 2'],False,,,,,,,,,,cert2_20.json
2*x**5*y**4 - 3*y - 3,9,True,32*x**6*y**2/45,-8*x**5*y**3/9 - 1/3,0,2,2,1,['c + 3'],False,,,,,,,,,,cert2_20.json
2*x**5*y**4 - y + 1,9,True,32*x**6*y**2/5,-8*x**5*y**3 - 1,0,2,2,1,['c - 1'],False,,,,,,,,,,cert2_20.json
2*x**5*y**4 - y + 2,9,True,32*x**6*y**2/5,-8*x**5*y**3 - 1,0,2,2,1,['c - 2'],False,,,,,,,,,,cert2_20.json
2*x**5*y**4 - y + 3,9,True,32*x**6*y**2/5,-8*x**5*y**3 - 1,0,2,2,1,['c - 3'],False,,,,,,,,,,cert2_20.json
2*x**5*y**4 - y - 1,9,True,32*x**6*y**2/5,-8*x**5*y**3 - 1,0,2,2,1,['c + 1'],False,,,,,,,,,,cert2_20.json
2*x**5*y**4 - y - 2,9,True,32*x**6*y**2/5,-8*x**5*y**3 - 1,0,2,2,1,['c + 2'],False,,,,,,,,,,cert2_20.json
2*x**5*y**4 - y - 3,9,True,32*x**6*y**2/5,-8*x**5*y**3 - 1,0,2,2,1,['c + 3'],False,,,,,,,,,,cert2_20.json
2*x**6*y**3 + 2*y + 1,9,True,3*x**7*y/4,-3*x**6*y**2/2 + 1/2,0,1,1,1,['c - 1'],False,,,,,,,,,,cert2_20.json
2*x**6*y**3 + 2*y + 2,9,True,3*x**7*y/4,-3*x**6*y**2/2 + 1/2,0,1,1,1,['c - 2'],False,,,,,,,,,,cert2_20.json
2*x**6*y**3 + 2*y + 3,9,True,3*x**7*y/4,-3*x**6*y**2/2 + 1/2,0,1,1,1,['c - 3'],False,,,,,,,,,,cert2_20.json
2*x**6*y**3 + 2*y - 1,9,True,3*x**7*y/4,-3*x**6*y**2/2 + 1/2,0,1,1,1,['c + 1'],False,,,,,,,,,,cert2_20.json
2*x**6*y**3 + 2*y - 2,9,True,3*x**7*y/4,-3*x**6*y**2/2 + 1/2,0,1,1,1,['c + 2'],False,,,,,,,,,,cert2_20.json
2*x**6*y**3 + 2*y - 3,9,True,3*x**7*y/4,-3*x**6*y**2/2 + 1/2,0,1,1,1,['c + 3'],False,,,,,,,,,,cert2_20.json
2*x**6*y**3 + 3*y + 1,9,True,x**7*y/3,-2*x**6*y**2/3 + 1/3,0,1,1,1,['c - 1'],False,,,,,,,,,,cert2_20.json
2*x**6*y**3 + 3*y + 2,9,True,x**7*y/3,-2*x**6*y**2/3 + 1/3,0,1,1,1,['c - 2'],False,,,,,,,,,,cert2_20.json
2*x**6*y**3 + 3*y + 3,9,True,x**7*y/3,-2*x**6*y**2/3 + 1/3,0,1,1,1,['c - 3'],False,,,,,,,,,,cert2_20.json
2*x**6*y**3 + 3*y - 1,9,True,x**7*y/3,-2*x**6*y**2/3 + 1/3,0,1,1,1,['c + 1'],False,,,,,,,,,,cert2_20.json
2*x**6*y**3 + 3*y - 2,9,True,x**7*y/3,-2*x**6*y**2/3 + 1/3,0,1,1,1,['c + 2'],False,,,,,,,,,,cert2_20.json
2*x**6*y**3 + 3*y - 3,9,True,x**7*y/3,-2*x**6*y**2/3 + 1/3,0,1,1,1,['c + 3'],False,,,,,,,,,,cert2_20.json
2*x**6*y**3 + x**3*y**2 + y + 1,9,True,20*x**7*y/7 + 26*x**4/21,-40*x**6*y**2/7 - 2*x**3*y + 1,0,1,1,1,['c - 1'],False,,,,,,,,,,cert20.json
2*x**6*y**3 + y + 1,9,True,3*x**7*y,-6*x**6*y**2 + 1,0,1,1,1,['c - 1'],False,,,,,,,,,,cert2_20.json
2*x**6*y**3 + y + 2,9,True,3*x**7*y,-6*x**6*y**2 + 1,0,1,1,1,['c - 2'],False,,,,,,,,,,cert2_20.json
2*x**6*y**3 + y + 3,9,True,3*x**7*y,-6*x**6*y**2 + 1,0,1,1,1,['c - 3'],False,,,,,,,,,,cert2_20.json
2*x**6*y**3 + y - 1,9,True,3*x**7*y,-6*x**6*y**2 + 1,0,1,1,1,['c + 1'],False,,,,,,,,,,cert2_20.json
2*x**6*y**3 + y - 2,9,True,3*x**7*y,-6*x**6*y**2 + 1,0,1,1,1,['c + 2'],False,,,,,,,,,,cert2_20.json
2*x**6*y**3 + y - 3,9,True,3*x**7*y,-6*x**6*y**2 + 1,0,1,1,1,['c + 3'],False,,,,,,,,,,cert2_20.json
2*x**6*y**3 - 2*y + 1,9,True,3*x**7*y/4,-3*x**6*y**2/2 - 1/2,0,1,1,1,['c - 1'],False,,,,,,,,,,cert2_20.json
2*x**6*y**3 - 2*y + 2,9,True,3*x**7*y/4,-3*x**6*y**2/2 - 1/2,0,1,1,1,['c - 2'],False,,,,,,,,,,cert2_20.json
2*x**6*y**3 - 2*y + 3,9,True,3*x**7*y/4,-3*x**6*y**2/2 - 1/2,0,1,1,1,['c - 3'],False,,,,,,,,,,cert2_20.json
2*x**6*y**3 - 2*y - 1,9,True,3*x**7*y/4,-3*x**6*y**2/2 - 1/2,0,1,1,1,['c + 1'],False,,,,,,,,,,cert2_20.json
2*x**6*y**3 - 2*y - 2,9,True,3*x**7*y/4,-3*x**6*y**2/2 - 1/2,0,1,1,1,['c + 2'],False,,,,,,,,,,cert2_20.json
2*x**6*y**3 - 2*y - 3,9,True,3*x**7*y/4,-3*x**6*y**2/2 - 1/2,0,1,1,1,['c + 3'],False,,,,,,,,,,cert2_20.json
2*x**6*y**3 - 3*y + 1,9,True,x**7*y/3,-2*x**6*y**2/3 - 1/3,0,1,1,1,['c - 1'],False,,,,,,,,,,cert2_20.json
2*x**6*y**3 - 3*y + 2,9,True,x**7*y/3,-2*x**6*y**2/3 - 1/3,0,1,1,1,['c - 2'],False,,,,,,,,,,cert2_20.json
2*x**6*y**3 - 3*y + 3,9,True,x**7*y/3,-2*x**6*y**2/3 - 1/3,0,1,1,1,['c - 3'],False,,,,,,,,,,cert2_20.json
2*x**6*y**3 - 3*y - 1,9,True,x**7*y/3,-2*x**6*y**2/3 - 1/3,0,1,1,1,['c + 1'],False,,,,,,,,,,cert2_20.json
2*x**6*y**3 - 3*y - 2,9,True,x**7*y/3,-2*x**6*y**2/3 - 1/3,0,1,1,1,['c + 2'],False,,,,,,,,,,cert2_20.json
2*x**6*y**3 - 3*y - 3,9,True,x**7*y/3,-2*x**6*y**2/3 - 1/3,0,1,1,1,['c + 3'],False,,,,,,,,,,cert2_20.json
2*x**6*y**3 - y + 1,9,True,3*x**7*y,-6*x**6*y**2 - 1,0,1,1,1,['c - 1'],False,,,,,,,,,,cert2_20.json
2*x**6*y**3 - y + 2,9,True,3*x**7*y,-6*x**6*y**2 - 1,0,1,1,1,['c - 2'],False,,,,,,,,,,cert2_20.json
2*x**6*y**3 - y + 3,9,True,3*x**7*y,-6*x**6*y**2 - 1,0,1,1,1,['c - 3'],False,,,,,,,,,,cert2_20.json
2*x**6*y**3 - y - 1,9,True,3*x**7*y,-6*x**6*y**2 - 1,0,1,1,1,['c + 1'],False,,,,,,,,,,cert2_20.json
2*x**6*y**3 - y - 2,9,True,3*x**7*y,-6*x**6*y**2 - 1,0,1,1,1,['c + 2'],False,,,,,,,,,,cert2_20.json
2*x**6*y**3 - y - 3,9,True,3*x**7*y,-6*x**6*y**2 - 1,0,1,1,1,['c + 3'],False,,,,,,,,,,cert2_20.json
2*x**7*y**2 + 2*y + 1,9,True,2*x**8/7,-x**7*y + 1/2,0,3,3,1,['c - 1'],False,,,,,,,,,,cert2_20.json
2*x**7*y**2 + 2*y + 2,9,True,2*x**8/7,-x**7*y + 1/2,0,3,3,1,['c - 2'],False,,,,,,,,,,cert2_20.json
2*x**7*y**2 + 2*y + 3,9,True,2*x**8/7,-x**7*y + 1/2,0,3,3,1,['c - 3'],False,,,,,,,,,,cert2_20.json
2*x**7*y**2 + 2*y - 1,9,True,2*x**8/7,-x**7*y + 1/2,0,3,3,1,['c + 1'],False,,,,,,,,,,cert2_20.json
2*x**7*y**2 + 2*y - 2,9,True,2*x**8/7,-x**7*y + 1/2,0,3,3,1,['c + 2'],False,,,,,,,,,,cert2_20.json
2*x**7*y**2 + 2*y - 3,9,True,2*x**8/7,-x**7*y + 1/2,0,3,3,1,['c + 3'],False,,,,,,,,,,cert2_20.json
2*x**7*y**2 + 3*y + 1,9,True,8*x**8/63,-4*x**7*y/9 + 1/3,0,3,3,1,['c - 1'],False,,,,,,,,,,cert2_20.json
2*x**7*y**2 + 3*y + 2,9,True,8*x**8/63,-4*x**7*y/9 + 1/3,0,3,3,1,['c - 2'],False,,,,,,,,,,cert2_20.json
2*x**7*y**2 + 3*y + 3,9,True,8*x**8/63,-4*x**7*y/9 + 1/3,0,3,3,1,['c - 3'],False,,,,,,,,,,cert2_20.json
2*x**7*y**2 + 3*y - 1,9,True,8*x**8/63,-4*x**7*y/9 + 1/3,0,3,3,1,['c + 1'],False,,,,,,,,,,cert2_20.json
2*x**7*y**2 + 3*y - 2,9,True,8*x**8/63,-4*x**7*y/9 + 1/3,0,3,3,1,['c + 2'],False,,,,,,,,,,cert2_20.json
2*x**7*y**2 + 3*y - 3,9,True,8*x**8/63,-4*x**7*y/9 + 1/3,0,3,3,1,['c + 3'],False,,,,,,,,,,cert2_20.json
2*x**7*y**2 + y + 1,9,True,8*x**8/7,-4*x**7*y + 1,0,3,3,1,['c - 1'],False,,,,,,,,,,cert2_20.json
2*x**7*y**2 + y + 2,9,True,8*x**8/7,-4*x**7*y + 1,0,3,3,1,['c - 2'],False,,,,,,,,,,cert2_20.json
2*x**7*y**2 + y + 3,9,True,8*x**8/7,-4*x**7*y + 1,0,3,3,1,['c - 3'],False,,,,,,,,,,cert2_20.json
2*x**7*y**2 + y - 1,9,True,8*x**8/7,-4*x**7*y + 1,0,3,3,1,['c + 1'],False,,,,,,,,,,cert2_20.json
2*x**7*y**2 + y - 2,9,True,8*x**8/7,-4*x**7*y + 1,0,3,3,1,['c + 2'],False,,,,,,,,,,cert2_20.json
2*x**7*y**2 + y - 3,9,True,8*x**8/7,-4*x**7*y + 1,0,3,3,1,['c + 3'],False,,,,,,,,,,cert2_20.json
2*x**7*y**2 - 2*y + 1,9,True,2*x**8/7,-x**7*y - 1/2,0,3,3,1,['c - 1'],False,,,,,,,,,,cert2_20.json
2*x**7*y**2 - 2*y + 2,9,True,2*x**8/7,-x**7*y - 1/2,0,3,3,1,['c - 2'],False,,,,,,,,,,cert2_20.json
2*x**7*y**2 - 2*y + 3,9,True,2*x**8/7,-x**7*y - 1/2,0,3,3,1,['c - 3'],False,,,,,,,,,,cert2_20.json
2*x**7*y**2 - 2*y - 1,9,True,2*x**8/7,-x**7*y - 1/2,0,3,3,1,['c + 1'],False,,,,,,,,,,cert2_20.json
2*x**7*y**2 - 2*y - 2,9,True,2*x**8/7,-x**7*y - 1/2,0,3,3,1,['c + 2'],False,,,,,,,,,,cert2_20.json
2*x**7*y**2 - 2*y - 3,9,True,2*x**8/7,-x**7*y - 1/2,0,3,3,1,['c + 3'],False,,,,,,,,,,cert2_20.json
2*x**7*y**2 - 3*y + 1,9,True,8*x**8/63,-4*x**7*y/9 - 1/3,0,3,3,1,['c - 1'],False,,,,,,,,,,cert2_20.json
2*x**7*y**2 - 3*y + 2,9,True,8*x**8/63,-4*x**7*y/9 - 1/3,0,3,3,1,['c - 2'],False,,,,,,,,,,cert2_20.json
2*x**7*y**2 - 3*y + 3,9,True,8*x**8/63,-4*x**7*y/9 - 1/3,0,3,3,1,['c - 3'],False,,,,,,,,,,cert2_20.json
2*x**7*y**2 - 3*y - 1,9,True,8*x**8/63,-4*x**7*y/9 - 1/3,0,3,3,1,['c + 1'],False,,,,,,,,,,cert2_20.json
2*x**7*y**2 - 3*y - 2,9,True,8*x**8/63,-4*x**7*y/9 - 1/3,0,3,3,1,['c + 2'],False,,,,,,,,,,cert2_20.json
2*x**7*y**2 - 3*y - 3,9,True,8*x**8/63,-4*x**7*y/9 - 1/3,0,3,3,1,['c + 3'],False,,,,,,,,,,cert2_20.json
2*x**7*y**2 - y + 1,9,True,8*x**8/7,-4*x**7*y - 1,0,3,3,1,['c - 1'],False,,,,,,,,,,cert2_20.json
2*x**7*y**2 - y + 2,9,True,8*x**8/7,-4*x**7*y - 1,0,3,3,1,['c - 2'],False,,,,,,,,,,cert2_20.json
2*x**7*y**2 - y + 3,9,True,8*x**8/7,-4*x**7*y - 1,0,3,3,1,['c - 3'],False,,,,,,,,,,cert2_20.json
2*x**7*y**2 - y - 1,9,True,8*x**8/7,-4*x**7*y - 1,0,3,3,1,['c + 1'],False,,,,,,,,,,cert2_20.json
2*x**7*y**2 - y - 2,9,True,8*x**8/7,-4*x**7*y - 1,0,3,3,1,['c + 2'],False,,,,,,,,,,cert2_20.json
2*x**7*y**2 - y - 3,9,True,8*x**8/7,-4*x**7*y - 1,0,3,3,1,['c + 3'],False,,,,,,,,,,cert2_20.json
3*x**2*y**7 + 2*x + 1,9,True,-3*x*y**7/2 + 1/2,3*y**8/7,0,3,3,1,['c - 1'],False,,,,,,,,,,cert2_20.json
3*x**2*y**7 + 2*x + 2,9,True,-3*x*y**7/2 + 1/2,3*y**8/7,0,3,3,1,['c - 2'],False,,,,,,,,,,cert2_20.json
3*x**2*y**7 + 2*x + 3,9,True,-3*x*y**7/2 + 1/2,3*y**8/7,0,3,3,1,['c - 3'],False,,,,,,,,,,cert2_20.json
3*x**2*y**7 + 2*x - 1,9,True,-3*x*y**7/2 + 1/2,3*y**8/7,0,3,3,1,['c + 1'],False,,,,,,,,,,cert2_20.json
3*x**2*y**7 + 2*x - 2,9,True,-3*x*y**7/2 + 1/2,3*y**8/7,0,3,3,1,['c + 2'],False,,,,,,,,,,cert2_20.json
3*x**2*y**7 + 2*x - 3,9,True,-3*x*y**7/2 + 1/2,3*y**8/7,0,3,3,1,['c + 3'],False,,,,,,,,,,cert2_20.json
3*x**2*y**7 + 3*x + 1,9,True,-2*x*y**7/3 + 1/3,4*y**8/21,0,3,3,1,['c - 1'],False,,,,,,,,,,cert2_20.json
3*x**2*y**7 + 3*x + 2,9,True,-2*x*y**7/3 + 1/3,4*y**8/21,0,3,3,1,['c - 2'],False,,,,,,,,,,cert2_20.json
3*x**2*y**7 + 3*x + 3,9,True,-2*x*y**7/3 + 1/3,4*y**8/21,0,3,3,1,['c - 3'],False,,,,,,,,,,cert2_20.json
3*x**2*y**7 + 3*x - 1,9,True,-2*x*y**7/3 + 1/3,4*y**8/21,0,3,3,1,['c + 1'],False,,,,,,,,,,cert2_20.json
3*x**2*y**7 + 3*x - 2,9,True,-2*x*y**7/3 + 1/3,4*y**8/21,0,3,3,1,['c + 2'],False,,,,,,,,,,cert2_20.json
3*x**2*y**7 + 3*x - 3,9,True,-2*x*y**7/3 + 1/3,4*y**8/21,0,3,3,1,['c + 3'],False,,,,,,,,,,cert2_20.json
3*x**2*y**7 + x + 1,9,True,-6*x*y**7 + 1,12*y**8/7,0,3,3,1,['c - 1'],False,,,,,,,,,,cert2_20.json
3*x**2*y**7 + x + 2,9,True,-6*x*y**7 + 1,12*y**8/7,0,3,3,1,['c - 2'],False,,,,,,,,,,cert2_20.json
3*x**2*y**7 + x + 3,9,True,-6*x*y**7 + 1,12*y**8/7,0,3,3,1,['c - 3'],False,,,,,,,,,,cert2_20.json
3*x**2*y**7 + x - 1,9,True,-6*x*y**7 + 1,12*y**8/7,0,3,3,1,['c + 1'],False,,,,,,,,,,cert2_20.json
3*x**2*y**7 + x - 2,9,True,-6*x*y**7 + 1,12*y**8/7,0,3,3,1,['c + 2'],False,,,,,,,,,,cert2_20.json
3*x**2*y**7 + x - 3,9,True,-6*x*y**7 + 1,12*y**8/7,0,3,3,1,['c + 3'],False,,,,,,,,,,cert2_20.json
3*x**2*y**7 - 2*x + 1,9,True,-3*x*y**7/2 - 1/2,3*y**8/7,0,3,3,1,['c - 1'],False,,,,,,,,,,cert2_20.json
3*x**2*y**7 - 2*x + 2,9,True,-3*x*y**7/2 - 1/2,3*y**8/7,0,3,3,1,['c - 2'],False,,,,,,,,,,cert2_20.json
3*x**2*y**7 - 2*x + 3,9,True,-3*x*y**7/2 - 1/2,3*y**8/7,0,3,3,1,['c - 3'],False,,,,,,,,,,cert2_20.json
3*x**2*y**7 - 2*x - 1,9,True,-3*x*y**7/2 - 1/2,3*y**8/7,0,3,3,1,['c + 1'],False,,,,,,,,,,cert2_20.json
3*x**2*y**7 - 2*x - 2,9,True,-3*x*y**7/2 - 1/2,3*y**8/7,0,3,3,1,['c + 2'],False,,,,,,,,,,cert2_20.json
3*x**2*y**7 - 2*x - 3,9,True,-3*x*y**7/2 - 1/2,3*y**8/7,0,3,3,1,['c + 3'],False,,,,,,,,,,cert2_20.json
3*x**2*y**7 - 3*x + 1,9,True,-2*x*y**7/3 - 1/3,4*y**8/21,0,3,3,1,['c - 1'],False,,,,,,,,,,cert2_20.json
3*x**2*y**7 - 3*x + 2,9,True,-2*x*y**7/3 - 1/3,4*y**8/21,0,3,3,1,['c - 2'],False,,,,,,,,,,cert2_20.json
3*x**2*y**7 - 3*x + 3,9,True,-2*x*y**7/3 - 1/3,4*y**8/21,0,3,3,1,['c - 3'],False,,,,,,,,,,cert2_20.json
3*x**2*y**7 - 3*x - 1,9,True,-2*x*y**7/3 - 1/3,4*y**8/21,0,3,3,1,['c + 1'],False,,,,,,,,,,cert2_20.json
3*x**2*y**7 - 3*x - 2,9,True,-2*x*y**7/3 - 1/3,4*y**8/21,0,3,3,1,['c + 2'],False,,,,,,,,,,cert2_20.json
3*x**2*y**7 - 3*x - 3,9,True,-2*x*y**7/3 - 1/3,4*y**8/21,0,3,3,1,['c + 3'],False,,,,,,,,,,cert2_20.json
3*x**2*y**7 - x + 1,9,True,-6*x*y**7 - 1,12*y**8/7,0,3,3,1,['c - 1'],False,,,,,,,,,,cert2_20.json
3*x**2*y**7 - x + 2,9,True,-6*x*y**7 - 1,12*y**8/7,0,3,3,1,['c - 2'],False,,,,,,,,,,cert2_20.json
3*x**2*y**7 - x + 3,9,True,-6*x*y**7 - 1,12*y**8/7,0,3,3,1,['c - 3'],False,,,,,,,,,,cert2_20.json
3*x**2*y**7 - x - 1,9,True,-6*x*y**7 - 1,12*y**8/7,0,3,3,1,['c + 1'],False,,,,,,,,,,cert2_20.json
3*x**2*y**7 - x - 2,9,True,-6*x*y**7 - 1,12*y**8/7,0,3,3,1,['c + 2'],False,,,,,,,,,,cert2_20.json
3*x**2*y**7 - x - 3,9,True,-6*x*y**7 - 1,12*y**8/7,0,3,3,1,['c + 3'],False,,,,,,,,,,cert2_20.json
3*x**3*y**6 + 2*x + 1,9,True,-9*x**2*y**6/4 + 1/2,9*x*y**7/8,0,1,1,1,['c - 1'],False,,,,,,,,,,cert2_20.json
3*x**3*y**6 + 2*x + 2,9,True,-9*x**2*y**6/4 + 1/2,9*x*y**7/8,0,1,1,1,['c - 2'],False,,,,,,,,,,cert2_20.json
3*x**3*y**6 + 2*x + 3,9,True,-9*x**2*y**6/4 + 1/2,9*x*y**7/8,0,1,1,1,['c - 3'],False,,,,,,,,,,cert2_20.json
3*x**3*y**6 + 2*x - 1,9,True,-9*x**2*y**6/4 + 1/2,9*x*y**7/8,0,1,1,1,['c + 1'],False,,,,,,,,,,cert2_20.json
3*x**3*y**6 + 2*x - 2,9,True,-9*x**2*y**6/4 + 1/2,9*x*y**7/8,0,1,1,1,['c + 2'],False,,,,,,,,,,cert2_20.json
3*x**3*y**6 + 2*x - 3,9,True,-9*x**2*y**6/4 + 1/2,9*x*y**7/8,0,1,1,1,['c + 3'],False,,,,,,,,,,cert2_20.json
3*x**3*y**6 + 3*x + 1,9,True,-x**2*y**6 + 1/3,x*y**7/2,0,1,1,1,['c - 1'],False,,,,,,,,,,cert2_20.json
3*x**3*y**6 + 3*x + 2,9,True,-x**2*y**6 + 1/3,x*y**7/2,0,1,1,1,['c - 2'],False,,,,,,,,,,cert2_20.json
3*x**3*y**6 + 3*x + 3,9,True,-x**2*y**6 + 1/3,x*y**7/2,0,1,1,1,['c - 3'],False,,,,,,,,,,cert2_20.json
3*x**3*y**6 + 3*x - 1,9,True,-x**2*y**6 + 1/3,x*y**7/2,0,1,1,1,['c + 1'],False,,,,,,,,,,cert2_20.json
3*x**3*y**6 + 3*x - 2,9,True,-x**2*y**6 + 1/3,x*y**7/2,0,1,1,1,['c + 2'],False,,,,,,,,,,cert2_20.json
3*x**3*y**6 + 3*x - 3,9,True,-x**2*y**6 + 1/3,x*y**7/2,0,1,1,1,['c + 3'],False,,,,,,,,,,cert2_20.json
3*x**3*y**6 + x + 1,9,True,-9*x**2*y**6 + 1,9*x*y**7/2,0,1,1,1,['c - 1'],False,,,,,,,,,,cert2_20.json
3*x**3*y**6 + x + 2,9,True,-9*x**2*y**6 + 1,9*x*y**7/2,0,1,1,1,['c - 2'],False,,,,,,,,,,cert2_20.json
3*x**3*y**6 + x + 3,9,True,-9*x**2*y**6 + 1,9*x*y**7/2,0,1,1,1,['c - 3'],False,,,,,,,,,,cert2_20.json
3*x**3*y**6 + x - 1,9,True,-9*x**2*y**6 + 1,9*x*y**7/2,0,1,1,1,['c + 1'],False,,,,,,,,,,cert2_20.json
3*x**3*y**6 + x - 2,9,True,-9*x**2*y**6 + 1,9*x*y**7/2,0,1,1,1,['c + 2'],False,,,,,,,,,,cert2_20.json
3*x**3*y**6 + x - 3,9,True,-9*x**2*y**6 + 1,9*x*y**7/2,0,1,1,1,['c + 3'],False,,,,,,,,,,cert2_20.json
3*x**3*y**6 - 2*x + 1,9,True,-9*x**2*y**6/4 - 1/2,9*x*y**7/8,0,1,1,1,['c - 1'],False,,,,,,,,,,cert2_20.json
3*x**3*y**6 - 2*x + 2,9,True,-9*x**2*y**6/4 - 1/2,9*x*y**7/8,0,1,1,1,['c - 2'],False,,,,,,,,,,cert2_20.json
3*x**3*y**6 - 2*x + 3,9,True,-9*x**2*y**6/4 - 1/2,9*x*y**7/8,0,1,1,1,['c - 3'],False,,,,,,,,,,cert2_20.json
3*x**3*y**6 - 2*x - 1,9,True,-9*x**2*y**6/4 - 1/2,9*x*y**7/8,0,1,1,1,['c + 1'],False,,,,,,,,,,cert2_20.json
3*x**3*y**6 - 2*x - 2,9,True,-9*x**2*y**6/4 - 1/2,9*x*y**7/8,0,1,1,1,['c + 2'],False,,,,,,,,,,cert2_20.json
3*x**3*y**6 - 2*x - 3,9,True,-9*x**2*y**6/4 - 1/2,9*x*y**7/8,0,1,1,1,['c + 3'],False,,,,,,,,,,cert2_20.json
3*x**3*y**6 - 3*x + 1,9,True,-x**2*y**6 - 1/3,x*y**7/2,0,1,1,1,['c - 1'],False,,,,,,,,,,cert2_20.json
3*x**3*y**6 - 3*x + 2,9,True,-x**2*y**6 - 1/3,x*y**7/2,0,1,1,1,['c - 2'],False,,,,,,,,,,cert2_20.json
3*x**3*y**6 - 3*x + 3,9,True,-x**2*y**6 - 1/3,x*y**7/2,0,1,1,1,['c - 3'],False,,,,,,,,,,cert2_20.json
3*x**3*y**6 - 3*x - 1,9,True,-x**2*y**6 - 1/3,x*y**7/2,0,1,1,1,['c + 1'],False,,,,,,,,,,cert2_20.json
3*x**3*y**6 - 3*x - 2,9,True,-x**2*y**6 - 1/3,x*y**7/2,0,1,1,1,['c + 2'],False,,,,,,,,,,cert2_20.json
3*x**3*y**6 - 3*x - 3,9,True,-x**2*y**6 - 1/3,x*y**7/2,0,1,1,1,['c + 3'],False,,,,,,,,,,cert2_20.json
3*x**3*y**6 - x + 1,9,True,-9*x**2*y**6 - 1,9*x*y**7/2,0,1,1,1,['c - 1'],False,,,,,,,,,,cert2_20.json
3*x**3*y**6 - x + 2,9,True,-9*x**2*y**6 - 1,9*x*y**7/2,0,1,1,1,['c - 2'],False,,,,,,,,,,cert2_20.json
3*x**3*y**6 - x + 3,9,True,-9*x**2*y**6 - 1,9*x*y**7/2,0,1,1,1,['c - 3'],False,,,,,,,,,,cert2_20.json
3*x**3*y**6 - x - 1,9,True,-9*x**2*y**6 - 1,9*x*y**7/2,0,1,1,1,['c + 1'],False,,,,,,,,,,cert2_20.json
3*x**3*y**6 - x - 2,9,True,-9*x**2*y**6 - 1,9*x*y**7/2,0,1,1,1,['c + 2'],False,,,,,,,,,,cert2_20.json
3*x**3*y**6 - x - 3,9,True,-9*x**2*y**6 - 1,9*x*y**7/2,0,1,1,1,['c + 3'],False,,,,,,,,,,cert2_20.json
3*x**4*y**5 + 2*x + 1,9,True,-3*x**3*y**5 + 1/2,12*x**2*y**6/5,0,2,2,1,['c - 1'],False,,,,,,,,,,cert2_20.json
3*x**4*y**5 + 2*x + 2,9,True,-3*x**3*y**5 + 1/2,12*x**2*y**6/5,0,2,2,1,['c - 2'],False,,,,,,,,,,cert2_20.json
3*x**4*y**5 + 2*x + 3,9,True,-3*x**3*y**5 + 1/2,12*x**2*y**6/5,0,2,2,1,['c - 3'],False,,,,,,,,,,cert2_20.json
3*x**4*y**5 + 2*x - 1,9,True,-3*x**3*y**5 + 1/2,12*x**2*y**6/5,0,2,2,1,['c + 1'],False,,,,,,,,,,cert2_20.json
3*x**4*y**5 + 2*x - 2,9,True,-3*x**3*y**5 + 1/2,12*x**2*y**6/5,0,2,2,1,['c + 2'],False,,,,,,,,,,cert2_20.json
3*x**4*y**5 + 2*x - 3,9,True,-3*x**3*y**5 + 1/2,12*x**2*y**6/5,0,2,2,1,['c + 3'],False,,,,,,,,,,cert2_20.json
3*x**4*y**5 + 3*x + 1,9,True,-4*x**3*y**5/3 + 1/3,16*x**2*y**6/15,0,2,2,1,['c - 1'],False,,,,,,,,,,cert2_20.json
3*x**4*y**5 + 3*x + 2,9,True,-4*x**3*y**5/3 + 1/3,16*x**2*y**6/15,0,2,2,1,['c - 2'],False,,,,,,,,,,cert2_20.json
3*x**4*y**5 + 3*x + 3,9,True,-4*x**3*y**5/3 + 1/3,16*x**2*y**6/15,0,2,2,1,['c - 3'],False,,,,,,,,,,cert2_20.json
3*x**4*y**5 + 3*x - 1,9,True,-4*x**3*y**5/3 + 1/3,16*x**2*y**6/15,0,2,2,1,['c + 1'],False,,,,,,,,,,cert2_20.json
3*x**4*y**5 + 3*x - 2,9,True,-4*x**3*y**5/3 + 1/3,16*x**2*y**6/15,0,2,2,1,['c + 2'],False,,,,,,,,,,cert2_20.json
3*x**4*y**5 + 3*x - 3,9,True,-4*x**3*y**5/3 + 1/3,16*x**2*y**6/15,0,2,2,1,['c + 3'],False,,,,,,,,,,cert2_20.json
3*x**4*y**5 + x + 1,9,True,-12*x**3*y**5 + 1,48*x**2*y**6/5,0,2,2,1,['c - 1'],False,,,,,,,,,,cert2_20.json
3*x**4*y**5 + x + 2,9,True,-12*x**3*y**5 + 1,48*x**2*y**6/5,0,2,2,1,['c - 2'],False,,,,,,,,,,cert2_20.json
3*x**4*y**5 + x + 3,9,True,-12*x**3*y**5 + 1,48*x**2*y**6/5,0,2,2,1,['c - 3'],False,,,,,,,,,,cert2_20.json
3*x**4*y**5 + x - 1,9,True,-12*x**3*y**5 + 1,48*x**2*y**6/5,0,2,2,1,['c + 1'],False,,,,,,,,,,cert2_20.json
3*x**4*y**5 + x - 2,9,True,-12*x**3*y**5 + 1,48*x**2*y**6/5,0,2,2,1,['c + 2'],False,,,,,,,,,,cert2_20.json
3*x**4*y**5 + x - 3,9,True,-12*x**3*y**5 + 1,48*x**2*y**6/5,0,2,2,1,['c + 3'],False,,,,,,,,,,cert2_20.json
3*x**4*y**5 - 2*x + 1,9,True,-3*x**3*y**5 - 1/2,12*x**2*y**6/5,0,2,2,1,['c - 1'],False,,,,,,,,,,cert2_20.json
3*x**4*y**5 - 2*x + 2,9,True,-3*x**3*y**5 - 1/2,12*x**2*y**6/5,0,2,2,1,['c - 2'],False,,,,,,,,,,cert2_20.json
3*x**4*y**5 - 2*x + 3,9,True,-3*x**3*y**5 - 1/2,12*x**2*y**6/5,0,2,2,1,['c - 3'],False,,,,,,,,,,cert2_20.json
3*x**4*y**5 - 2*x - 1,9,True,-3*x**3*y**5 - 1/2,12*x**2*y**6/5,0,2,2,1,['c + 1'],False,,,,,,,,,,cert2_20.json
3*x**4*y**5 - 2*x - 2,9,True,-3*x**3*y**5 - 1/2,12*x**2*y**6/5,0,2,2,1,['c + 2'],False,,,,,,,,,,cert2_20.json
3*x**4*y**5 - 2*x - 3,9,True,-3*x**3*y**5 - 1/2,12*x**2*y**6/5,0,2,2,1,['c + 3'],False,,,,,,,,,,cert2_20.json
3*x**4*y**5 - 3*x + 1,9,True,-4*x**3*y**5/3 - 1/3,16*x**2*y**6/15,0,2,2,1,['c - 1'],False,,,,,,,,,,cert2_20.json
3*x**4*y**5 - 3*x + 2,9,True,-4*x**3*y**5/3 - 1/3,16*x**2*y**6/15,0,2,2,1,['c - 2'],False,,,,,,,,,,cert2_20.json
3*x**4*y**5 - 3*x + 3,9,True,-4*x**3*y**5/3 - 1/3,16*x**2*y**6/15,0,2,2,1,['c - 3'],False,,,,,,,,,,cert2_20.json
3*x**4*y**5 - 3*x - 1,9,True,-4*x**3*y**5/3 - 1/3,16*x**2*y**6/15,0,2,2,1,['c + 1'],False,,,,,,,,,,cert2_20.json
3*x**4*y**5 - 3*x - 2,9,True,-4*x**3*y**5/3 - 1/3,16*x**2*y**6/15,0,2,2,1,['c + 2'],False,,,,,,,,,,cert2_20.json
3*x**4*y**5 - 3*x - 3,9,True,-4*x**3*y**5/3 - 1/3,16*x**2*y**6/15,0,2,2,1,['c + 3'],False,,,,,,,,,,cert2_20.json
3*x**4*y**5 - x + 1,9,True,-12*x**3*y**5 - 1,48*x**2*y**6/5,0,2,2,1,['c - 1'],False,,,,,,,,,,cert2_20.json
3*x**4*y**5 - x + 2,9,True,-12*x**3*y**5 - 1,48*x**2*y**6/5,0,2,2,1,['c - 2'],False,,,,,,,,,,cert2_20.json
3*x**4*y**5 - x + 3,9,True,-12*x**3*y**5 - 1,48*x**2*y**6/5,0,2,2,1,['c - 3'],False,,,,,,,,,,cert2_20.json
3*x**4*y**5 - x - 1,9,True,-12*x**3*y**5 - 1,48*x**2*y**6/5,0,2,2,1,['c + 1'],False,,,,,,,,,,cert2_20.json
3*x**4*y**5 - x - 2,9,True,-12*x**3*y**5 - 1,48*x**2*y**6/5,0,2,2,1,['c + 2'],False,,,,,,,,,,cert2_20.json
3*x**4*y**5 - x - 3,9,True,-12*x**3*y**5 - 1,48*x**2*y**6/5,0,2,2,1,['c + 3'],False,,,,,,,,,,cert2_20.json
3*x**5*y**4 + 2*y + 1,9,True,12*x**6*y**2/5,-3*x**5*y**3 + 1/2,0,2,2,1,['c - 1'],False,,,,,,,,,,cert2_20.json
3*x**5*y**4 + 2*y + 2,9,True,12*x**6*y**2/5,-3*x**5*y**3 + 1/2,0,2,2,1,['c - 2'],False,,,,,,,,,,cert2_20.json
3*x**5*y**4 + 2*y + 3,9,True,12*x**6*y**2/5,-3*x**5*y**3 + 1/2,0,2,2,1,['c - 3'],False,,,,,,,,,,cert2_20.json
3*x**5*y**4 + 2*y - 1,9,True,12*x**6*y**2/5,-3*x**5*y**3 + 1/2,0,2,2,1,['c + 1'],False,,,,,,,,,,cert2_20.json
3*x**5*y**4 + 2*y - 2,9,True,12*x**6*y**2/5,-3*x**5*y**3 + 1/2,0,2,2,1,['c + 2'],False,,,,,,,,,,cert2_20.json
3*x**5*y**4 + 2*y - 3,9,True,12*x**6*y**2/5,-3*x**5*y**3 + 1/2,0,2,2,1,['c + 3'],False,,,,,,,,,,cert2_20.json
3*x**5*y**4 + 3*y + 1,9,True,16*x**6*y**2/15,-4*x**5*y**3/3 + 1/3,0,2,2,1,['c - 1'],False,,,,,,,,,,cert2_20.json
3*x**5*y**4 + 3*y + 2,9,True,16*x**6*y**2/15,-4*x**5*y**3/3 + 1/3,0,2,2,1,['c - 2'],False,,,,,,,,,,cert2_20.json
3*x**5*y**4 + 3*y + 3,9,True,16*x**6*y**2/15,-4*x**5*y**3/3 + 1/3,0,2,2,1,['c - 3'],False,,,,,,,,,,cert2_20.json
3*x**5*y**4 + 3*y - 1,9,True,16*x**6*y**2/15,-4*x**5*y**3/3 + 1/3,0,2,2,1,['c + 1'],False,,,,,,,,,,cert2_20.json
3*x**5*y**4 + 3*y - 2,9,True,16*x**6*y**2/15,-4*x**5*y**3/3 + 1/3,0,2,2,1,['c + 2'],False,,,,,,,,,,cert2_20.json
3*x**5*y**4 + 3*y - 3,9,True,16*x**6*y**2/15,-4*x**5*y**3/3 + 1/3,0,2,2,1,['c + 3'],False,,,,,,,,,,cert2_20.json
3*x**5*y**4 + y + 1,9,True,48*x**6*y**2/5,-12*x**5*y**3 + 1,0,2,2,1,['c - 1'],False,,,,,,,,,,cert2_20.json
3*x**5*y**4 + y + 2,9,True,48*x**6*y**2/5,-12*x**5*y**3 + 1,0,2,2,1,['c - 2'],False,,,,,,,,,,cert2_20.json
3*x**5*y**4 + y + 3,9,True,48*x**6*y**2/5,-12*x**5*y**3 + 1,0,2,2,1,['c - 3'],False,,,,,,,,,,cert2_20.json
3*x**5*y**4 + y - 1,9,True,48*x**6*y**2/5,-12*x**5*y**3 + 1,0,2,2,1,['c + 1'],False,,,,,,,,,,cert2_20.json
3*x**5*y**4 + y - 2,9,True,48*x**6*y**2/5,-12*x**5*y**3 + 1,0,2,2,1,['c + 2'],False,,,,,,,,,,cert2_20.json
3*x**5*y**4 + y - 3,9,True,48*x**6*y**2/5,-12*x**5*y**3 + 1,0,2,2,1,['c + 3'],False,,,,,,,,,,cert2_20.json
3*x**5*y**4 - 2*y + 1,9,True,12*x**6*y**2/5,-3*x**5*y**3 - 1/2,0,2,2,1,['c - 1'],False,,,,,,,,,,cert2_20.json
3*x**5*y**4 - 2*y + 2,9,True,12*x**6*y**2/5,-3*x**5*y**3 - 1/2,0,2,2,1,['c - 2'],False,,,,,,,,,,cert2_20.json
3*x**5*y**4 - 2*y + 3,9,True,12*x**6*y**2/5,-3*x**5*y**3 - 1/2,0,2,2,1,['c - 3'],False,,,,,,,,,,cert2_20.json
3*x**5*y**4 - 2*y - 1,9,True,12*x**6*y**2/5,-3*x**5*y**3 - 1/2,0,2,2,1,['c + 1'],False,,,,,,,,,,cert2_20.json
3*x**5*y**4 - 2*y - 2,9,True,12*x**6*y**2/5,-3*x**5*y**3 - 1/2,0,2,2,1,['c + 2'],False,,,,,,,,,,cert2_20.json
3*x**5*y**4 - 2*y - 3,9,True,12*x**6*y**2/5,-3*x**5*y**3 - 1/2,0,2,2,1,['c + 3'],False,,,,,,,,,,cert2_20.json
3*x**5*y**4 - 3*y + 1,9,True,16*x**6*y**2/15,-4*x**5*y**3/3 - 1/3,0,2,2,1,['c - 1'],False,,,,,,,,,,cert2_20.json
3*x**5*y**4 - 3*y + 2,9,True,16*x**6*y**2/15,-4*x**5*y**3/3 - 1/3,0,2,2,1,['c - 2'],False,,,,,,,,,,cert2_20.json
3*x**5*y**4 - 3*y + 3,9,True,16*x**6*y**2/15,-4*x**5*y**3/3 - 1/3,0,2,2,1,['c - 3'],False,,,,,,,,,,cert2_20.json
3*x**5*y**4 - 3*y - 1,9,True,16*x**6*y**2/15,-4*x**5*y**3/3 - 1/3,0,2,2,1,['c + 1'],False,,,,,,,,,,cert2_20.json
3*x**5*y**4 - 3*y - 2,9,True,16*x**6*y**2/15,-4*x**5*y**3/3 - 1/3,0,2,2,1,['c + 2'],False,,,,,,,,,,cert2_20.json
3*x**5*y**4 - 3*y - 3,9,True,16*x**6*y**2/15,-4*x**5*y**3/3 - 1/3,0,2,2,1,['c + 3'],False,,,,,,,,,,cert2_20.json
3*x**5*y**4 - y + 1,9,True,48*x**6*y**2/5,-12*x**5*y**3 - 1,0,2,2,1,['c - 1'],False,,,,,,,,,,cert2_20.json
3*x**5*y**4 - y + 2,9,True,48*x**6*y**2/5,-12*x**5*y**3 - 1,0,2,2,1,['c - 2'],False,,,,,,,,,,cert2_20.json
3*x**5*y**4 - y + 3,9,True,48*x**6*y**2/5,-12*x**5*y**3 - 1,0,2,2,1,['c - 3'],False,,,,,,,,,,cert2_20.json
3*x**5*y**4 - y - 1,9,True,48*x**6*y**2/5,-12*x**5*y**3 - 1,0,2,2,1,['c + 1'],False,,,,,,,,,,cert2_20.json
3*x**5*y**4 - y - 2,9,True,48*x**6*y**2/5,-12*x**5*y**3 - 1,0,2,2,1,['c + 2'],False,,,,,,,,,,cert2_20.json
3*x**5*y**4 - y - 3,9,True,48*x**6*y**2/5,-12*x**5*y**3 - 1,0,2,2,1,['c + 3'],False,,,,,,,,,,cert2_20.json
3*x**6*y**3 + 2*y + 1,9,True,9*x**7*y/8,-9*x**6*y**2/4 + 1/2,0,1,1,1,['c - 1'],False,,,,,,,,,,cert2_20.json
3*x**6*y**3 + 2*y + 2,9,True,9*x**7*y/8,-9*x**6*y**2/4 + 1/2,0,1,1,1,['c - 2'],False,,,,,,,,,,cert2_20.json
3*x**6*y**3 + 2*y + 3,9,True,9*x**7*y/8,-9*x**6*y**2/4 + 1/2,0,1,1,1,['c - 3'],False,,,,,,,,,,cert2_20.json
3*x**6*y**3 + 2*y - 1,9,True,9*x**7*y/8,-9*x**6*y**2/4 + 1/2,0,1,1,1,['c + 1'],False,,,,,,,,,,cert2_20.json
3*x**6*y**3 + 2*y - 2,9,True,9*x**7*y/8,-9*x**6*y**2/4 + 1/2,0,1,1,1,['c + 2'],False,,,,,,,,,,cert2_20.json
3*x**6*y**3 + 2*y - 3,9,True,9*x**7*y/8,-9*x**6*y**2/4 + 1/2,0,1,1,1,['c + 3'],False,,,,,,,,,,cert2_20.json
3*x**6*y**3 + 3*y + 1,9,True,x**7*y/2,-x**6*y**2 + 1/3,0,1,1,1,['c - 1'],False,,,,,,,,,,cert2_20.json
3*x**6*y**3 + 3*y + 2,9,True,x**7*y/2,-x**6*y**2 + 1/3,0,1,1,1,['c - 2'],False,,,,,,,,,,cert2_20.json
3*x**6*y**3 + 3*y + 3,9,True,x**7*y/2,-x**6*y**2 + 1/3,0,1,1,1,['c - 3'],False,,,,,,,,,,cert2_20.json
3*x**6*y**3 + 3*y - 1,9,True,x**7*y/2,-x**6*y**2 + 1/3,0,1,1,1,['c + 1'],False,,,,,,,,,,cert2_20.json
3*x**6*y**3 + 3*y - 2,9,True,x**7*y/2,-x**6*y**2 + 1/3,0,1,1,1,['c + 2'],False,,,,,,,,,,cert2_20.json
3*x**6*y**3 + 3*y - 3,9,True,x**7*y/2,-x**6*y**2 + 1/3,0,1,1,1,['c + 3'],False,,,,,,,,,,cert2_20.json
3*x**6*y**3 + x**3*y**2 + y + 1,9,True,48*x**7*y/11 + 41*x**4/33,-96*x**6*y**2/11 - 2*x**3*y + 1,0,1,1,1,['c - 1'],False,,,,,,,,,,cert20.json
3*x**6*y**3 + y + 1,9,True,9*x**7*y/2,-9*x**6*y**2 + 1,0,1,1,1,['c - 1'],False,,,,,,,,,,cert2_20.json
3*x**6*y**3 + y + 2,9,True,9*x**7*y/2,-9*x**6*y**2 + 1,0,1,1,1,['c - 2'],False,,,,,,,,,,cert2_20.json
3*x**6*y**3 + y + 3,9,True,9*x**7*y/2,-9*x**6*y**2 + 1,0,1,1,1,['c - 3'],False,,,,,,,,,,cert2_20.json
3*x**6*y**3 + y - 1,9,True,9*x**7*y/2,-9*x**6*y**2 + 1,0,1,1,1,['c + 1'],False,,,,,,,,,,cert2_20.json
3*x**6*y**3 + y - 2,9,True,9*x**7*y/2,-9*x**6*y**2 + 1,0,1,1,1,['c + 2'],False,,,,,,,,,,cert2_20.json
3*x**6*y**3 + y - 3,9,True,9*x**7*y/2,-9*x**6*y**2 + 1,0,1,1,1,['c + 3'],False,,,,,,,,,,cert2_20.json
3*x**6*y**3 - 2*y + 1,9,True,9*x**7*y/8,-9*x**6*y**2/4 - 1/2,0,1,1,1,['c - 1'],False,,,,,,,,,,cert2_20.json
3*x**6*y**3 - 2*y + 2,9,True,9*x**7*y/8,-9*x**6*y**2/4 - 1/2,0,1,1,1,['c - 2'],False,,,,,,,,,,cert2_20.json
3*x**6*y**3 - 2*y + 3,9,True,9*x**7*y/8,-9*x**6*y**2/4 - 1/2,0,1,1,1,['c - 3'],False,,,,,,,,,,cert2_20.json
3*x**6*y**3 - 2*y - 1,9,True,9*x**7*y/8,-9*x**6*y**2/4 - 1/2,0,1,1,1,['c + 1'],False,,,,,,,,,,cert2_20.json
3*x**6*y**3 - 2*y - 2,9,True,9*x**7*y/8,-9*x**6*y**2/4 - 1/2,0,1,1,1,['c + 2'],False,,,,,,,,,,cert2_20.json
3*x**6*y**3 - 2*y - 3,9,True,9*x**7*y/8,-9*x**6*y**2/4 - 1/2,0,1,1,1,['c + 3'],False,,,,,,,,,,cert2_20.json
3*x**6*y**3 - 3*y + 1,9,True,x**7*y/2,-x**6*y**2 - 1/3,0,1,1,1,['c - 1'],False,,,,,,,,,,cert2_20.json
3*x**6*y**3 - 3*y + 2,9,True,x**7*y/2,-x**6*y**2 - 1/3,0,1,1,1,['c - 2'],False,,,,,,,,,,cert2_20.json
3*x**6*y**3 - 3*y + 3,9,True,x**7*y/2,-x**6*y**2 - 1/3,0,1,1,1,['c - 3'],False,,,,,,,,,,cert2_20.json
3*x**6*y**3 - 3*y - 1,9,True,x**7*y/2,-x**6*y**2 - 1/3,0,1,1,1,['c + 1'],False,,,,,,,,,,cert2_20.json
3*x**6*y**3 - 3*y - 2,9,True,x**7*y/2,-x**6*y**2 - 1/3,0,1,1,1,['c + 2'],False,,,,,,,,,,cert2_20.json
3*x**6*y**3 - 3*y - 3,9,True,x**7*y/2,-x**6*y**2 - 1/3,0,1,1,1,['c + 3'],False,,,,,,,,,,cert2_20.json
3*x**6*y**3 - y + 1,9,True,9*x**7*y/2,-9*x**6*y**2 - 1,0,1,1,1,['c - 1'],False,,,,,,,,,,cert2_20.json
3*x**6*y**3 - y + 2,9,True,9*x**7*y/2,-9*x**6*y**2 - 1,0,1,1,1,['c - 2'],False,,,,,,,,,,cert2_20.json
3*x**6*y**3 - y + 3,9,True,9*x**7*y/2,-9*x**6*y**2 - 1,0,1,1,1,['c - 3'],False,,,,,,,,,,cert2_20.json
3*x**6*y**3 - y - 1,9,True,9*x**7*y/2,-9*x**6*y**2 - 1,0,1,1,1,['c + 1'],False,,,,,,,,,,cert2_20.json
3*x**6*y**3 - y - 2,9,True,9*x**7*y/2,-9*x**6*y**2 - 1,0,1,1,1,['c + 2'],False,,,,,,,,,,cert2_20.json
3*x**6*y**3 - y - 3,9,True,9*x**7*y/2,-9*x**6*y**2 - 1,0,1,1,1,['c + 3'],False,,,,,,,,,,cert2_20.json
3*x**7*y**2 + 2*y + 1,9,True,3*x**8/7,-3*x**7*y/2 + 1/2,0,3,3,1,['c - 1'],False,,,,,,,,,,cert2_20.json
3*x**7*y**2 + 2*y + 2,9,True,3*x**8/7,-3*x**7*y/2 + 1/2,0,3,3,1,['c - 2'],False,,,,,,,,,,cert2_20.json
3*x**7*y**2 + 2*y + 3,9,True,3*x**8/7,-3*x**7*y/2 + 1/2,0,3,3,1,['c - 3'],False,,,,,,,,,,cert2_20.json
3*x**7*y**2 + 2*y - 1,9,True,3*x**8/7,-3*x**7*y/2 + 1/2,0,3,3,1,['c + 1'],False,,,,,,,,,,cert2_20.json
3*x**7*y**2 + 2*y - 2,9,True,3*x**8/7,-3*x**7*y/2 + 1/2,0,3,3,1,['c + 2'],False,,,,,,,,,,cert2_20.json
3*x**7*y**2 + 2*y - 3,9,True,3*x**8/7,-3*x**7*y/2 + 1/2,0,3,3,1,['c + 3'],False,,,,,,,,,,cert2_20.json
3*x**7*y**2 + 3*y + 1,9,True,4*x**8/21,-2*x**7*y/3 + 1/3,0,3,3,1,['c - 1'],False,,,,,,,,,,cert2_20.json
3*x**7*y**2 + 3*y + 2,9,True,4*x**8/21,-2*x**7*y/3 + 1/3,0,3,3,1,['c - 2'],False,,,,,,,,,,cert2_20.json
3*x**7*y**2 + 3*y + 3,9,True,4*x**8/21,-2*x**7*y/3 + 1/3,0,3,3,1,['c - 3'],False,,,,,,,,,,cert2_20.json
3*x**7*y**2 + 3*y - 1,9,True,4*x**8/21,-2*x**7*y/3 + 1/3,0,3,3,1,['c + 1'],False,,,,,,,,,,cert2_20.json
3*x**7*y**2 + 3*y - 2,9,True,4*x**8/21,-2*x**7*y/3 + 1/3,0,3,3,1,['c + 2'],False,,,,,,,,,,cert2_20.json
3*x**7*y**2 + 3*y - 3,9,True,4*x**8/21,-2*x**7*y/3 + 1/3,0,3,3,1,['c + 3'],False,,,,,,,,,,cert2_20.json
3*x**7*y**2 + y + 1,9,True,12*x**8/7,-6*x**7*y + 1,0,3,3,1,['c - 1'],False,,,,,,,,,,cert2_20.json
3*x**7*y**2 + y + 2,9,True,12*x**8/7,-6*x**7*y + 1,0,3,3,1,['c - 2'],False,,,,,,,,,,cert2_20.json
3*x**7*y**2 + y + 3,9,True,12*x**8/7,-6*x**7*y + 1,0,3,3,1,['c - 3'],False,,,,,,,,,,cert2_20.json
3*x**7*y**2 + y - 1,9,True,12*x**8/7,-6*x**7*y + 1,0,3,3,1,['c + 1'],False,,,,,,,,,,cert2_20.json
3*x**7*y**2 + y - 2,9,True,12*x**8/7,-6*x**7*y + 1,0,3,3,1,['c + 2'],False,,,,,,,,,,cert2_20.json
3*x**7*y**2 + y - 3,9,True,12*x**8/7,-6*x**7*y + 1,0,3,3,1,['c + 3'],False,,,,,,,,,,cert2_20.json
3*x**7*y**2 - 2*y + 1,9,True,3*x**8/7,-3*x**7*y/2 - 1/2,0,3,3,1,['c - 1'],False,,,,,,,,,,cert2_20.json
3*x**7*y**2 - 2*y + 2,9,True,3*x**8/7,-3*x**7*y/2 - 1/2,0,3,3,1,['c - 2'],False,,,,,,,,,,cert2_20.json
3*x**7*y**2 - 2*y + 3,9,True,3*x**8/7,-3*x**7*y/2 - 1/2,0,3,3,1,['c - 3'],False,,,,,,,,,,cert2_20.json
3*x**7*y**2 - 2*y - 1,9,True,3*x**8/7,-3*x**7*y/2 - 1/2,0,3,3,1,['c + 1'],False,,,,,,,,,,cert2_20.json
3*x**7*y**2 - 2*y - 2,9,True,3*x**8/7,-3*x**7*y/2 - 1/2,0,3,3,1,['c + 2'],False,,,,,,,,,,cert2_20.json
3*x**7*y**2 - 2*y - 3,9,True,3*x**8/7,-3*x**7*y/2 - 1/2,0,3,3,1,['c + 3'],False,,,,,,,,,,cert2_20.json
3*x**7*y**2 - 3*y + 1,9,True,4*x**8/21,-2*x**7*y/3 - 1/3,0,3,3,1,['c - 1'],False,,,,,,,,,,cert2_20.json
3*x**7*y**2 - 3*y + 2,9,True,4*x**8/21,-2*x**7*y/3 - 1/3,0,3,3,1,['c - 2'],False,,,,,,,,,,cert2_20.json
3*x**7*y**2 - 3*y + 3,9,True,4*x**8/21,-2*x**7*y/3 - 1/3,0,3,3,1,['c - 3'],False,,,,,,,,,,cert2_20.json
3*x**7*y**2 - 3*y - 1,9,True,4*x**8/21,-2*x**7*y/3 - 1/3,0,3,3,1,['c + 1'],False,,,,,,,,,,cert2_20.json
3*x**7*y**2 - 3*y - 2,9,True,4*x**8/21,-2*x**7*y/3 - 1/3,0,3,3,1,['c + 2'],False,,,,,,,,,,cert2_20.json
3*x**7*y**2 - 3*y - 3,9,True,4*x**8/21,-2*x**7*y/3 - 1/3,0,3,3,1,['c + 3'],False,,,,,,,,,,cert2_20.json
3*x**7*y**2 - y + 1,9,True,12*x**8/7,-6*x**7*y - 1,0,3,3,1,['c - 1'],False,,,,,,,,,,cert2_20.json
3*x**7*y**2 - y + 2,9,True,12*x**8/7,-6*x**7*y - 1,0,3,3,1,['c - 2'],False,,,,,,,,,,cert2_20.json
3*x**7*y**2 - y + 3,9,True,12*x**8/7,-6*x**7*y - 1,0,3,3,1,['c - 3'],False,,,,,,,,,,cert2_20.json
3*x**7*y**2 - y - 1,9,True,12*x**8/7,-6*x**7*y - 1,0,3,3,1,['c + 1'],False,,,,,,,,,,cert2_20.json
3*x**7*y**2 - y - 2,9,True,12*x**8/7,-6*x**7*y - 1,0,3,3,1,['c + 2'],False,,,,,,,,,,cert2_20.json
3*x**7*y**2 - y - 3,9,True,12*x**8/7,-6*x**7*y - 1,0,3,3,1,['c + 3'],False,,,,,,,,,,cert2_20.json
x**2*y**7 + 2*x + 1,9,True,-x*y**7/2 + 1/2,y**8/7,0,3,3,1,['c - 1'],False,,,,,,,,,,cert2_20.json
x**2*y**7 + 2*x + 2,9,True,-x*y**7/2 + 1/2,y**8/7,0,3,3,1,['c - 2'],False,,,,,,,,,,cert2_20.json
x**2*y**7 + 2*x + 3,9,True,-x*y**7/2 + 1/2,y**8/7,0,3,3,1,['c - 3'],False,,,,,,,,,,cert2_20.json
x**2*y**7 + 2*x - 1,9,True,-x*y**7/2 + 1/2,y**8/7,0,3,3,1,['c + 1'],False,,,,,,,,,,cert2_20.json
x**2*y**7 + 2*x - 2,9,True,-x*y**7/2 + 1/2,y**8/7,0,3,3,1,['c + 2'],False,,,,,,,,,,cert2_20.json
x**2*y**7 + 2*x - 3,9,True,-x*y**7/2 + 1/2,y**8/7,0,3,3,1,['c + 3'],False,,,,,,,,,,cert2_20.json
x**2*y**7 + 3*x + 1,9,True,-2*x*y**7/9 + 1/3,4*y**8/63,0,3,3,1,['c - 1'],False,,,,,,,,,,cert2_20.json
x**2*y**7 + 3*x + 2,9,True,-2*x*y**7/9 + 1/3,4*y**8/63,0,3,3,1,['c - 2'],False,,,,,,,,,,cert2_20.json
x**2*y**7 + 3*x + 3,9,True,-2*x*y**7/9 + 1/3,4*y**8/63,0,3,3,1,['c - 3'],False,,,,,,,,,,cert2_20.json
x**2*y**7 + 3*x - 1,9,True,-2*x*y**7/9 + 1/3,4*y**8/63,0,3,3,1,['c + 1'],False,,,,,,,,,,cert2_20.json
x**2*y**7 + 3*x - 2,9,True,-2*x*y**7/9 + 1/3,4*y**8/63,0,3,3,1,['c + 2'],False,,,,,,,,,,cert2_20.json
x**2*y**7 + 3*x - 3,9,True,-2*x*y**7/9 + 1/3,4*y**8/63,0,3,3,1,['c + 3'],False,,,,,,,,,,cert2_20.json
x**2*y**7 + x + 1,9,True,-2*x*y**7 + 1,4*y**8/7,0,3,3,1,['c - 1'],False,,,,,,,,,,cert2_20.json
x**2*y**7 + x + 2,9,True,-2*x*y**7 + 1,4*y**8/7,0,3,3,1,['c - 2'],False,,,,,,,,,,cert2_20.json
x**2*y**7 + x + 3,9,True,-2*x*y**7 + 1,4*y**8/7,0,3,3,1,['c - 3'],False,,,,,,,,,,cert2_20.json
x**2*y**7 + x - 1,9,True,-2*x*y**7 + 1,4*y**8/7,0,3,3,1,['c + 1'],False,,,,,,,,,,cert2_20.json
x**2*y**7 + x - 2,9,True,-2*x*y**7 + 1,4*y**8/7,0,3,3,1,['c + 2'],False,,,,,,,,,,cert2_20.json
x**2*y**7 + x - 3,9,True,-2*x*y**7 + 1,4*y**8/7,0,3,3,1,['c + 3'],False,,,,,,,,,,cert2_20.json
x**2*y**7 - 2*x + 1,9,True,-x*y**7/2 - 1/2,y**8/7,0,3,3,1,['c - 1'],False,,,,,,,,,,cert2_20.json
x**2*y**7 - 2*x + 2,9,True,-x*y**7/2 - 1/2,y**8/7,0,3,3,1,['c - 2'],False,,,,,,,,,,cert2_20.json
x**2*y**7 - 2*x + 3,9,True,-x*y**7/2 - 1/2,y**8/7,0,3,3,1,['c - 3'],False,,,,,,,,,,cert2_20.json
x**2*y**7 - 2*x - 1,9,True,-x*y**7/2 - 1/2,y**8/7,0,3,3,1,['c + 1'],False,,,,,,,,,,cert2_20.json
x**2*y**7 - 2*x - 2,9,True,-x*y**7/2 - 1/2,y**8/7,0,3,3,1,['c + 2'],False,,,,,,,,,,cert2_20.json
x**2*y**7 - 2*x - 3,9,True,-x*y**7/2 - 1/2,y**8/7,0,3,3,1,['c + 3'],False,,,,,,,,,,cert2_20.json
x**2*y**7 - 3*x + 1,9,True,-2*x*y**7/9 - 1/3,4*y**8/63,0,3,3,1,['c - 1'],False,,,,,,,,,,cert2_20.json
x**2*y**7 - 3*x + 2,9,True,-2*x*y**7/9 - 1/3,4*y**8/63,0,3,3,1,['c - 2'],False,,,,,,,,,,cert2_20.json
x**2*y**7 - 3*x + 3,9,True,-2*x*y**7/9 - 1/3,4*y**8/63,0,3,3,1,['c - 3'],False,,,,,,,,,,cert2_20.json
x**2*y**7 - 3*x - 1,9,True,-2*x*y**7/9 - 1/3,4*y**8/63,0,3,3,1,['c + 1'],False,,,,,,,,,,cert2_20.json
x**2*y**7 - 3*x - 2,9,True,-2*x*y**7/9 - 1/3,4*y**8/63,0,3,3,1,['c + 2'],False,,,,,,,,,,cert2_20.json
x**2*y**7 - 3*x - 3,9,True,-2*x*y**7/9 - 1/3,4*y**8/63,0,3,3,1,['c + 3'],False,,,,,,,,,,cert2_20.json
x**2*y**7 - x + 1,9,True,-2*x*y**7 - 1,4*y**8/7,0,3,3,1,['c - 1'],False,,,,,,,,,,cert2_20.json
x**2*y**7 - x + 2,9,True,-2*x*y**7 - 1,4*y**8/7,0,3,3,1,['c - 2'],False,,,,,,,,,,cert2_20.json
x**2*y**7 - x + 3,9,True,-2*x*y**7 - 1,4*y**8/7,0,3,3,1,['c - 3'],False,,,,,,,,,,cert2_20.json
x**2*y**7 - x - 1,9,True,-2*x*y**7 - 1,4*y**8/7,0,3,3,1,['c + 1'],False,,,,,,,,,,cert2_20.json
x**2*y**7 - x - 2,9,True,-2*x*y**7 - 1,4*y**8/7,0,3,3,1,['c + 2'],False,,,,,,,,,,cert2_20.json
x**2*y**7 - x - 3,9,True,-2*x*y**7 - 1,4*y**8/7,0,3,3,1,['c + 3'],False,,,,,,,,,,cert2_20.json
x**3*y**6 + 2*x + 1,9,True,-3*x**2*y**6/4 + 1/2,3*x*y**7/8,0,1,1,1,['c - 1'],False,,,,,,,,,,cert2_20.json
x**3*y**6 + 2*x + 2,9,True,-3*x**2*y**6/4 + 1/2,3*x*y**7/8,0,1,1,1,['c - 2'],False,,,,,,,,,,cert2_20.json
x**3*y**6 + 2*x + 3,9,True,-3*x**2*y**6/4 + 1/2,3*x*y**7/8,0,1,1,1,['c - 3'],False,,,,,,,,,,cert2_20.json
x**3*y**6 + 2*x - 1,9,True,-3*x**2*y**6/4 + 1/2,3*x*y**7/8,0,1,1,1,['c + 1'],False,,,,,,,,,,cert2_20.json
x**3*y**6 + 2*x - 2,9,True,-3*x**2*y**6/4 + 1/2,3*x*y**7/8,0,1,1,1,['c + 2'],False,,,,,,,,,,cert2_20.json
x**3*y**6 + 2*x - 3,9,True,-3*x**2*y**6/4 + 1/2,3*x*y**7/8,0,1,1,1,['c + 3'],False,,,,,,,,,,cert2_20.json
x**3*y**6 + 3*x + 1,9,True,-x**2*y**6/3 + 1/3,x*y**7/6,0,1,1,1,['c - 1'],False,,,,,,,,,,cert2_20.json
x**3*y**6 + 3*x + 2,9,True,-x**2*y**6/3 + 1/3,x*y**7/6,0,1,1,1,['c - 2'],False,,,,,,,,,,cert2_20.json
x**3*y**6 + 3*x + 3,9,True,-x**2*y**6/3 + 1/3,x*y**7/6,0,1,1,1,['c - 3'],False,,,,,,,,,,cert2_20.json
x**3*y**6 + 3*x - 1,9,True,-x**2*y**6/3 + 1/3,x*y**7/6,0,1,1,1,['c + 1'],False,,,,,,,,,,cert2_20.json
x**3*y**6 + 3*x - 2,9,True,-x**2*y**6/3 + 1/3,x*y**7/6,0,1,1,1,['c + 2'],False,,,,,,,,,,cert2_20.json
x**3*y**6 + 3*x - 3,9,True,-x**2*y**6/3 + 1/3,x*y**7/6,0,1,1,1,['c + 3'],False,,,,,,,,,,cert2_20.json
x**3*y**6 + x + 1,9,True,-3*x**2*y**6 + 1,3*x*y**7/2,0,1,1,1,['c - 1'],False,,,,,,,,,,cert2_20.json
x**3*y**6 + x + 2,9,True,-3*x**2*y**6 + 1,3*x*y**7/2,0,1,1,1,['c - 2'],False,,,,,,,,,,cert2_20.json
x**3*y**6 + x + 3,9,True,-3*x**2*y**6 + 1,3*x*y**7/2,0,1,1,1,['c - 3'],False,,,,,,,,,,cert2_20.json
x**3*y**6 + x - 1,9,True,-3*x**2*y**6 + 1,3*x*y**7/2,0,1,1,1,['c + 1'],False,,,,,,,,,,cert2_20.json
x**3*y**6 + x - 2,9,True,-3*x**2*y**6 + 1,3*x*y**7/2,0,1,1,1,['c + 2'],False,,,,,,,,,,cert2_20.json
x**3*y**6 + x - 3,9,True,-3*x**2*y**6 + 1,3*x*y**7/2,0,1,1,1,['c + 3'],False,,,,,,,,,,cert2_20.json
x**3*y**6 - 2*x + 1,9,True,-3*x**2*y**6/4 - 1/2,3*x*y**7/8,0,1,1,1,['c - 1'],False,,,,,,,,,,cert2_20.json
x**3*y**6 - 2*x + 2,9,True,-3*x**2*y**6/4 - 1/2,3*x*y**7/8,0,1,1,1,['c - 2'],False,,,,,,,,,,cert2_20.json
x**3*y**6 - 2*x + 3,9,True,-3*x**2*y**6/4 - 1/2,3*x*y**7/8,0,1,1,1,['c - 3'],False,,,,,,,,,,cert2_20.json
x**3*y**6 - 2*x - 1,9,True,-3*x**2*y**6/4 - 1/2,3*x*y**7/8,0,1,1,1,['c + 1'],False,,,,,,,,,,cert2_20.json
x**3*y**6 - 2*x - 2,9,True,-3*x**2*y**6/4 - 1/2,3*x*y**7/8,0,1,1,1,['c + 2'],False,,,,,,,,,,cert2_20.json
x**3*y**6 - 2*x - 3,9,True,-3*x**2*y**6/4 - 1/2,3*x*y**7/8,0,1,1,1,['c + 3'],False,,,,,,,,,,cert2_20.json
x**3*y**6 - 3*x + 1,9,True,-x**2*y**6/3 - 1/3,x*y**7/6,0,1,1,1,['c - 1'],False,,,,,,,,,,cert2_20.json
x**3*y**6 - 3*x + 2,9,True,-x**2*y**6/3 - 1/3,x*y**7/6,0,1,1,1,['c - 2'],False,,,,,,,,,,cert2_20.json
x**3*y**6 - 3*x + 3,9,True,-x**2*y**6/3 - 1/3,x*y**7/6,0,1,1,1,['c - 3'],False,,,,,,,,,,cert2_20.json
x**3*y**6 - 3*x - 1,9,True,-x**2*y**6/3 - 1/3,x*y**7/6,0,1,1,1,['c + 1'],False,,,,,,,,,,cert2_20.json
x**3*y**6 - 3*x - 2,9,True,-x**2*y**6/3 - 1/3,x*y**7/6,0,1,1,1,['c + 2'],False,,,,,,,,,,cert2_20.json
x**3*y**6 - 3*x - 3,9,True,-x**2*y**6/3 - 1/3,x*y**7/6,0,1,1,1,['c + 3'],False,,,,,,,,,,cert2_20.json
x**3*y**6 - x + 1,9,True,-3*x**2*y**6 - 1,3*x*y**7/2,0,1,1,1,['c - 1'],False,,,,,,,,,,cert2_20.json
x**3*y**6 - x + 2,9,True,-3*x**2*y**6 - 1,3*x*y**7/2,0,1,1,1,['c - 2'],False,,,,,,,,,,cert2_20.json
x**3*y**6 - x + 3,9,True,-3*x**2*y**6 - 1,3*x*y**7/2,0,1,1,1,['c - 3'],False,,,,,,,,,,cert2_20.json
x**3*y**6 - x - 1,9,True,-3*x**2*y**6 - 1,3*x*y**7/2,0,1,1,1,['c + 1'],False,,,,,,,,,,cert2_20.json
x**3*y**6 - x - 2,9,True,-3*x**2*y**6 - 1,3*x*y**7/2,0,1,1,1,['c + 2'],False,,,,,,,,,,cert2_20.json
x**3*y**6 - x - 3,9,True,-3*x**2*y**6 - 1,3*x*y**7/2,0,1,1,1,['c + 3'],False,,,,,,,,,,cert2_20.json
x**4*y**5 + 2*x + 1,9,True,-x**3*y**5 + 1/2,4*x**2*y**6/5,0,2,2,1,['c - 1'],False,,,,,,,,,,cert2_20.json
x**4*y**5 + 2*x + 2,9,True,-x**3*y**5 + 1/2,4*x**2*y**6/5,0,2,2,1,['c - 2'],False,,,,,,,,,,cert2_20.json
x**4*y**5 + 2*x + 3,9,True,-x**3*y**5 + 1/2,4*x**2*y**6/5,0,2,2,1,['c - 3'],False,,,,,,,,,,cert2_20.json
x**4*y**5 + 2*x - 1,9,True,-x**3*y**5 + 1/2,4*x**2*y**6/5,0,2,2,1,['c + 1'],False,,,,,,,,,,cert2_20.json
x**4*y**5 + 2*x - 2,9,True,-x**3*y**5 + 1/2,4*x**2*y**6/5,0,2,2,1,['c + 2'],False,,,,,,,,,,cert2_20.json
x**4*y**5 + 2*x - 3,9,True,-x**3*y**5 + 1/2,4*x**2*y**6/5,0,2,2,1,['c + 3'],False,,,,,,,,,,cert2_20.json
x**4*y**5 + 3*x + 1,9,True,-4*x**3*y**5/9 + 1/3,16*x**2*y**6/45,0,2,2,1,['c - 1'],False,,,,,,,,,,cert2_20.json
x**4*y**5 + 3*x + 2,9,True,-4*x**3*y**5/9 + 1/3,16*x**2*y**6/45,0,2,2,1,['c - 2'],False,,,,,,,,,,cert2_20.json
x**4*y**5 + 3*x + 3,9,True,-4*x**3*y**5/9 + 1/3,16*x**2*y**6/45,0,2,2,1,['c - 3'],False,,,,,,,,,,cert2_20.json
x**4*y**5 + 3*x - 1,9,True,-4*x**3*y**5/9 + 1/3,16*x**2*y**6/45,0,2,2,1,['c + 1'],False,,,,,,,,,,cert2_20.json
x**4*y**5 + 3*x - 2,9,True,-4*x**3*y**5/9 + 1/3,16*x**2*y**6/45,0,2,2,1,['c + 2'],False,,,,,,,,,,cert2_20.json
x**4*y**5 + 3*x - 3,9,True,-4*x**3*y**5/9 + 1/3,16*x**2*y**6/45,0,2,2,1,['c + 3'],False,,,,,,,,,,cert2_20.json
x**4*y**5 + x + 1,9,True,-4*x**3*y**5 + 1,16*x**2*y**6/5,0,2,2,1,['c - 1'],False,,,,,,,,,,cert2_20.json
x**4*y**5 + x + 2,9,True,-4*x**3*y**5 + 1,16*x**2*y**6/5,0,2,2,1,['c - 2'],False,,,,,,,,,,cert2_20.json
x**4*y**5 + x + 3,9,True,-4*x**3*y**5 + 1,16*x**2*y**6/5,0,2,2,1,['c - 3'],False,,,,,,,,,,cert2_20.json
x**4*y**5 + x - 1,9,True,-4*x**3*y**5 + 1,16*x**2*y**6/5,0,2,2,1,['c + 1'],False,,,,,,,,,,cert2_20.json
x**4*y**5 + x - 2,9,True,-4*x**3*y**5 + 1,16*x**2*y**6/5,0,2,2,1,['c + 2'],False,,,,,,,,,,cert2_20.json
x**4*y**5 + x - 3,9,True,-4*x**3*y**5 + 1,16*x**2*y**6/5,0,2,2,1,['c + 3'],False,,,,,,,,,,cert2_20.json
x**4*y**5 - 2*x + 1,9,True,-x**3*y**5 - 1/2,4*x**2*y**6/5,0,2,2,1,['c - 1'],False,,,,,,,,,,cert2_20.json
x**4*y**5 - 2*x + 2,9,True,-x**3*y**5 - 1/2,4*x**2*y**6/5,0,2,2,1,['c - 2'],False,,,,,,,,,,cert2_20.json
x**4*y**5 - 2*x + 3,9,True,-x**3*y**5 - 1/2,4*x**2*y**6/5,0,2,2,1,['c - 3'],False,,,,,,,,,,cert2_20.json
x**4*y**5 - 2*x - 1,9,True,-x**3*y**5 - 1/2,4*x**2*y**6/5,0,2,2,1,['c + 1'],False,,,,,,,,,,cert2_20.json
x**4*y**5 - 2*x - 2,9,True,-x**3*y**5 - 1/2,4*x**2*y**6/5,0,2,2,1,['c + 2'],False,,,,,,,,,,cert2_20.json
x**4*y**5 - 2*x - 3,9,True,-x**3*y**5 - 1/2,4*x**2*y**6/5,0,2,2,1,['c + 3'],False,,,,,,,,,,cert2_20.json
x**4*y**5 - 3*x + 1,9,True,-4*x**3*y**5/9 - 1/3,16*x**2*y**6/45,0,2,2,1,['c - 1'],False,,,,,,,,,,cert2_20.json
x**4*y**5 - 3*x + 2,9,True,-4*x**3*y**5/9 - 1/3,16*x**2*y**6/45,0,2,2,1,['c - 2'],False,,,,,,,,,,cert2_20.json
x**4*y**5 - 3*x + 3,9,True,-4*x**3*y**5/9 - 1/3,16*x**2*y**6/45,0,2,2,1,['c - 3'],False,,,,,,,,,,cert2_20.json
x**4*y**5 - 3*x - 1,9,True,-4*x**3*y**5/9 - 1/3,16*x**2*y**6/45,0,2,2,1,['c + 1'],False,,,,,,,,,,cert2_20.json
x**4*y**5 - 3*x - 2,9,True,-4*x**3*y**5/9 - 1/3,16*x**2*y**6/45,0,2,2,1,['c + 2'],False,,,,,,,,,,cert2_20.json
x**4*y**5 - 3*x - 3,9,True,-4*x**3*y**5/9 - 1/3,16*x**2*y**6/45,0,2,2,1,['c + 3'],False,,,,,,,,,,cert2_20.json
x**4*y**5 - x + 1,9,True,-4*x**3*y**5 - 1,16*x**2*y**6/5,0,2,2,1,['c - 1'],False,,,,,,,,,,cert2_20.json
x**4*y**5 - x + 2,9,True,-4*x**3*y**5 - 1,16*x**2*y**6/5,0,2,2,1,['c - 2'],False,,,,,,,,,,cert2_20.json
x**4*y**5 - x + 3,9,True,-4*x**3*y**5 - 1,16*x**2*y**6/5,0,2,2,1,['c - 3'],False,,,,,,,,,,cert2_20.json
x**4*y**5 - x - 1,9,True,-4*x**3*y**5 - 1,16*x**2*y**6/5,0,2,2,1,['c + 1'],False,,,,,,,,,,cert2_20.json
x**4*y**5 - x - 2,9,True,-4*x**3*y**5 - 1,16*x**2*y**6/5,0,2,2,1,['c + 2'],False,,,,,,,,,,cert2_20.json
x**4*y**5 - x - 3,9,True,-4*x**3*y**5 - 1,16*x**2*y**6/5,0,2,2,1,['c + 3'],False,,,,,,,,,,cert2_20.json
x**5*y**4 + 2*y + 1,9,True,4*x**6*y**2/5,-x**5*y**3 + 1/2,0,2,2,1,['c - 1'],False,,,,,,,,,,cert2_20.json
x**5*y**4 + 2*y + 2,9,True,4*x**6*y**2/5,-x**5*y**3 + 1/2,0,2,2,1,['c - 2'],False,,,,,,,,,,cert2_20.json
x**5*y**4 + 2*y + 3,9,True,4*x**6*y**2/5,-x**5*y**3 + 1/2,0,2,2,1,['c - 3'],False,,,,,,,,,,cert2_20.json
x**5*y**4 + 2*y - 1,9,True,4*x**6*y**2/5,-x**5*y**3 + 1/2,0,2,2,1,['c + 1'],False,,,,,,,,,,cert2_20.json
x**5*y**4 + 2*y - 2,9,True,4*x**6*y**2/5,-x**5*y**3 + 1/2,0,2,2,1,['c + 2'],False,,,,,,,,,,cert2_20.json
x**5*y**4 + 2*y - 3,9,True,4*x**6*y**2/5,-x**5*y**3 + 1/2,0,2,2,1,['c + 3'],False,,,,,,,,,,cert2_20.json
x**5*y**4 + 3*y + 1,9,True,16*x**6*y**2/45,-4*x**5*y**3/9 + 1/3,0,2,2,1,['c - 1'],False,,,,,,,,,,cert2_20.json
x**5*y**4 + 3*y + 2,9,True,16*x**6*y**2/45,-4*x**5*y**3/9 + 1/3,0,2,2,1,['c - 2'],False,,,,,,,,,,cert2_20.json
x**5*y**4 + 3*y + 3,9,True,16*x**6*y**2/45,-4*x**5*y**3/9 + 1/3,0,2,2,1,['c - 3'],False,,,,,,,,,,cert2_20.json
x**5*y**4 + 3*y - 1,9,True,16*x**6*y**2/45,-4*x**5*y**3/9 + 1/3,0,2,2,1,['c + 1'],False,,,,,,,,,,cert2_20.json
x**5*y**4 + 3*y - 2,9,True,16*x**6*y**2/45,-4*x**5*y**3/9 + 1/3,0,2,2,1,['c + 2'],False,,,,,,,,,,cert2_20.json
x**5*y**4 + 3*y - 3,9,True,16*x**6*y**2/45,-4*x**5*y**3/9 + 1/3,0,2,2,1,['c + 3'],False,,,,,,,,,,cert2_20.json
x**5*y**4 + y + 1,9,True,16*x**6*y**2/5,-4*x**5*y**3 + 1,0,2,2,1,['c - 1'],False,EMPTY,18,2,4,True,lam-285ca2b243-D18,False,None,15,cert20.json
x**5*y**4 + y + 2,9,True,16*x**6*y**2/5,-4*x**5*y**3 + 1,0,2,2,1,['c - 2'],False,,,,,,,,,,cert2_20.json
x**5*y**4 + y + 3,9,True,16*x**6*y**2/5,-4*x**5*y**3 + 1,0,2,2,1,['c - 3'],False,,,,,,,,,,cert2_20.json
x**5*y**4 + y - 1,9,True,16*x**6*y**2/5,-4*x**5*y**3 + 1,0,2,2,1,['c + 1'],False,,,,,,,,,,cert2_20.json
x**5*y**4 + y - 2,9,True,16*x**6*y**2/5,-4*x**5*y**3 + 1,0,2,2,1,['c + 2'],False,,,,,,,,,,cert2_20.json
x**5*y**4 + y - 3,9,True,16*x**6*y**2/5,-4*x**5*y**3 + 1,0,2,2,1,['c + 3'],False,,,,,,,,,,cert2_20.json
x**5*y**4 - 2*y + 1,9,True,4*x**6*y**2/5,-x**5*y**3 - 1/2,0,2,2,1,['c - 1'],False,,,,,,,,,,cert2_20.json
x**5*y**4 - 2*y + 2,9,True,4*x**6*y**2/5,-x**5*y**3 - 1/2,0,2,2,1,['c - 2'],False,,,,,,,,,,cert2_20.json
x**5*y**4 - 2*y + 3,9,True,4*x**6*y**2/5,-x**5*y**3 - 1/2,0,2,2,1,['c - 3'],False,,,,,,,,,,cert2_20.json
x**5*y**4 - 2*y - 1,9,True,4*x**6*y**2/5,-x**5*y**3 - 1/2,0,2,2,1,['c + 1'],False,,,,,,,,,,cert2_20.json
x**5*y**4 - 2*y - 2,9,True,4*x**6*y**2/5,-x**5*y**3 - 1/2,0,2,2,1,['c + 2'],False,,,,,,,,,,cert2_20.json
x**5*y**4 - 2*y - 3,9,True,4*x**6*y**2/5,-x**5*y**3 - 1/2,0,2,2,1,['c + 3'],False,,,,,,,,,,cert2_20.json
x**5*y**4 - 3*y + 1,9,True,16*x**6*y**2/45,-4*x**5*y**3/9 - 1/3,0,2,2,1,['c - 1'],False,,,,,,,,,,cert2_20.json
x**5*y**4 - 3*y + 2,9,True,16*x**6*y**2/45,-4*x**5*y**3/9 - 1/3,0,2,2,1,['c - 2'],False,,,,,,,,,,cert2_20.json
x**5*y**4 - 3*y + 3,9,True,16*x**6*y**2/45,-4*x**5*y**3/9 - 1/3,0,2,2,1,['c - 3'],False,,,,,,,,,,cert2_20.json
x**5*y**4 - 3*y - 1,9,True,16*x**6*y**2/45,-4*x**5*y**3/9 - 1/3,0,2,2,1,['c + 1'],False,,,,,,,,,,cert2_20.json
x**5*y**4 - 3*y - 2,9,True,16*x**6*y**2/45,-4*x**5*y**3/9 - 1/3,0,2,2,1,['c + 2'],False,,,,,,,,,,cert2_20.json
x**5*y**4 - 3*y - 3,9,True,16*x**6*y**2/45,-4*x**5*y**3/9 - 1/3,0,2,2,1,['c + 3'],False,,,,,,,,,,cert2_20.json
x**5*y**4 - y + 1,9,True,16*x**6*y**2/5,-4*x**5*y**3 - 1,0,2,2,1,['c - 1'],False,EMPTY,18,2,4,True,lam-c1c6bea8a9-D18,False,None,15,cert2_20.json
x**5*y**4 - y + 2,9,True,16*x**6*y**2/5,-4*x**5*y**3 - 1,0,2,2,1,['c - 2'],False,,,,,,,,,,cert2_20.json
x**5*y**4 - y + 3,9,True,16*x**6*y**2/5,-4*x**5*y**3 - 1,0,2,2,1,['c - 3'],False,,,,,,,,,,cert2_20.json
x**5*y**4 - y - 1,9,True,16*x**6*y**2/5,-4*x**5*y**3 - 1,0,2,2,1,['c + 1'],False,EMPTY,18,2,4,True,lam-4a207772dd-D18,False,None,15,cert2_20.json
x**5*y**4 - y - 2,9,True,16*x**6*y**2/5,-4*x**5*y**3 - 1,0,2,2,1,['c + 2'],False,,,,,,,,,,cert2_20.json
x**5*y**4 - y - 3,9,True,16*x**6*y**2/5,-4*x**5*y**3 - 1,0,2,2,1,['c + 3'],False,,,,,,,,,,cert2_20.json
x**6*y**3 + 2*y + 1,9,True,3*x**7*y/8,-3*x**6*y**2/4 + 1/2,0,1,1,1,['c - 1'],False,,,,,,,,,,cert2_20.json
x**6*y**3 + 2*y + 2,9,True,3*x**7*y/8,-3*x**6*y**2/4 + 1/2,0,1,1,1,['c - 2'],False,,,,,,,,,,cert2_20.json
x**6*y**3 + 2*y + 3,9,True,3*x**7*y/8,-3*x**6*y**2/4 + 1/2,0,1,1,1,['c - 3'],False,,,,,,,,,,cert2_20.json
x**6*y**3 + 2*y - 1,9,True,3*x**7*y/8,-3*x**6*y**2/4 + 1/2,0,1,1,1,['c + 1'],False,,,,,,,,,,cert2_20.json
x**6*y**3 + 2*y - 2,9,True,3*x**7*y/8,-3*x**6*y**2/4 + 1/2,0,1,1,1,['c + 2'],False,,,,,,,,,,cert2_20.json
x**6*y**3 + 2*y - 3,9,True,3*x**7*y/8,-3*x**6*y**2/4 + 1/2,0,1,1,1,['c + 3'],False,,,,,,,,,,cert2_20.json
x**6*y**3 + 3*y + 1,9,True,x**7*y/6,-x**6*y**2/3 + 1/3,0,1,1,1,['c - 1'],False,,,,,,,,,,cert2_20.json
x**6*y**3 + 3*y + 2,9,True,x**7*y/6,-x**6*y**2/3 + 1/3,0,1,1,1,['c - 2'],False,,,,,,,,,,cert2_20.json
x**6*y**3 + 3*y + 3,9,True,x**7*y/6,-x**6*y**2/3 + 1/3,0,1,1,1,['c - 3'],False,,,,,,,,,,cert2_20.json
x**6*y**3 + 3*y - 1,9,True,x**7*y/6,-x**6*y**2/3 + 1/3,0,1,1,1,['c + 1'],False,,,,,,,,,,cert2_20.json
x**6*y**3 + 3*y - 2,9,True,x**7*y/6,-x**6*y**2/3 + 1/3,0,1,1,1,['c + 2'],False,,,,,,,,,,cert2_20.json
x**6*y**3 + 3*y - 3,9,True,x**7*y/6,-x**6*y**2/3 + 1/3,0,1,1,1,['c + 3'],False,,,,,,,,,,cert2_20.json
x**6*y**3 + x**3*y**2 + y + 1,9,True,4*x**7*y/3 + 11*x**4/9,-8*x**6*y**2/3 - 2*x**3*y + 1,0,1,1,1,['c - 1'],False,,,,,,,,,,cert20.json
x**6*y**3 + y + 1,9,True,3*x**7*y/2,-3*x**6*y**2 + 1,0,1,1,1,['c - 1'],False,EMPTY,18,2,4,True,lam-1a86032864-D18,False,None,15,cert20.json
x**6*y**3 + y + 2,9,True,3*x**7*y/2,-3*x**6*y**2 + 1,0,1,1,1,['c - 2'],False,,,,,,,,,,cert2_20.json
x**6*y**3 + y + 3,9,True,3*x**7*y/2,-3*x**6*y**2 + 1,0,1,1,1,['c - 3'],False,,,,,,,,,,cert2_20.json
x**6*y**3 + y - 1,9,True,3*x**7*y/2,-3*x**6*y**2 + 1,0,1,1,1,['c + 1'],False,,,,,,,,,,cert2_20.json
x**6*y**3 + y - 2,9,True,3*x**7*y/2,-3*x**6*y**2 + 1,0,1,1,1,['c + 2'],False,,,,,,,,,,cert2_20.json
x**6*y**3 + y - 3,9,True,3*x**7*y/2,-3*x**6*y**2 + 1,0,1,1,1,['c + 3'],False,,,,,,,,,,cert2_20.json
x**6*y**3 - 2*y + 1,9,True,3*x**7*y/8,-3*x**6*y**2/4 - 1/2,0,1,1,1,['c - 1'],False,,,,,,,,,,cert2_20.json
x**6*y**3 - 2*y + 2,9,True,3*x**7*y/8,-3*x**6*y**2/4 - 1/2,0,1,1,1,['c - 2'],False,,,,,,,,,,cert2_20.json
x**6*y**3 - 2*y + 3,9,True,3*x**7*y/8,-3*x**6*y**2/4 - 1/2,0,1,1,1,['c - 3'],False,,,,,,,,,,cert2_20.json
x**6*y**3 - 2*y - 1,9,True,3*x**7*y/8,-3*x**6*y**2/4 - 1/2,0,1,1,1,['c + 1'],False,,,,,,,,,,cert2_20.json
x**6*y**3 - 2*y - 2,9,True,3*x**7*y/8,-3*x**6*y**2/4 - 1/2,0,1,1,1,['c + 2'],False,,,,,,,,,,cert2_20.json
x**6*y**3 - 2*y - 3,9,True,3*x**7*y/8,-3*x**6*y**2/4 - 1/2,0,1,1,1,['c + 3'],False,,,,,,,,,,cert2_20.json
x**6*y**3 - 3*y + 1,9,True,x**7*y/6,-x**6*y**2/3 - 1/3,0,1,1,1,['c - 1'],False,,,,,,,,,,cert2_20.json
x**6*y**3 - 3*y + 2,9,True,x**7*y/6,-x**6*y**2/3 - 1/3,0,1,1,1,['c - 2'],False,,,,,,,,,,cert2_20.json
x**6*y**3 - 3*y + 3,9,True,x**7*y/6,-x**6*y**2/3 - 1/3,0,1,1,1,['c - 3'],False,,,,,,,,,,cert2_20.json
x**6*y**3 - 3*y - 1,9,True,x**7*y/6,-x**6*y**2/3 - 1/3,0,1,1,1,['c + 1'],False,,,,,,,,,,cert2_20.json
x**6*y**3 - 3*y - 2,9,True,x**7*y/6,-x**6*y**2/3 - 1/3,0,1,1,1,['c + 2'],False,,,,,,,,,,cert2_20.json
x**6*y**3 - 3*y - 3,9,True,x**7*y/6,-x**6*y**2/3 - 1/3,0,1,1,1,['c + 3'],False,,,,,,,,,,cert2_20.json
x**6*y**3 - y + 1,9,True,3*x**7*y/2,-3*x**6*y**2 - 1,0,1,1,1,['c - 1'],False,EMPTY,18,2,4,True,lam-df8b64c3e5-D18,False,None,31,cert2_20.json
x**6*y**3 - y + 2,9,True,3*x**7*y/2,-3*x**6*y**2 - 1,0,1,1,1,['c - 2'],False,,,,,,,,,,cert2_20.json
x**6*y**3 - y + 3,9,True,3*x**7*y/2,-3*x**6*y**2 - 1,0,1,1,1,['c - 3'],False,,,,,,,,,,cert2_20.json
x**6*y**3 - y - 1,9,True,3*x**7*y/2,-3*x**6*y**2 - 1,0,1,1,1,['c + 1'],False,EMPTY,18,2,4,True,lam-88c5025ccd-D18,False,None,31,cert2_20.json
x**6*y**3 - y - 2,9,True,3*x**7*y/2,-3*x**6*y**2 - 1,0,1,1,1,['c + 2'],False,,,,,,,,,,cert2_20.json
x**6*y**3 - y - 3,9,True,3*x**7*y/2,-3*x**6*y**2 - 1,0,1,1,1,['c + 3'],False,,,,,,,,,,cert2_20.json
x**6*y**3/2 + x**3*y**2 + y + 1,9,True,x**7*y/2 + 7*x**4/6,-x**6*y**2 - 2*x**3*y + 1,0,1,1,1,['c - 1'],False,,,,,,,,,,cert20c.json
x**7*y**2 + 2*y + 1,9,True,x**8/7,-x**7*y/2 + 1/2,0,3,3,1,['c - 1'],False,,,,,,,,,,cert2_20.json
x**7*y**2 + 2*y + 2,9,True,x**8/7,-x**7*y/2 + 1/2,0,3,3,1,['c - 2'],False,,,,,,,,,,cert2_20.json
x**7*y**2 + 2*y + 3,9,True,x**8/7,-x**7*y/2 + 1/2,0,3,3,1,['c - 3'],False,,,,,,,,,,cert2_20.json
x**7*y**2 + 2*y - 1,9,True,x**8/7,-x**7*y/2 + 1/2,0,3,3,1,['c + 1'],False,,,,,,,,,,cert2_20.json
x**7*y**2 + 2*y - 2,9,True,x**8/7,-x**7*y/2 + 1/2,0,3,3,1,['c + 2'],False,,,,,,,,,,cert2_20.json
x**7*y**2 + 2*y - 3,9,True,x**8/7,-x**7*y/2 + 1/2,0,3,3,1,['c + 3'],False,,,,,,,,,,cert2_20.json
x**7*y**2 + 3*y + 1,9,True,4*x**8/63,-2*x**7*y/9 + 1/3,0,3,3,1,['c - 1'],False,,,,,,,,,,cert2_20.json
x**7*y**2 + 3*y + 2,9,True,4*x**8/63,-2*x**7*y/9 + 1/3,0,3,3,1,['c - 2'],False,,,,,,,,,,cert2_20.json
x**7*y**2 + 3*y + 3,9,True,4*x**8/63,-2*x**7*y/9 + 1/3,0,3,3,1,['c - 3'],False,,,,,,,,,,cert2_20.json
x**7*y**2 + 3*y - 1,9,True,4*x**8/63,-2*x**7*y/9 + 1/3,0,3,3,1,['c + 1'],False,,,,,,,,,,cert2_20.json
x**7*y**2 + 3*y - 2,9,True,4*x**8/63,-2*x**7*y/9 + 1/3,0,3,3,1,['c + 2'],False,,,,,,,,,,cert2_20.json
x**7*y**2 + 3*y - 3,9,True,4*x**8/63,-2*x**7*y/9 + 1/3,0,3,3,1,['c + 3'],False,,,,,,,,,,cert2_20.json
x**7*y**2 + y + 1,9,True,4*x**8/7,-2*x**7*y + 1,0,3,3,1,['c - 1'],False,EMPTY,18,2,4,True,lam-a14e23798b-D18,False,None,15,cert20.json
x**7*y**2 + y + 2,9,True,4*x**8/7,-2*x**7*y + 1,0,3,3,1,['c - 2'],False,,,,,,,,,,cert2_20.json
x**7*y**2 + y + 3,9,True,4*x**8/7,-2*x**7*y + 1,0,3,3,1,['c - 3'],False,,,,,,,,,,cert2_20.json
x**7*y**2 + y - 1,9,True,4*x**8/7,-2*x**7*y + 1,0,3,3,1,['c + 1'],False,,,,,,,,,,cert2_20.json
x**7*y**2 + y - 2,9,True,4*x**8/7,-2*x**7*y + 1,0,3,3,1,['c + 2'],False,,,,,,,,,,cert2_20.json
x**7*y**2 + y - 3,9,True,4*x**8/7,-2*x**7*y + 1,0,3,3,1,['c + 3'],False,,,,,,,,,,cert2_20.json
x**7*y**2 - 2*y + 1,9,True,x**8/7,-x**7*y/2 - 1/2,0,3,3,1,['c - 1'],False,,,,,,,,,,cert2_20.json
x**7*y**2 - 2*y + 2,9,True,x**8/7,-x**7*y/2 - 1/2,0,3,3,1,['c - 2'],False,,,,,,,,,,cert2_20.json
x**7*y**2 - 2*y + 3,9,True,x**8/7,-x**7*y/2 - 1/2,0,3,3,1,['c - 3'],False,,,,,,,,,,cert2_20.json
x**7*y**2 - 2*y - 1,9,True,x**8/7,-x**7*y/2 - 1/2,0,3,3,1,['c + 1'],False,,,,,,,,,,cert2_20.json
x**7*y**2 - 2*y - 2,9,True,x**8/7,-x**7*y/2 - 1/2,0,3,3,1,['c + 2'],False,,,,,,,,,,cert2_20.json
x**7*y**2 - 2*y - 3,9,True,x**8/7,-x**7*y/2 - 1/2,0,3,3,1,['c + 3'],False,,,,,,,,,,cert2_20.json
x**7*y**2 - 3*y + 1,9,True,4*x**8/63,-2*x**7*y/9 - 1/3,0,3,3,1,['c - 1'],False,,,,,,,,,,cert2_20.json
x**7*y**2 - 3*y + 2,9,True,4*x**8/63,-2*x**7*y/9 - 1/3,0,3,3,1,['c - 2'],False,,,,,,,,,,cert2_20.json
x**7*y**2 - 3*y + 3,9,True,4*x**8/63,-2*x**7*y/9 - 1/3,0,3,3,1,['c - 3'],False,,,,,,,,,,cert2_20.json
x**7*y**2 - 3*y - 1,9,True,4*x**8/63,-2*x**7*y/9 - 1/3,0,3,3,1,['c + 1'],False,,,,,,,,,,cert2_20.json
x**7*y**2 - 3*y - 2,9,True,4*x**8/63,-2*x**7*y/9 - 1/3,0,3,3,1,['c + 2'],False,,,,,,,,,,cert2_20.json
x**7*y**2 - 3*y - 3,9,True,4*x**8/63,-2*x**7*y/9 - 1/3,0,3,3,1,['c + 3'],False,,,,,,,,,,cert2_20.json
x**7*y**2 - y + 1,9,True,4*x**8/7,-2*x**7*y - 1,0,3,3,1,['c - 1'],False,EMPTY,18,2,4,True,lam-01a493d4ac-D18,False,None,15,cert2_20.json
x**7*y**2 - y + 2,9,True,4*x**8/7,-2*x**7*y - 1,0,3,3,1,['c - 2'],False,,,,,,,,,,cert2_20.json
x**7*y**2 - y + 3,9,True,4*x**8/7,-2*x**7*y - 1,0,3,3,1,['c - 3'],False,,,,,,,,,,cert2_20.json
x**7*y**2 - y - 1,9,True,4*x**8/7,-2*x**7*y - 1,0,3,3,1,['c + 1'],False,EMPTY,18,2,4,True,lam-42df416346-D18,False,None,15,cert2_20.json
x**7*y**2 - y - 2,9,True,4*x**8/7,-2*x**7*y - 1,0,3,3,1,['c + 2'],False,,,,,,,,,,cert2_20.json
x**7*y**2 - y - 3,9,True,4*x**8/7,-2*x**7*y - 1,0,3,3,1,['c + 3'],False,,,,,,,,,,cert2_20.json
-2*x**6*y**4 + x**2*y**2 + y + 1,10,True,-128*x**7*y**2/25 - 8*x**5*y/25 + 44*x**3/25,192*x**6*y**3/25 + 12*x**4*y**2/25 - 2*x**2*y + 1,0,1,1,1,['c - 1'],False,,,,,,,,,,cert20.json
-2*x**6*y**4 + x**4*y**3 + y + 1,10,True,-75*x**7*y**2/14 + 249*x**5*y/112 - x**3/112,225*x**6*y**3/28 - 3*x**4*y**2 + 1,0,1,1,1,['c - 1'],False,,,,,,,,,,cert20.json
-x**4*y**6 + y + 1,10,True,-9*x**5*y**4,6*x**4*y**5 + 1,0,1,1,1,['c - 1'],False,EMPTY,20,2,4,True,lam-c7ee25ee58-D20,False,None,71,cert20.json
-x**6*y**4 + x**2*y**2 + y + 1,10,True,-56*x**7*y**2/23 - 8*x**5*y/23 + 40*x**3/23,84*x**6*y**3/23 + 12*x**4*y**2/23 - 2*x**2*y + 1,0,1,1,1,['c - 1'],False,,,,,,,,,,cert20.json
-x**6*y**4 + x**4*y**3 + y + 1,10,True,-84*x**7*y**2/31 + 69*x**5*y/31 - x**3/62,126*x**6*y**3/31 - 3*x**4*y**2 + 1,0,1,1,1,['c - 1'],False,,,,,,,,,,cert20.json
-x**6*y**4 + y + 1,10,True,-8*x**7*y**2/3,4*x**6*y**3 + 1,0,1,1,1,['c - 1'],False,,,,,,,,,,cert20.json
-x**7*y**3 + y + 1,10,True,-9*x**8*y/7,3*x**7*y**2 + 1,0,3,3,1,['c - 1'],False,,,,,,,,,,cert20.json
-x**8*y**2 + y + 1,10,True,-x**9/2,2*x**8*y + 1,0,3,3,1,['c - 1'],False,,,,,,,,,,cert20.json
2*x**2*y**8 + 2*x + 1,10,True,-x*y**8 + 1/2,y**9/4,0,3,3,1,['c - 1'],False,,,,,,,,,,cert2_20.json
2*x**2*y**8 + 2*x + 2,10,True,-x*y**8 + 1/2,y**9/4,0,3,3,1,['c - 2'],False,,,,,,,,,,cert2_20.json
2*x**2*y**8 + 2*x + 3,10,True,-x*y**8 + 1/2,y**9/4,0,3,3,1,['c - 3'],False,,,,,,,,,,cert2_20.json
2*x**2*y**8 + 2*x - 1,10,True,-x*y**8 + 1/2,y**9/4,0,3,3,1,['c + 1'],False,,,,,,,,,,cert2_20.json
2*x**2*y**8 + 2*x - 2,10,True,-x*y**8 + 1/2,y**9/4,0,3,3,1,['c + 2'],False,,,,,,,,,,cert2_20.json
2*x**2*y**8 + 2*x - 3,10,True,-x*y**8 + 1/2,y**9/4,0,3,3,1,['c + 3'],False,,,,,,,,,,cert2_20.json
2*x**2*y**8 + 3*x + 1,10,True,-4*x*y**8/9 + 1/3,y**9/9,0,3,3,1,['c - 1'],False,,,,,,,,,,cert2_20.json
2*x**2*y**8 + 3*x + 2,10,True,-4*x*y**8/9 + 1/3,y**9/9,0,3,3,1,['c - 2'],False,,,,,,,,,,cert2_20.json
2*x**2*y**8 + 3*x + 3,10,True,-4*x*y**8/9 + 1/3,y**9/9,0,3,3,1,['c - 3'],False,,,,,,,,,,cert2_20.json
2*x**2*y**8 + 3*x - 1,10,True,-4*x*y**8/9 + 1/3,y**9/9,0,3,3,1,['c + 1'],False,,,,,,,,,,cert2_20.json
2*x**2*y**8 + 3*x - 2,10,True,-4*x*y**8/9 + 1/3,y**9/9,0,3,3,1,['c + 2'],False,,,,,,,,,,cert2_20.json
2*x**2*y**8 + 3*x - 3,10,True,-4*x*y**8/9 + 1/3,y**9/9,0,3,3,1,['c + 3'],False,,,,,,,,,,cert2_20.json
2*x**2*y**8 + x + 1,10,True,-4*x*y**8 + 1,y**9,0,3,3,1,['c - 1'],False,,,,,,,,,,cert2_20.json
2*x**2*y**8 + x + 2,10,True,-4*x*y**8 + 1,y**9,0,3,3,1,['c - 2'],False,,,,,,,,,,cert2_20.json
2*x**2*y**8 + x + 3,10,True,-4*x*y**8 + 1,y**9,0,3,3,1,['c - 3'],False,,,,,,,,,,cert2_20.json
2*x**2*y**8 + x - 1,10,True,-4*x*y**8 + 1,y**9,0,3,3,1,['c + 1'],False,,,,,,,,,,cert2_20.json
2*x**2*y**8 + x - 2,10,True,-4*x*y**8 + 1,y**9,0,3,3,1,['c + 2'],False,,,,,,,,,,cert2_20.json
2*x**2*y**8 + x - 3,10,True,-4*x*y**8 + 1,y**9,0,3,3,1,['c + 3'],False,,,,,,,,,,cert2_20.json
2*x**2*y**8 - 2*x + 1,10,True,-x*y**8 - 1/2,y**9/4,0,3,3,1,['c - 1'],False,,,,,,,,,,cert2_20.json
2*x**2*y**8 - 2*x + 2,10,True,-x*y**8 - 1/2,y**9/4,0,3,3,1,['c - 2'],False,,,,,,,,,,cert2_20.json
2*x**2*y**8 - 2*x + 3,10,True,-x*y**8 - 1/2,y**9/4,0,3,3,1,['c - 3'],False,,,,,,,,,,cert2_20.json
2*x**2*y**8 - 2*x - 1,10,True,-x*y**8 - 1/2,y**9/4,0,3,3,1,['c + 1'],False,,,,,,,,,,cert2_20.json
2*x**2*y**8 - 2*x - 2,10,True,-x*y**8 - 1/2,y**9/4,0,3,3,1,['c + 2'],False,,,,,,,,,,cert2_20.json
2*x**2*y**8 - 2*x - 3,10,True,-x*y**8 - 1/2,y**9/4,0,3,3,1,['c + 3'],False,,,,,,,,,,cert2_20.json
2*x**2*y**8 - 3*x + 1,10,True,-4*x*y**8/9 - 1/3,y**9/9,0,3,3,1,['c - 1'],False,,,,,,,,,,cert2_20.json
2*x**2*y**8 - 3*x + 2,10,True,-4*x*y**8/9 - 1/3,y**9/9,0,3,3,1,['c - 2'],False,,,,,,,,,,cert2_20.json
2*x**2*y**8 - 3*x + 3,10,True,-4*x*y**8/9 - 1/3,y**9/9,0,3,3,1,['c - 3'],False,,,,,,,,,,cert2_20.json
2*x**2*y**8 - 3*x - 1,10,True,-4*x*y**8/9 - 1/3,y**9/9,0,3,3,1,['c + 1'],False,,,,,,,,,,cert2_20.json
2*x**2*y**8 - 3*x - 2,10,True,-4*x*y**8/9 - 1/3,y**9/9,0,3,3,1,['c + 2'],False,,,,,,,,,,cert2_20.json
2*x**2*y**8 - 3*x - 3,10,True,-4*x*y**8/9 - 1/3,y**9/9,0,3,3,1,['c + 3'],False,,,,,,,,,,cert2_20.json
2*x**2*y**8 - x + 1,10,True,-4*x*y**8 - 1,y**9,0,3,3,1,['c - 1'],False,,,,,,,,,,cert2_20.json
2*x**2*y**8 - x + 2,10,True,-4*x*y**8 - 1,y**9,0,3,3,1,['c - 2'],False,,,,,,,,,,cert2_20.json
2*x**2*y**8 - x + 3,10,True,-4*x*y**8 - 1,y**9,0,3,3,1,['c - 3'],False,,,,,,,,,,cert2_20.json
2*x**2*y**8 - x - 1,10,True,-4*x*y**8 - 1,y**9,0,3,3,1,['c + 1'],False,,,,,,,,,,cert2_20.json
2*x**2*y**8 - x - 2,10,True,-4*x*y**8 - 1,y**9,0,3,3,1,['c + 2'],False,,,,,,,,,,cert2_20.json
2*x**2*y**8 - x - 3,10,True,-4*x*y**8 - 1,y**9,0,3,3,1,['c + 3'],False,,,,,,,,,,cert2_20.json
2*x**3*y**7 + 2*x + 1,10,True,-3*x**2*y**7/2 + 1/2,9*x*y**8/14,0,3,3,1,['c - 1'],False,,,,,,,,,,cert2_20.json
2*x**3*y**7 + 2*x + 2,10,True,-3*x**2*y**7/2 + 1/2,9*x*y**8/14,0,3,3,1,['c - 2'],False,,,,,,,,,,cert2_20.json
2*x**3*y**7 + 2*x + 3,10,True,-3*x**2*y**7/2 + 1/2,9*x*y**8/14,0,3,3,1,['c - 3'],False,,,,,,,,,,cert2_20.json
2*x**3*y**7 + 2*x - 1,10,True,-3*x**2*y**7/2 + 1/2,9*x*y**8/14,0,3,3,1,['c + 1'],False,,,,,,,,,,cert2_20.json
2*x**3*y**7 + 2*x - 2,10,True,-3*x**2*y**7/2 + 1/2,9*x*y**8/14,0,3,3,1,['c + 2'],False,,,,,,,,,,cert2_20.json
2*x**3*y**7 + 2*x - 3,10,True,-3*x**2*y**7/2 + 1/2,9*x*y**8/14,0,3,3,1,['c + 3'],False,,,,,,,,,,cert2_20.json
2*x**3*y**7 + 3*x + 1,10,True,-2*x**2*y**7/3 + 1/3,2*x*y**8/7,0,3,3,1,['c - 1'],False,,,,,,,,,,cert2_20.json
2*x**3*y**7 + 3*x + 2,10,True,-2*x**2*y**7/3 + 1/3,2*x*y**8/7,0,3,3,1,['c - 2'],False,,,,,,,,,,cert2_20.json
2*x**3*y**7 + 3*x + 3,10,True,-2*x**2*y**7/3 + 1/3,2*x*y**8/7,0,3,3,1,['c - 3'],False,,,,,,,,,,cert2_20.json
2*x**3*y**7 + 3*x - 1,10,True,-2*x**2*y**7/3 + 1/3,2*x*y**8/7,0,3,3,1,['c + 1'],False,,,,,,,,,,cert2_20.json
2*x**3*y**7 + 3*x - 2,10,True,-2*x**2*y**7/3 + 1/3,2*x*y**8/7,0,3,3,1,['c + 2'],False,,,,,,,,,,cert2_20.json
2*x**3*y**7 + 3*x - 3,10,True,-2*x**2*y**7/3 + 1/3,2*x*y**8/7,0,3,3,1,['c + 3'],False,,,,,,,,,,cert2_20.json
2*x**3*y**7 + x + 1,10,True,-6*x**2*y**7 + 1,18*x*y**8/7,0,3,3,1,['c - 1'],False,,,,,,,,,,cert2_20.json
2*x**3*y**7 + x + 2,10,True,-6*x**2*y**7 + 1,18*x*y**8/7,0,3,3,1,['c - 2'],False,,,,,,,,,,cert2_20.json
2*x**3*y**7 + x + 3,10,True,-6*x**2*y**7 + 1,18*x*y**8/7,0,3,3,1,['c - 3'],False,,,,,,,,,,cert2_20.json
2*x**3*y**7 + x - 1,10,True,-6*x**2*y**7 + 1,18*x*y**8/7,0,3,3,1,['c + 1'],False,,,,,,,,,,cert2_20.json
2*x**3*y**7 + x - 2,10,True,-6*x**2*y**7 + 1,18*x*y**8/7,0,3,3,1,['c + 2'],False,,,,,,,,,,cert2_20.json
2*x**3*y**7 + x - 3,10,True,-6*x**2*y**7 + 1,18*x*y**8/7,0,3,3,1,['c + 3'],False,,,,,,,,,,cert2_20.json
2*x**3*y**7 - 2*x + 1,10,True,-3*x**2*y**7/2 - 1/2,9*x*y**8/14,0,3,3,1,['c - 1'],False,,,,,,,,,,cert2_20.json
2*x**3*y**7 - 2*x + 2,10,True,-3*x**2*y**7/2 - 1/2,9*x*y**8/14,0,3,3,1,['c - 2'],False,,,,,,,,,,cert2_20.json
2*x**3*y**7 - 2*x + 3,10,True,-3*x**2*y**7/2 - 1/2,9*x*y**8/14,0,3,3,1,['c - 3'],False,,,,,,,,,,cert2_20.json
2*x**3*y**7 - 2*x - 1,10,True,-3*x**2*y**7/2 - 1/2,9*x*y**8/14,0,3,3,1,['c + 1'],False,,,,,,,,,,cert2_20.json
2*x**3*y**7 - 2*x - 2,10,True,-3*x**2*y**7/2 - 1/2,9*x*y**8/14,0,3,3,1,['c + 2'],False,,,,,,,,,,cert2_20.json
2*x**3*y**7 - 2*x - 3,10,True,-3*x**2*y**7/2 - 1/2,9*x*y**8/14,0,3,3,1,['c + 3'],False,,,,,,,,,,cert2_20.json
2*x**3*y**7 - 3*x + 1,10,True,-2*x**2*y**7/3 - 1/3,2*x*y**8/7,0,3,3,1,['c - 1'],False,,,,,,,,,,cert2_20.json
2*x**3*y**7 - 3*x + 2,10,True,-2*x**2*y**7/3 - 1/3,2*x*y**8/7,0,3,3,1,['c - 2'],False,,,,,,,,,,cert2_20.json
2*x**3*y**7 - 3*x + 3,10,True,-2*x**2*y**7/3 - 1/3,2*x*y**8/7,0,3,3,1,['c - 3'],False,,,,,,,,,,cert2_20.json
2*x**3*y**7 - 3*x - 1,10,True,-2*x**2*y**7/3 - 1/3,2*x*y**8/7,0,3,3,1,['c + 1'],False,,,,,,,,,,cert2_20.json
2*x**3*y**7 - 3*x - 2,10,True,-2*x**2*y**7/3 - 1/3,2*x*y**8/7,0,3,3,1,['c + 2'],False,,,,,,,,,,cert2_20.json
2*x**3*y**7 - 3*x - 3,10,True,-2*x**2*y**7/3 - 1/3,2*x*y**8/7,0,3,3,1,['c + 3'],False,,,,,,,,,,cert2_20.json
2*x**3*y**7 - x + 1,10,True,-6*x**2*y**7 - 1,18*x*y**8/7,0,3,3,1,['c - 1'],False,,,,,,,,,,cert2_20.json
2*x**3*y**7 - x + 2,10,True,-6*x**2*y**7 - 1,18*x*y**8/7,0,3,3,1,['c - 2'],False,,,,,,,,,,cert2_20.json
2*x**3*y**7 - x + 3,10,True,-6*x**2*y**7 - 1,18*x*y**8/7,0,3,3,1,['c - 3'],False,,,,,,,,,,cert2_20.json
2*x**3*y**7 - x - 1,10,True,-6*x**2*y**7 - 1,18*x*y**8/7,0,3,3,1,['c + 1'],False,,,,,,,,,,cert2_20.json
2*x**3*y**7 - x - 2,10,True,-6*x**2*y**7 - 1,18*x*y**8/7,0,3,3,1,['c + 2'],False,,,,,,,,,,cert2_20.json
2*x**3*y**7 - x - 3,10,True,-6*x**2*y**7 - 1,18*x*y**8/7,0,3,3,1,['c + 3'],False,,,,,,,,,,cert2_20.json
2*x**4*y**6 + 2*x + 1,10,True,-2*x**3*y**6 + 1/2,4*x**2*y**7/3,0,1,1,1,['c - 1'],False,,,,,,,,,,cert2_20.json
2*x**4*y**6 + 2*x + 2,10,True,-2*x**3*y**6 + 1/2,4*x**2*y**7/3,0,1,1,1,['c - 2'],False,,,,,,,,,,cert2_20.json
2*x**4*y**6 + 2*x + 3,10,True,-2*x**3*y**6 + 1/2,4*x**2*y**7/3,0,1,1,1,['c - 3'],False,,,,,,,,,,cert2_20.json
2*x**4*y**6 + 2*x - 1,10,True,-2*x**3*y**6 + 1/2,4*x**2*y**7/3,0,1,1,1,['c + 1'],False,,,,,,,,,,cert2_20.json
2*x**4*y**6 + 2*x - 2,10,True,-2*x**3*y**6 + 1/2,4*x**2*y**7/3,0,1,1,1,['c + 2'],False,,,,,,,,,,cert2_20.json
2*x**4*y**6 + 2*x - 3,10,True,-2*x**3*y**6 + 1/2,4*x**2*y**7/3,0,1,1,1,['c + 3'],False,,,,,,,,,,cert2_20.json
2*x**4*y**6 + 2*y + 1,10,True,9*x**5*y**4/2,-3*x**4*y**5 + 1/2,0,1,1,1,['c - 1'],False,,,,,,,,,,cert2_20.json
2*x**4*y**6 + 2*y + 2,10,True,9*x**5*y**4/2,-3*x**4*y**5 + 1/2,0,1,1,1,['c - 2'],False,,,,,,,,,,cert2_20.json
2*x**4*y**6 + 2*y + 3,10,True,9*x**5*y**4/2,-3*x**4*y**5 + 1/2,0,1,1,1,['c - 3'],False,,,,,,,,,,cert2_20.json
2*x**4*y**6 + 2*y - 1,10,True,9*x**5*y**4/2,-3*x**4*y**5 + 1/2,0,1,1,1,['c + 1'],False,,,,,,,,,,cert2_20.json
2*x**4*y**6 + 2*y - 2,10,True,9*x**5*y**4/2,-3*x**4*y**5 + 1/2,0,1,1,1,['c + 2'],False,,,,,,,,,,cert2_20.json
2*x**4*y**6 + 2*y - 3,10,True,9*x**5*y**4/2,-3*x**4*y**5 + 1/2,0,1,1,1,['c + 3'],False,,,,,,,,,,cert2_20.json
2*x**4*y**6 + 3*x + 1,10,True,-8*x**3*y**6/9 + 1/3,16*x**2*y**7/27,0,1,1,1,['c - 1'],False,,,,,,,,,,cert2_20.json
2*x**4*y**6 + 3*x + 2,10,True,-8*x**3*y**6/9 + 1/3,16*x**2*y**7/27,0,1,1,1,['c - 2'],False,,,,,,,,,,cert2_20.json
2*x**4*y**6 + 3*x + 3,10,True,-8*x**3*y**6/9 + 1/3,16*x**2*y**7/27,0,1,1,1,['c - 3'],False,,,,,,,,,,cert2_20.json
2*x**4*y**6 + 3*x - 1,10,True,-8*x**3*y**6/9 + 1/3,16*x**2*y**7/27,0,1,1,1,['c + 1'],False,,,,,,,,,,cert2_20.json
2*x**4*y**6 + 3*x - 2,10,True,-8*x**3*y**6/9 + 1/3,16*x**2*y**7/27,0,1,1,1,['c + 2'],False,,,,,,,,,,cert2_20.json
2*x**4*y**6 + 3*x - 3,10,True,-8*x**3*y**6/9 + 1/3,16*x**2*y**7/27,0,1,1,1,['c + 3'],False,,,,,,,,,,cert2_20.json
2*x**4*y**6 + 3*y + 1,10,True,2*x**5*y**4,-4*x**4*y**5/3 + 1/3,0,1,1,1,['c - 1'],False,,,,,,,,,,cert2_20.json
2*x**4*y**6 + 3*y + 2,10,True,2*x**5*y**4,-4*x**4*y**5/3 + 1/3,0,1,1,1,['c - 2'],False,,,,,,,,,,cert2_20.json
2*x**4*y**6 + 3*y + 3,10,True,2*x**5*y**4,-4*x**4*y**5/3 + 1/3,0,1,1,1,['c - 3'],False,,,,,,,,,,cert2_20.json
2*x**4*y**6 + 3*y - 1,10,True,2*x**5*y**4,-4*x**4*y**5/3 + 1/3,0,1,1,1,['c + 1'],False,,,,,,,,,,cert2_20.json
2*x**4*y**6 + 3*y - 2,10,True,2*x**5*y**4,-4*x**4*y**5/3 + 1/3,0,1,1,1,['c + 2'],False,,,,,,,,,,cert2_20.json
2*x**4*y**6 + 3*y - 3,10,True,2*x**5*y**4,-4*x**4*y**5/3 + 1/3,0,1,1,1,['c + 3'],False,,,,,,,,,,cert2_20.json
2*x**4*y**6 + x + 1,10,True,-8*x**3*y**6 + 1,16*x**2*y**7/3,0,1,1,1,['c - 1'],False,,,,,,,,,,cert2_20.json
2*x**4*y**6 + x + 2,10,True,-8*x**3*y**6 + 1,16*x**2*y**7/3,0,1,1,1,['c - 2'],False,,,,,,,,,,cert2_20.json
2*x**4*y**6 + x + 3,10,True,-8*x**3*y**6 + 1,16*x**2*y**7/3,0,1,1,1,['c - 3'],False,,,,,,,,,,cert2_20.json
2*x**4*y**6 + x - 1,10,True,-8*x**3*y**6 + 1,16*x**2*y**7/3,0,1,1,1,['c + 1'],False,,,,,,,,,,cert2_20.json
2*x**4*y**6 + x - 2,10,True,-8*x**3*y**6 + 1,16*x**2*y**7/3,0,1,1,1,['c + 2'],False,,,,,,,,,,cert2_20.json
2*x**4*y**6 + x - 3,10,True,-8*x**3*y**6 + 1,16*x**2*y**7/3,0,1,1,1,['c + 3'],False,,,,,,,,,,cert2_20.json
2*x**4*y**6 + y + 1,10,True,18*x**5*y**4,-12*x**4*y**5 + 1,0,1,1,1,['c - 1'],False,,,,,,,,,,cert2_20.json
2*x**4*y**6 + y + 2,10,True,18*x**5*y**4,-12*x**4*y**5 + 1,0,1,1,1,['c - 2'],False,,,,,,,,,,cert2_20.json
2*x**4*y**6 + y + 3,10,True,18*x**5*y**4,-12*x**4*y**5 + 1,0,1,1,1,['c - 3'],False,,,,,,,,,,cert2_20.json
2*x**4*y**6 + y - 1,10,True,18*x**5*y**4,-12*x**4*y**5 + 1,0,1,1,1,['c + 1'],False,,,,,,,,,,cert2_20.json
2*x**4*y**6 + y - 2,10,True,18*x**5*y**4,-12*x**4*y**5 + 1,0,1,1,1,['c + 2'],False,,,,,,,,,,cert2_20.json
2*x**4*y**6 + y - 3,10,True,18*x**5*y**4,-12*x**4*y**5 + 1,0,1,1,1,['c + 3'],False,,,,,,,,,,cert2_20.json
2*x**4*y**6 - 2*x + 1,10,True,-2*x**3*y**6 - 1/2,4*x**2*y**7/3,0,1,1,1,['c - 1'],False,,,,,,,,,,cert2_20.json
2*x**4*y**6 - 2*x + 2,10,True,-2*x**3*y**6 - 1/2,4*x**2*y**7/3,0,1,1,1,['c - 2'],False,,,,,,,,,,cert2_20.json
2*x**4*y**6 - 2*x + 3,10,True,-2*x**3*y**6 - 1/2,4*x**2*y**7/3,0,1,1,1,['c - 3'],False,,,,,,,,,,cert2_20.json
2*x**4*y**6 - 2*x - 1,10,True,-2*x**3*y**6 - 1/2,4*x**2*y**7/3,0,1,1,1,['c + 1'],False,,,,,,,,,,cert2_20.json
2*x**4*y**6 - 2*x - 2,10,True,-2*x**3*y**6 - 1/2,4*x**2*y**7/3,0,1,1,1,['c + 2'],False,,,,,,,,,,cert2_20.json
2*x**4*y**6 - 2*x - 3,10,True,-2*x**3*y**6 - 1/2,4*x**2*y**7/3,0,1,1,1,['c + 3'],False,,,,,,,,,,cert2_20.json
2*x**4*y**6 - 2*y + 1,10,True,9*x**5*y**4/2,-3*x**4*y**5 - 1/2,0,1,1,1,['c - 1'],False,,,,,,,,,,cert2_20.json
2*x**4*y**6 - 2*y + 2,10,True,9*x**5*y**4/2,-3*x**4*y**5 - 1/2,0,1,1,1,['c - 2'],False,,,,,,,,,,cert2_20.json
2*x**4*y**6 - 2*y + 3,10,True,9*x**5*y**4/2,-3*x**4*y**5 - 1/2,0,1,1,1,['c - 3'],False,,,,,,,,,,cert2_20.json
2*x**4*y**6 - 2*y - 1,10,True,9*x**5*y**4/2,-3*x**4*y**5 - 1/2,0,1,1,1,['c + 1'],False,,,,,,,,,,cert2_20.json
2*x**4*y**6 - 2*y - 2,10,True,9*x**5*y**4/2,-3*x**4*y**5 - 1/2,0,1,1,1,['c + 2'],False,,,,,,,,,,cert2_20.json
2*x**4*y**6 - 2*y - 3,10,True,9*x**5*y**4/2,-3*x**4*y**5 - 1/2,0,1,1,1,['c + 3'],False,,,,,,,,,,cert2_20.json
2*x**4*y**6 - 3*x + 1,10,True,-8*x**3*y**6/9 - 1/3,16*x**2*y**7/27,0,1,1,1,['c - 1'],False,,,,,,,,,,cert2_20.json
2*x**4*y**6 - 3*x + 2,10,True,-8*x**3*y**6/9 - 1/3,16*x**2*y**7/27,0,1,1,1,['c - 2'],False,,,,,,,,,,cert2_20.json
2*x**4*y**6 - 3*x + 3,10,True,-8*x**3*y**6/9 - 1/3,16*x**2*y**7/27,0,1,1,1,['c - 3'],False,,,,,,,,,,cert2_20.json
2*x**4*y**6 - 3*x - 1,10,True,-8*x**3*y**6/9 - 1/3,16*x**2*y**7/27,0,1,1,1,['c + 1'],False,,,,,,,,,,cert2_20.json
2*x**4*y**6 - 3*x - 2,10,True,-8*x**3*y**6/9 - 1/3,16*x**2*y**7/27,0,1,1,1,['c + 2'],False,,,,,,,,,,cert2_20.json
2*x**4*y**6 - 3*x - 3,10,True,-8*x**3*y**6/9 - 1/3,16*x**2*y**7/27,0,1,1,1,['c + 3'],False,,,,,,,,,,cert2_20.json
2*x**4*y**6 - 3*y + 1,10,True,2*x**5*y**4,-4*x**4*y**5/3 - 1/3,0,1,1,1,['c - 1'],False,,,,,,,,,,cert2_20.json
2*x**4*y**6 - 3*y + 2,10,True,2*x**5*y**4,-4*x**4*y**5/3 - 1/3,0,1,1,1,['c - 2'],False,,,,,,,,,,cert2_20.json
2*x**4*y**6 - 3*y + 3,10,True,2*x**5*y**4,-4*x**4*y**5/3 - 1/3,0,1,1,1,['c - 3'],False,,,,,,,,,,cert2_20.json
2*x**4*y**6 - 3*y - 1,10,True,2*x**5*y**4,-4*x**4*y**5/3 - 1/3,0,1,1,1,['c + 1'],False,,,,,,,,,,cert2_20.json
2*x**4*y**6 - 3*y - 2,10,True,2*x**5*y**4,-4*x**4*y**5/3 - 1/3,0,1,1,1,['c + 2'],False,,,,,,,,,,cert2_20.json
2*x**4*y**6 - 3*y - 3,10,True,2*x**5*y**4,-4*x**4*y**5/3 - 1/3,0,1,1,1,['c + 3'],False,,,,,,,,,,cert2_20.json
2*x**4*y**6 - x + 1,10,True,-8*x**3*y**6 - 1,16*x**2*y**7/3,0,1,1,1,['c - 1'],False,,,,,,,,,,cert2_20.json
2*x**4*y**6 - x + 2,10,True,-8*x**3*y**6 - 1,16*x**2*y**7/3,0,1,1,1,['c - 2'],False,,,,,,,,,,cert2_20.json
2*x**4*y**6 - x + 3,10,True,-8*x**3*y**6 - 1,16*x**2*y**7/3,0,1,1,1,['c - 3'],False,,,,,,,,,,cert2_20.json
2*x**4*y**6 - x - 1,10,True,-8*x**3*y**6 - 1,16*x**2*y**7/3,0,1,1,1,['c + 1'],False,,,,,,,,,,cert2_20.json
2*x**4*y**6 - x - 2,10,True,-8*x**3*y**6 - 1,16*x**2*y**7/3,0,1,1,1,['c + 2'],False,,,,,,,,,,cert2_20.json
2*x**4*y**6 - x - 3,10,True,-8*x**3*y**6 - 1,16*x**2*y**7/3,0,1,1,1,['c + 3'],False,,,,,,,,,,cert2_20.json
2*x**4*y**6 - y + 1,10,True,18*x**5*y**4,-12*x**4*y**5 - 1,0,1,1,1,['c - 1'],False,,,,,,,,,,cert2_20.json
2*x**4*y**6 - y + 2,10,True,18*x**5*y**4,-12*x**4*y**5 - 1,0,1,1,1,['c - 2'],False,,,,,,,,,,cert2_20.json
2*x**4*y**6 - y + 3,10,True,18*x**5*y**4,-12*x**4*y**5 - 1,0,1,1,1,['c - 3'],False,,,,,,,,,,cert2_20.json
2*x**4*y**6 - y - 1,10,True,18*x**5*y**4,-12*x**4*y**5 - 1,0,1,1,1,['c + 1'],False,,,,,,,,,,cert2_20.json
2*x**4*y**6 - y - 2,10,True,18*x**5*y**4,-12*x**4*y**5 - 1,0,1,1,1,['c + 2'],False,,,,,,,,,,cert2_20.json
2*x**4*y**6 - y - 3,10,True,18*x**5*y**4,-12*x**4*y**5 - 1,0,1,1,1,['c + 3'],False,,,,,,,,,,cert2_20.json
2*x**6*y**4 + 2*x + 1,10,True,-3*x**5*y**4 + 1/2,9*x**4*y**5/2,0,1,1,1,['c - 1'],False,,,,,,,,,,cert2_20.json
2*x**6*y**4 + 2*x + 2,10,True,-3*x**5*y**4 + 1/2,9*x**4*y**5/2,0,1,1,1,['c - 2'],False,,,,,,,,,,cert2_20.json
2*x**6*y**4 + 2*x + 3,10,True,-3*x**5*y**4 + 1/2,9*x**4*y**5/2,0,1,1,1,['c - 3'],False,,,,,,,,,,cert2_20.json
2*x**6*y**4 + 2*x - 1,10,True,-3*x**5*y**4 + 1/2,9*x**4*y**5/2,0,1,1,1,['c + 1'],False,,,,,,,,,,cert2_20.json
2*x**6*y**4 + 2*x - 2,10,True,-3*x**5*y**4 + 1/2,9*x**4*y**5/2,0,1,1,1,['c + 2'],False,,,,,,,,,,cert2_20.json
2*x**6*y**4 + 2*x - 3,10,True,-3*x**5*y**4 + 1/2,9*x**4*y**5/2,0,1,1,1,['c + 3'],False,,,,,,,,,,cert2_20.json
2*x**6*y**4 + 2*y + 1,10,True,4*x**7*y**2/3,-2*x**6*y**3 + 1/2,0,1,1,1,['c - 1'],False,,,,,,,,,,cert2_20.json
2*x**6*y**4 + 2*y + 2,10,True,4*x**7*y**2/3,-2*x**6*y**3 + 1/2,0,1,1,1,['c - 2'],False,,,,,,,,,,cert2_20.json
2*x**6*y**4 + 2*y + 3,10,True,4*x**7*y**2/3,-2*x**6*y**3 + 1/2,0,1,1,1,['c - 3'],False,,,,,,,,,,cert2_20.json
2*x**6*y**4 + 2*y - 1,10,True,4*x**7*y**2/3,-2*x**6*y**3 + 1/2,0,1,1,1,['c + 1'],False,,,,,,,,,,cert2_20.json
2*x**6*y**4 + 2*y - 2,10,True,4*x**7*y**2/3,-2*x**6*y**3 + 1/2,0,1,1,1,['c + 2'],False,,,,,,,,,,cert2_20.json
2*x**6*y**4 + 2*y - 3,10,True,4*x**7*y**2/3,-2*x**6*y**3 + 1/2,0,1,1,1,['c + 3'],False,,,,,,,,,,cert2_20.json
2*x**6*y**4 + 3*x + 1,10,True,-4*x**5*y**4/3 + 1/3,2*x**4*y**5,0,1,1,1,['c - 1'],False,,,,,,,,,,cert2_20.json
2*x**6*y**4 + 3*x + 2,10,True,-4*x**5*y**4/3 + 1/3,2*x**4*y**5,0,1,1,1,['c - 2'],False,,,,,,,,,,cert2_20.json
2*x**6*y**4 + 3*x + 3,10,True,-4*x**5*y**4/3 + 1/3,2*x**4*y**5,0,1,1,1,['c - 3'],False,,,,,,,,,,cert2_20.json
2*x**6*y**4 + 3*x - 1,10,True,-4*x**5*y**4/3 + 1/3,2*x**4*y**5,0,1,1,1,['c + 1'],False,,,,,,,,,,cert2_20.json
2*x**6*y**4 + 3*x - 2,10,True,-4*x**5*y**4/3 + 1/3,2*x**4*y**5,0,1,1,1,['c + 2'],False,,,,,,,,,,cert2_20.json
2*x**6*y**4 + 3*x - 3,10,True,-4*x**5*y**4/3 + 1/3,2*x**4*y**5,0,1,1,1,['c + 3'],False,,,,,,,,,,cert2_20.json
2*x**6*y**4 + 3*y + 1,10,True,16*x**7*y**2/27,-8*x**6*y**3/9 + 1/3,0,1,1,1,['c - 1'],False,,,,,,,,,,cert2_20.json
2*x**6*y**4 + 3*y + 2,10,True,16*x**7*y**2/27,-8*x**6*y**3/9 + 1/3,0,1,1,1,['c - 2'],False,,,,,,,,,,cert2_20.json
2*x**6*y**4 + 3*y + 3,10,True,16*x**7*y**2/27,-8*x**6*y**3/9 + 1/3,0,1,1,1,['c - 3'],False,,,,,,,,,,cert2_20.json
2*x**6*y**4 + 3*y - 1,10,True,16*x**7*y**2/27,-8*x**6*y**3/9 + 1/3,0,1,1,1,['c + 1'],False,,,,,,,,,,cert2_20.json
2*x**6*y**4 + 3*y - 2,10,True,16*x**7*y**2/27,-8*x**6*y**3/9 + 1/3,0,1,1,1,['c + 2'],False,,,,,,,,,,cert2_20.json
2*x**6*y**4 + 3*y - 3,10,True,16*x**7*y**2/27,-8*x**6*y**3/9 + 1/3,0,1,1,1,['c + 3'],False,,,,,,,,,,cert2_20.json
2*x**6*y**4 + x + 1,10,True,-12*x**5*y**4 + 1,18*x**4*y**5,0,1,1,1,['c - 1'],False,,,,,,,,,,cert2_20.json
2*x**6*y**4 + x + 2,10,True,-12*x**5*y**4 + 1,18*x**4*y**5,0,1,1,1,['c - 2'],False,,,,,,,,,,cert2_20.json
2*x**6*y**4 + x + 3,10,True,-12*x**5*y**4 + 1,18*x**4*y**5,0,1,1,1,['c - 3'],False,,,,,,,,,,cert2_20.json
2*x**6*y**4 + x - 1,10,True,-12*x**5*y**4 + 1,18*x**4*y**5,0,1,1,1,['c + 1'],False,,,,,,,,,,cert2_20.json
2*x**6*y**4 + x - 2,10,True,-12*x**5*y**4 + 1,18*x**4*y**5,0,1,1,1,['c + 2'],False,,,,,,,,,,cert2_20.json
2*x**6*y**4 + x - 3,10,True,-12*x**5*y**4 + 1,18*x**4*y**5,0,1,1,1,['c + 3'],False,,,,,,,,,,cert2_20.json
2*x**6*y**4 + x**2*y**2 + y + 1,10,True,160*x**7*y**2/29 - 8*x**5*y/29 + 52*x**3/29,-240*x**6*y**3/29 + 12*x**4*y**2/29 - 2*x**2*y + 1,0,1,1,1,['c - 1'],False,,,,,,,,,,cert20.json
2*x**6*y**4 + x**4*y**3 + y + 1,10,True,75*x**7*y**2/14 + 249*x**5*y/112 + x**3/112,-225*x**6*y**3/28 - 3*x**4*y**2 + 1,0,1,1,1,['c - 1'],False,,,,,,,,,,cert20.json
2*x**6*y**4 + y + 1,10,True,16*x**7*y**2/3,-8*x**6*y**3 + 1,0,1,1,1,['c - 1'],False,,,,,,,,,,cert2_20.json
2*x**6*y**4 + y + 2,10,True,16*x**7*y**2/3,-8*x**6*y**3 + 1,0,1,1,1,['c - 2'],False,,,,,,,,,,cert2_20.json
2*x**6*y**4 + y + 3,10,True,16*x**7*y**2/3,-8*x**6*y**3 + 1,0,1,1,1,['c - 3'],False,,,,,,,,,,cert2_20.json
2*x**6*y**4 + y - 1,10,True,16*x**7*y**2/3,-8*x**6*y**3 + 1,0,1,1,1,['c + 1'],False,,,,,,,,,,cert2_20.json
2*x**6*y**4 + y - 2,10,True,16*x**7*y**2/3,-8*x**6*y**3 + 1,0,1,1,1,['c + 2'],False,,,,,,,,,,cert2_20.json
2*x**6*y**4 + y - 3,10,True,16*x**7*y**2/3,-8*x**6*y**3 + 1,0,1,1,1,['c + 3'],False,,,,,,,,,,cert2_20.json
2*x**6*y**4 - 2*x + 1,10,True,-3*x**5*y**4 - 1/2,9*x**4*y**5/2,0,1,1,1,['c - 1'],False,,,,,,,,,,cert2_20.json
2*x**6*y**4 - 2*x + 2,10,True,-3*x**5*y**4 - 1/2,9*x**4*y**5/2,0,1,1,1,['c - 2'],False,,,,,,,,,,cert2_20.json
2*x**6*y**4 - 2*x + 3,10,True,-3*x**5*y**4 - 1/2,9*x**4*y**5/2,0,1,1,1,['c - 3'],False,,,,,,,,,,cert2_20.json
2*x**6*y**4 - 2*x - 1,10,True,-3*x**5*y**4 - 1/2,9*x**4*y**5/2,0,1,1,1,['c + 1'],False,,,,,,,,,,cert2_20.json
2*x**6*y**4 - 2*x - 2,10,True,-3*x**5*y**4 - 1/2,9*x**4*y**5/2,0,1,1,1,['c + 2'],False,,,,,,,,,,cert2_20.json
2*x**6*y**4 - 2*x - 3,10,True,-3*x**5*y**4 - 1/2,9*x**4*y**5/2,0,1,1,1,['c + 3'],False,,,,,,,,,,cert2_20.json
2*x**6*y**4 - 2*y + 1,10,True,4*x**7*y**2/3,-2*x**6*y**3 - 1/2,0,1,1,1,['c - 1'],False,,,,,,,,,,cert2_20.json
2*x**6*y**4 - 2*y + 2,10,True,4*x**7*y**2/3,-2*x**6*y**3 - 1/2,0,1,1,1,['c - 2'],False,,,,,,,,,,cert2_20.json
2*x**6*y**4 - 2*y + 3,10,True,4*x**7*y**2/3,-2*x**6*y**3 - 1/2,0,1,1,1,['c - 3'],False,,,,,,,,,,cert2_20.json
2*x**6*y**4 - 2*y - 1,10,True,4*x**7*y**2/3,-2*x**6*y**3 - 1/2,0,1,1,1,['c + 1'],False,,,,,,,,,,cert2_20.json
2*x**6*y**4 - 2*y - 2,10,True,4*x**7*y**2/3,-2*x**6*y**3 - 1/2,0,1,1,1,['c + 2'],False,,,,,,,,,,cert2_20.json
2*x**6*y**4 - 2*y - 3,10,True,4*x**7*y**2/3,-2*x**6*y**3 - 1/2,0,1,1,1,['c + 3'],False,,,,,,,,,,cert2_20.json
2*x**6*y**4 - 3*x + 1,10,True,-4*x**5*y**4/3 - 1/3,2*x**4*y**5,0,1,1,1,['c - 1'],False,,,,,,,,,,cert2_20.json
2*x**6*y**4 - 3*x + 2,10,True,-4*x**5*y**4/3 - 1/3,2*x**4*y**5,0,1,1,1,['c - 2'],False,,,,,,,,,,cert2_20.json
2*x**6*y**4 - 3*x + 3,10,True,-4*x**5*y**4/3 - 1/3,2*x**4*y**5,0,1,1,1,['c - 3'],False,,,,,,,,,,cert2_20.json
2*x**6*y**4 - 3*x - 1,10,True,-4*x**5*y**4/3 - 1/3,2*x**4*y**5,0,1,1,1,['c + 1'],False,,,,,,,,,,cert2_20.json
2*x**6*y**4 - 3*x - 2,10,True,-4*x**5*y**4/3 - 1/3,2*x**4*y**5,0,1,1,1,['c + 2'],False,,,,,,,,,,cert2_20.json
2*x**6*y**4 - 3*x - 3,10,True,-4*x**5*y**4/3 - 1/3,2*x**4*y**5,0,1,1,1,['c + 3'],False,,,,,,,,,,cert2_20.json
2*x**6*y**4 - 3*y + 1,10,True,16*x**7*y**2/27,-8*x**6*y**3/9 - 1/3,0,1,1,1,['c - 1'],False,,,,,,,,,,cert2_20.json
2*x**6*y**4 - 3*y + 2,10,True,16*x**7*y**2/27,-8*x**6*y**3/9 - 1/3,0,1,1,1,['c - 2'],False,,,,,,,,,,cert2_20.json
2*x**6*y**4 - 3*y + 3,10,True,16*x**7*y**2/27,-8*x**6*y**3/9 - 1/3,0,1,1,1,['c - 3'],False,,,,,,,,,,cert2_20.json
2*x**6*y**4 - 3*y - 1,10,True,16*x**7*y**2/27,-8*x**6*y**3/9 - 1/3,0,1,1,1,['c + 1'],False,,,,,,,,,,cert2_20.json
2*x**6*y**4 - 3*y - 2,10,True,16*x**7*y**2/27,-8*x**6*y**3/9 - 1/3,0,1,1,1,['c + 2'],False,,,,,,,,,,cert2_20.json
2*x**6*y**4 - 3*y - 3,10,True,16*x**7*y**2/27,-8*x**6*y**3/9 - 1/3,0,1,1,1,['c + 3'],False,,,,,,,,,,cert2_20.json
2*x**6*y**4 - x + 1,10,True,-12*x**5*y**4 - 1,18*x**4*y**5,0,1,1,1,['c - 1'],False,,,,,,,,,,cert2_20.json
2*x**6*y**4 - x + 2,10,True,-12*x**5*y**4 - 1,18*x**4*y**5,0,1,1,1,['c - 2'],False,,,,,,,,,,cert2_20.json
2*x**6*y**4 - x + 3,10,True,-12*x**5*y**4 - 1,18*x**4*y**5,0,1,1,1,['c - 3'],False,,,,,,,,,,cert2_20.json
2*x**6*y**4 - x - 1,10,True,-12*x**5*y**4 - 1,18*x**4*y**5,0,1,1,1,['c + 1'],False,,,,,,,,,,cert2_20.json
2*x**6*y**4 - x - 2,10,True,-12*x**5*y**4 - 1,18*x**4*y**5,0,1,1,1,['c + 2'],False,,,,,,,,,,cert2_20.json
2*x**6*y**4 - x - 3,10,True,-12*x**5*y**4 - 1,18*x**4*y**5,0,1,1,1,['c + 3'],False,,,,,,,,,,cert2_20.json
2*x**6*y**4 - y + 1,10,True,16*x**7*y**2/3,-8*x**6*y**3 - 1,0,1,1,1,['c - 1'],False,,,,,,,,,,cert2_20.json
2*x**6*y**4 - y + 2,10,True,16*x**7*y**2/3,-8*x**6*y**3 - 1,0,1,1,1,['c - 2'],False,,,,,,,,,,cert2_20.json
2*x**6*y**4 - y + 3,10,True,16*x**7*y**2/3,-8*x**6*y**3 - 1,0,1,1,1,['c - 3'],False,,,,,,,,,,cert2_20.json
2*x**6*y**4 - y - 1,10,True,16*x**7*y**2/3,-8*x**6*y**3 - 1,0,1,1,1,['c + 1'],False,,,,,,,,,,cert2_20.json
2*x**6*y**4 - y - 2,10,True,16*x**7*y**2/3,-8*x**6*y**3 - 1,0,1,1,1,['c + 2'],False,,,,,,,,,,cert2_20.json
2*x**6*y**4 - y - 3,10,True,16*x**7*y**2/3,-8*x**6*y**3 - 1,0,1,1,1,['c + 3'],False,,,,,,,,,,cert2_20.json
2*x**7*y**3 + 2*y + 1,10,True,9*x**8*y/14,-3*x**7*y**2/2 + 1/2,0,3,3,1,['c - 1'],False,,,,,,,,,,cert2_20.json
2*x**7*y**3 + 2*y + 2,10,True,9*x**8*y/14,-3*x**7*y**2/2 + 1/2,0,3,3,1,['c - 2'],False,,,,,,,,,,cert2_20.json
2*x**7*y**3 + 2*y + 3,10,True,9*x**8*y/14,-3*x**7*y**2/2 + 1/2,0,3,3,1,['c - 3'],False,,,,,,,,,,cert2_20.json
2*x**7*y**3 + 2*y - 1,10,True,9*x**8*y/14,-3*x**7*y**2/2 + 1/2,0,3,3,1,['c + 1'],False,,,,,,,,,,cert2_20.json
2*x**7*y**3 + 2*y - 2,10,True,9*x**8*y/14,-3*x**7*y**2/2 + 1/2,0,3,3,1,['c + 2'],False,,,,,,,,,,cert2_20.json
2*x**7*y**3 + 2*y - 3,10,True,9*x**8*y/14,-3*x**7*y**2/2 + 1/2,0,3,3,1,['c + 3'],False,,,,,,,,,,cert2_20.json
2*x**7*y**3 + 3*y + 1,10,True,2*x**8*y/7,-2*x**7*y**2/3 + 1/3,0,3,3,1,['c - 1'],False,,,,,,,,,,cert2_20.json
2*x**7*y**3 + 3*y + 2,10,True,2*x**8*y/7,-2*x**7*y**2/3 + 1/3,0,3,3,1,['c - 2'],False,,,,,,,,,,cert2_20.json
2*x**7*y**3 + 3*y + 3,10,True,2*x**8*y/7,-2*x**7*y**2/3 + 1/3,0,3,3,1,['c - 3'],False,,,,,,,,,,cert2_20.json
2*x**7*y**3 + 3*y - 1,10,True,2*x**8*y/7,-2*x**7*y**2/3 + 1/3,0,3,3,1,['c + 1'],False,,,,,,,,,,cert2_20.json
2*x**7*y**3 + 3*y - 2,10,True,2*x**8*y/7,-2*x**7*y**2/3 + 1/3,0,3,3,1,['c + 2'],False,,,,,,,,,,cert2_20.json
2*x**7*y**3 + 3*y - 3,10,True,2*x**8*y/7,-2*x**7*y**2/3 + 1/3,0,3,3,1,['c + 3'],False,,,,,,,,,,cert2_20.json
2*x**7*y**3 + y + 1,10,True,18*x**8*y/7,-6*x**7*y**2 + 1,0,3,3,1,['c - 1'],False,,,,,,,,,,cert2_20.json
2*x**7*y**3 + y + 2,10,True,18*x**8*y/7,-6*x**7*y**2 + 1,0,3,3,1,['c - 2'],False,,,,,,,,,,cert2_20.json
2*x**7*y**3 + y + 3,10,True,18*x**8*y/7,-6*x**7*y**2 + 1,0,3,3,1,['c - 3'],False,,,,,,,,,,cert2_20.json
2*x**7*y**3 + y - 1,10,True,18*x**8*y/7,-6*x**7*y**2 + 1,0,3,3,1,['c + 1'],False,,,,,,,,,,cert2_20.json
2*x**7*y**3 + y - 2,10,True,18*x**8*y/7,-6*x**7*y**2 + 1,0,3,3,1,['c + 2'],False,,,,,,,,,,cert2_20.json
2*x**7*y**3 + y - 3,10,True,18*x**8*y/7,-6*x**7*y**2 + 1,0,3,3,1,['c + 3'],False,,,,,,,,,,cert2_20.json
2*x**7*y**3 - 2*y + 1,10,True,9*x**8*y/14,-3*x**7*y**2/2 - 1/2,0,3,3,1,['c - 1'],False,,,,,,,,,,cert2_20.json
2*x**7*y**3 - 2*y + 2,10,True,9*x**8*y/14,-3*x**7*y**2/2 - 1/2,0,3,3,1,['c - 2'],False,,,,,,,,,,cert2_20.json
2*x**7*y**3 - 2*y + 3,10,True,9*x**8*y/14,-3*x**7*y**2/2 - 1/2,0,3,3,1,['c - 3'],False,,,,,,,,,,cert2_20.json
2*x**7*y**3 - 2*y - 1,10,True,9*x**8*y/14,-3*x**7*y**2/2 - 1/2,0,3,3,1,['c + 1'],False,,,,,,,,,,cert2_20.json
2*x**7*y**3 - 2*y - 2,10,True,9*x**8*y/14,-3*x**7*y**2/2 - 1/2,0,3,3,1,['c + 2'],False,,,,,,,,,,cert2_20.json
2*x**7*y**3 - 2*y - 3,10,True,9*x**8*y/14,-3*x**7*y**2/2 - 1/2,0,3,3,1,['c + 3'],False,,,,,,,,,,cert2_20.json
2*x**7*y**3 - 3*y + 1,10,True,2*x**8*y/7,-2*x**7*y**2/3 - 1/3,0,3,3,1,['c - 1'],False,,,,,,,,,,cert2_20.json
2*x**7*y**3 - 3*y + 2,10,True,2*x**8*y/7,-2*x**7*y**2/3 - 1/3,0,3,3,1,['c - 2'],False,,,,,,,,,,cert2_20.json
2*x**7*y**3 - 3*y + 3,10,True,2*x**8*y/7,-2*x**7*y**2/3 - 1/3,0,3,3,1,['c - 3'],False,,,,,,,,,,cert2_20.json
2*x**7*y**3 - 3*y - 1,10,True,2*x**8*y/7,-2*x**7*y**2/3 - 1/3,0,3,3,1,['c + 1'],False,,,,,,,,,,cert2_20.json
2*x**7*y**3 - 3*y - 2,10,True,2*x**8*y/7,-2*x**7*y**2/3 - 1/3,0,3,3,1,['c + 2'],False,,,,,,,,,,cert2_20.json
2*x**7*y**3 - 3*y - 3,10,True,2*x**8*y/7,-2*x**7*y**2/3 - 1/3,0,3,3,1,['c + 3'],False,,,,,,,,,,cert2_20.json
2*x**7*y**3 - y + 1,10,True,18*x**8*y/7,-6*x**7*y**2 - 1,0,3,3,1,['c - 1'],False,,,,,,,,,,cert2_20.json
2*x**7*y**3 - y + 2,10,True,18*x**8*y/7,-6*x**7*y**2 - 1,0,3,3,1,['c - 2'],False,,,,,,,,,,cert2_20.json
2*x**7*y**3 - y + 3,10,True,18*x**8*y/7,-6*x**7*y**2 - 1,0,3,3,1,['c - 3'],False,,,,,,,,,,cert2_20.json
2*x**7*y**3 - y - 1,10,True,18*x**8*y/7,-6*x**7*y**2 - 1,0,3,3,1,['c + 1'],False,,,,,,,,,,cert2_20.json
2*x**7*y**3 - y - 2,10,True,18*x**8*y/7,-6*x**7*y**2 - 1,0,3,3,1,['c + 2'],False,,,,,,,,,,cert2_20.json
2*x**7*y**3 - y - 3,10,True,18*x**8*y/7,-6*x**7*y**2 - 1,0,3,3,1,['c + 3'],False,,,,,,,,,,cert2_20.json
2*x**8*y**2 + 2*y + 1,10,True,x**9/4,-x**8*y + 1/2,0,3,3,1,['c - 1'],False,,,,,,,,,,cert2_20.json
2*x**8*y**2 + 2*y + 2,10,True,x**9/4,-x**8*y + 1/2,0,3,3,1,['c - 2'],False,,,,,,,,,,cert2_20.json
2*x**8*y**2 + 2*y + 3,10,True,x**9/4,-x**8*y + 1/2,0,3,3,1,['c - 3'],False,,,,,,,,,,cert2_20.json
2*x**8*y**2 + 2*y - 1,10,True,x**9/4,-x**8*y + 1/2,0,3,3,1,['c + 1'],False,,,,,,,,,,cert2_20.json
2*x**8*y**2 + 2*y - 2,10,True,x**9/4,-x**8*y + 1/2,0,3,3,1,['c + 2'],False,,,,,,,,,,cert2_20.json
2*x**8*y**2 + 2*y - 3,10,True,x**9/4,-x**8*y + 1/2,0,3,3,1,['c + 3'],False,,,,,,,,,,cert2_20.json
2*x**8*y**2 + 3*y + 1,10,True,x**9/9,-4*x**8*y/9 + 1/3,0,3,3,1,['c - 1'],False,,,,,,,,,,cert2_20.json
2*x**8*y**2 + 3*y + 2,10,True,x**9/9,-4*x**8*y/9 + 1/3,0,3,3,1,['c - 2'],False,,,,,,,,,,cert2_20.json
2*x**8*y**2 + 3*y + 3,10,True,x**9/9,-4*x**8*y/9 + 1/3,0,3,3,1,['c - 3'],False,,,,,,,,,,cert2_20.json
2*x**8*y**2 + 3*y - 1,10,True,x**9/9,-4*x**8*y/9 + 1/3,0,3,3,1,['c + 1'],False,,,,,,,,,,cert2_20.json
2*x**8*y**2 + 3*y - 2,10,True,x**9/9,-4*x**8*y/9 + 1/3,0,3,3,1,['c + 2'],False,,,,,,,,,,cert2_20.json
2*x**8*y**2 + 3*y - 3,10,True,x**9/9,-4*x**8*y/9 + 1/3,0,3,3,1,['c + 3'],False,,,,,,,,,,cert2_20.json
2*x**8*y**2 + y + 1,10,True,x**9,-4*x**8*y + 1,0,3,3,1,['c - 1'],False,,,,,,,,,,cert2_20.json
2*x**8*y**2 + y + 2,10,True,x**9,-4*x**8*y + 1,0,3,3,1,['c - 2'],False,,,,,,,,,,cert2_20.json
2*x**8*y**2 + y + 3,10,True,x**9,-4*x**8*y + 1,0,3,3,1,['c - 3'],False,,,,,,,,,,cert2_20.json
2*x**8*y**2 + y - 1,10,True,x**9,-4*x**8*y + 1,0,3,3,1,['c + 1'],False,,,,,,,,,,cert2_20.json
2*x**8*y**2 + y - 2,10,True,x**9,-4*x**8*y + 1,0,3,3,1,['c + 2'],False,,,,,,,,,,cert2_20.json
2*x**8*y**2 + y - 3,10,True,x**9,-4*x**8*y + 1,0,3,3,1,['c + 3'],False,,,,,,,,,,cert2_20.json
2*x**8*y**2 - 2*y + 1,10,True,x**9/4,-x**8*y - 1/2,0,3,3,1,['c - 1'],False,,,,,,,,,,cert2_20.json
2*x**8*y**2 - 2*y + 2,10,True,x**9/4,-x**8*y - 1/2,0,3,3,1,['c - 2'],False,,,,,,,,,,cert2_20.json
2*x**8*y**2 - 2*y + 3,10,True,x**9/4,-x**8*y - 1/2,0,3,3,1,['c - 3'],False,,,,,,,,,,cert2_20.json
2*x**8*y**2 - 2*y - 1,10,True,x**9/4,-x**8*y - 1/2,0,3,3,1,['c + 1'],False,,,,,,,,,,cert2_20.json
2*x**8*y**2 - 2*y - 2,10,True,x**9/4,-x**8*y - 1/2,0,3,3,1,['c + 2'],False,,,,,,,,,,cert2_20.json
2*x**8*y**2 - 2*y - 3,10,True,x**9/4,-x**8*y - 1/2,0,3,3,1,['c + 3'],False,,,,,,,,,,cert2_20.json
2*x**8*y**2 - 3*y + 1,10,True,x**9/9,-4*x**8*y/9 - 1/3,0,3,3,1,['c - 1'],False,,,,,,,,,,cert2_20.json
2*x**8*y**2 - 3*y + 2,10,True,x**9/9,-4*x**8*y/9 - 1/3,0,3,3,1,['c - 2'],False,,,,,,,,,,cert2_20.json
2*x**8*y**2 - 3*y + 3,10,True,x**9/9,-4*x**8*y/9 - 1/3,0,3,3,1,['c - 3'],False,,,,,,,,,,cert2_20.json
2*x**8*y**2 - 3*y - 1,10,True,x**9/9,-4*x**8*y/9 - 1/3,0,3,3,1,['c + 1'],False,,,,,,,,,,cert2_20.json
2*x**8*y**2 - 3*y - 2,10,True,x**9/9,-4*x**8*y/9 - 1/3,0,3,3,1,['c + 2'],False,,,,,,,,,,cert2_20.json
2*x**8*y**2 - 3*y - 3,10,True,x**9/9,-4*x**8*y/9 - 1/3,0,3,3,1,['c + 3'],False,,,,,,,,,,cert2_20.json
2*x**8*y**2 - y + 1,10,True,x**9,-4*x**8*y - 1,0,3,3,1,['c - 1'],False,,,,,,,,,,cert2_20.json
2*x**8*y**2 - y + 2,10,True,x**9,-4*x**8*y - 1,0,3,3,1,['c - 2'],False,,,,,,,,,,cert2_20.json
2*x**8*y**2 - y + 3,10,True,x**9,-4*x**8*y - 1,0,3,3,1,['c - 3'],False,,,,,,,,,,cert2_20.json
2*x**8*y**2 - y - 1,10,True,x**9,-4*x**8*y - 1,0,3,3,1,['c + 1'],False,,,,,,,,,,cert2_20.json
2*x**8*y**2 - y - 2,10,True,x**9,-4*x**8*y - 1,0,3,3,1,['c + 2'],False,,,,,,,,,,cert2_20.json
2*x**8*y**2 - y - 3,10,True,x**9,-4*x**8*y - 1,0,3,3,1,['c + 3'],False,,,,,,,,,,cert2_20.json
3*x**2*y**8 + 2*x + 1,10,True,-3*x*y**8/2 + 1/2,3*y**9/8,0,3,3,1,['c - 1'],False,,,,,,,,,,cert2_20.json
3*x**2*y**8 + 2*x + 2,10,True,-3*x*y**8/2 + 1/2,3*y**9/8,0,3,3,1,['c - 2'],False,,,,,,,,,,cert2_20.json
3*x**2*y**8 + 2*x + 3,10,True,-3*x*y**8/2 + 1/2,3*y**9/8,0,3,3,1,['c - 3'],False,,,,,,,,,,cert2_20.json
3*x**2*y**8 + 2*x - 1,10,True,-3*x*y**8/2 + 1/2,3*y**9/8,0,3,3,1,['c + 1'],False,,,,,,,,,,cert2_20.json
3*x**2*y**8 + 2*x - 2,10,True,-3*x*y**8/2 + 1/2,3*y**9/8,0,3,3,1,['c + 2'],False,,,,,,,,,,cert2_20.json
3*x**2*y**8 + 2*x - 3,10,True,-3*x*y**8/2 + 1/2,3*y**9/8,0,3,3,1,['c + 3'],False,,,,,,,,,,cert2_20.json
3*x**2*y**8 + 3*x + 1,10,True,-2*x*y**8/3 + 1/3,y**9/6,0,3,3,1,['c - 1'],False,,,,,,,,,,cert2_20.json
3*x**2*y**8 + 3*x + 2,10,True,-2*x*y**8/3 + 1/3,y**9/6,0,3,3,1,['c - 2'],False,,,,,,,,,,cert2_20.json
3*x**2*y**8 + 3*x + 3,10,True,-2*x*y**8/3 + 1/3,y**9/6,0,3,3,1,['c - 3'],False,,,,,,,,,,cert2_20.json
3*x**2*y**8 + 3*x - 1,10,True,-2*x*y**8/3 + 1/3,y**9/6,0,3,3,1,['c + 1'],False,,,,,,,,,,cert2_20.json
3*x**2*y**8 + 3*x - 2,10,True,-2*x*y**8/3 + 1/3,y**9/6,0,3,3,1,['c + 2'],False,,,,,,,,,,cert2_20.json
3*x**2*y**8 + 3*x - 3,10,True,-2*x*y**8/3 + 1/3,y**9/6,0,3,3,1,['c + 3'],False,,,,,,,,,,cert2_20.json
3*x**2*y**8 + x + 1,10,True,-6*x*y**8 + 1,3*y**9/2,0,3,3,1,['c - 1'],False,,,,,,,,,,cert2_20.json
3*x**2*y**8 + x + 2,10,True,-6*x*y**8 + 1,3*y**9/2,0,3,3,1,['c - 2'],False,,,,,,,,,,cert2_20.json
3*x**2*y**8 + x + 3,10,True,-6*x*y**8 + 1,3*y**9/2,0,3,3,1,['c - 3'],False,,,,,,,,,,cert2_20.json
3*x**2*y**8 + x - 1,10,True,-6*x*y**8 + 1,3*y**9/2,0,3,3,1,['c + 1'],False,,,,,,,,,,cert2_20.json
3*x**2*y**8 + x - 2,10,True,-6*x*y**8 + 1,3*y**9/2,0,3,3,1,['c + 2'],False,,,,,,,,,,cert2_20.json
3*x**2*y**8 + x - 3,10,True,-6*x*y**8 + 1,3*y**9/2,0,3,3,1,['c + 3'],False,,,,,,,,,,cert2_20.json
3*x**2*y**8 - 2*x + 1,10,True,-3*x*y**8/2 - 1/2,3*y**9/8,0,3,3,1,['c - 1'],False,,,,,,,,,,cert2_20.json
3*x**2*y**8 - 2*x + 2,10,True,-3*x*y**8/2 - 1/2,3*y**9/8,0,3,3,1,['c - 2'],False,,,,,,,,,,cert2_20.json
3*x**2*y**8 - 2*x + 3,10,True,-3*x*y**8/2 - 1/2,3*y**9/8,0,3,3,1,['c - 3'],False,,,,,,,,,,cert2_20.json
3*x**2*y**8 - 2*x - 1,10,True,-3*x*y**8/2 - 1/2,3*y**9/8,0,3,3,1,['c + 1'],False,,,,,,,,,,cert2_20.json
3*x**2*y**8 - 2*x - 2,10,True,-3*x*y**8/2 - 1/2,3*y**9/8,0,3,3,1,['c + 2'],False,,,,,,,,,,cert2_20.json
3*x**2*y**8 - 2*x - 3,10,True,-3*x*y**8/2 - 1/2,3*y**9/8,0,3,3,1,['c + 3'],False,,,,,,,,,,cert2_20.json
3*x**2*y**8 - 3*x + 1,10,True,-2*x*y**8/3 - 1/3,y**9/6,0,3,3,1,['c - 1'],False,,,,,,,,,,cert2_20.json
3*x**2*y**8 - 3*x + 2,10,True,-2*x*y**8/3 - 1/3,y**9/6,0,3,3,1,['c - 2'],False,,,,,,,,,,cert2_20.json
3*x**2*y**8 - 3*x + 3,10,True,-2*x*y**8/3 - 1/3,y**9/6,0,3,3,1,['c - 3'],False,,,,,,,,,,cert2_20.json
3*x**2*y**8 - 3*x - 1,10,True,-2*x*y**8/3 - 1/3,y**9/6,0,3,3,1,['c + 1'],False,,,,,,,,,,cert2_20.json
3*x**2*y**8 - 3*x - 2,10,True,-2*x*y**8/3 - 1/3,y**9/6,0,3,3,1,['c + 2'],False,,,,,,,,,,cert2_20.json
3*x**2*y**8 - 3*x - 3,10,True,-2*x*y**8/3 - 1/3,y**9/6,0,3,3,1,['c + 3'],False,,,,,,,,,,cert2_20.json
3*x**2*y**8 - x + 1,10,True,-6*x*y**8 - 1,3*y**9/2,0,3,3,1,['c - 1'],False,,,,,,,,,,cert2_20.json
3*x**2*y**8 - x + 2,10,True,-6*x*y**8 - 1,3*y**9/2,0,3,3,1,['c - 2'],False,,,,,,,,,,cert2_20.json
3*x**2*y**8 - x + 3,10,True,-6*x*y**8 - 1,3*y**9/2,0,3,3,1,['c - 3'],False,,,,,,,,,,cert2_20.json
3*x**2*y**8 - x - 1,10,True,-6*x*y**8 - 1,3*y**9/2,0,3,3,1,['c + 1'],False,,,,,,,,,,cert2_20.json
3*x**2*y**8 - x - 2,10,True,-6*x*y**8 - 1,3*y**9/2,0,3,3,1,['c + 2'],False,,,,,,,,,,cert2_20.json
3*x**2*y**8 - x - 3,10,True,-6*x*y**8 - 1,3*y**9/2,0,3,3,1,['c + 3'],False,,,,,,,,,,cert2_20.json
3*x**3*y**7 + 2*x + 1,10,True,-9*x**2*y**7/4 + 1/2,27*x*y**8/28,0,3,3,1,['c - 1'],False,,,,,,,,,,cert2_20.json
3*x**3*y**7 + 2*x + 2,10,True,-9*x**2*y**7/4 + 1/2,27*x*y**8/28,0,3,3,1,['c - 2'],False,,,,,,,,,,cert2_20.json
3*x**3*y**7 + 2*x + 3,10,True,-9*x**2*y**7/4 + 1/2,27*x*y**8/28,0,3,3,1,['c - 3'],False,,,,,,,,,,cert2_20.json
3*x**3*y**7 + 2*x - 1,10,True,-9*x**2*y**7/4 + 1/2,27*x*y**8/28,0,3,3,1,['c + 1'],False,,,,,,,,,,cert2_20.json
3*x**3*y**7 + 2*x - 2,10,True,-9*x**2*y**7/4 + 1/2,27*x*y**8/28,0,3,3,1,['c + 2'],False,,,,,,,,,,cert2_20.json
3*x**3*y**7 + 2*x - 3,10,True,-9*x**2*y**7/4 + 1/2,27*x*y**8/28,0,3,3,1,['c + 3'],False,,,,,,,,,,cert2_20.json
3*x**3*y**7 + 3*x + 1,10,True,-x**2*y**7 + 1/3,3*x*y**8/7,0,3,3,1,['c - 1'],False,,,,,,,,,,cert2_20.json
3*x**3*y**7 + 3*x + 2,10,True,-x**2*y**7 + 1/3,3*x*y**8/7,0,3,3,1,['c - 2'],False,,,,,,,,,,cert2_20.json
3*x**3*y**7 + 3*x + 3,10,True,-x**2*y**7 + 1/3,3*x*y**8/7,0,3,3,1,['c - 3'],False,,,,,,,,,,cert2_20.json
3*x**3*y**7 + 3*x - 1,10,True,-x**2*y**7 + 1/3,3*x*y**8/7,0,3,3,1,['c + 1'],False,,,,,,,,,,cert2_20.json
3*x**3*y**7 + 3*x - 2,10,True,-x**2*y**7 + 1/3,3*x*y**8/7,0,3,3,1,['c + 2'],False,,,,,,,,,,cert2_20.json
3*x**3*y**7 + 3*x - 3,10,True,-x**2*y**7 + 1/3,3*x*y**8/7,0,3,3,1,['c + 3'],False,,,,,,,,,,cert2_20.json
3*x**3*y**7 + x + 1,10,True,-9*x**2*y**7 + 1,27*x*y**8/7,0,3,3,1,['c - 1'],False,,,,,,,,,,cert2_20.json
3*x**3*y**7 + x + 2,10,True,-9*x**2*y**7 + 1,27*x*y**8/7,0,3,3,1,['c - 2'],False,,,,,,,,,,cert2_20.json
3*x**3*y**7 + x + 3,10,True,-9*x**2*y**7 + 1,27*x*y**8/7,0,3,3,1,['c - 3'],False,,,,,,,,,,cert2_20.json
3*x**3*y**7 + x - 1,10,True,-9*x**2*y**7 + 1,27*x*y**8/7,0,3,3,1,['c + 1'],False,,,,,,,,,,cert2_20.json
3*x**3*y**7 + x - 2,10,True,-9*x**2*y**7 + 1,27*x*y**8/7,0,3,3,1,['c + 2'],False,,,,,,,,,,cert2_20.json
3*x**3*y**7 + x - 3,10,True,-9*x**2*y**7 + 1,27*x*y**8/7,0,3,3,1,['c + 3'],False,,,,,,,,,,cert2_20.json
3*x**3*y**7 - 2*x + 1,10,True,-9*x**2*y**7/4 - 1/2,27*x*y**8/28,0,3,3,1,['c - 1'],False,,,,,,,,,,cert2_20.json
3*x**3*y**7 - 2*x + 2,10,True,-9*x**2*y**7/4 - 1/2,27*x*y**8/28,0,3,3,1,['c - 2'],False,,,,,,,,,,cert2_20.json
3*x**3*y**7 - 2*x + 3,10,True,-9*x**2*y**7/4 - 1/2,27*x*y**8/28,0,3,3,1,['c - 3'],False,,,,,,,,,,cert2_20.json
3*x**3*y**7 - 2*x - 1,10,True,-9*x**2*y**7/4 - 1/2,27*x*y**8/28,0,3,3,1,['c + 1'],False,,,,,,,,,,cert2_20.json
3*x**3*y**7 - 2*x - 2,10,True,-9*x**2*y**7/4 - 1/2,27*x*y**8/28,0,3,3,1,['c + 2'],False,,,,,,,,,,cert2_20.json
3*x**3*y**7 - 2*x - 3,10,True,-9*x**2*y**7/4 - 1/2,27*x*y**8/28,0,3,3,1,['c + 3'],False,,,,,,,,,,cert2_20.json
3*x**3*y**7 - 3*x + 1,10,True,-x**2*y**7 - 1/3,3*x*y**8/7,0,3,3,1,['c - 1'],False,,,,,,,,,,cert2_20.json
3*x**3*y**7 - 3*x + 2,10,True,-x**2*y**7 - 1/3,3*x*y**8/7,0,3,3,1,['c - 2'],False,,,,,,,,,,cert2_20.json
3*x**3*y**7 - 3*x + 3,10,True,-x**2*y**7 - 1/3,3*x*y**8/7,0,3,3,1,['c - 3'],False,,,,,,,,,,cert2_20.json
3*x**3*y**7 - 3*x - 1,10,True,-x**2*y**7 - 1/3,3*x*y**8/7,0,3,3,1,['c + 1'],False,,,,,,,,,,cert2_20.json
3*x**3*y**7 - 3*x - 2,10,True,-x**2*y**7 - 1/3,3*x*y**8/7,0,3,3,1,['c + 2'],False,,,,,,,,,,cert2_20.json
3*x**3*y**7 - 3*x - 3,10,True,-x**2*y**7 - 1/3,3*x*y**8/7,0,3,3,1,['c + 3'],False,,,,,,,,,,cert2_20.json
3*x**3*y**7 - x + 1,10,True,-9*x**2*y**7 - 1,27*x*y**8/7,0,3,3,1,['c - 1'],False,,,,,,,,,,cert2_20.json
3*x**3*y**7 - x + 2,10,True,-9*x**2*y**7 - 1,27*x*y**8/7,0,3,3,1,['c - 2'],False,,,,,,,,,,cert2_20.json
3*x**3*y**7 - x + 3,10,True,-9*x**2*y**7 - 1,27*x*y**8/7,0,3,3,1,['c - 3'],False,,,,,,,,,,cert2_20.json
3*x**3*y**7 - x - 1,10,True,-9*x**2*y**7 - 1,27*x*y**8/7,0,3,3,1,['c + 1'],False,,,,,,,,,,cert2_20.json
3*x**3*y**7 - x - 2,10,True,-9*x**2*y**7 - 1,27*x*y**8/7,0,3,3,1,['c + 2'],False,,,,,,,,,,cert2_20.json
3*x**3*y**7 - x - 3,10,True,-9*x**2*y**7 - 1,27*x*y**8/7,0,3,3,1,['c + 3'],False,,,,,,,,,,cert2_20.json
3*x**4*y**6 + 2*x + 1,10,True,-3*x**3*y**6 + 1/2,2*x**2*y**7,0,1,1,1,['c - 1'],False,,,,,,,,,,cert2_20.json
3*x**4*y**6 + 2*x + 2,10,True,-3*x**3*y**6 + 1/2,2*x**2*y**7,0,1,1,1,['c - 2'],False,,,,,,,,,,cert2_20.json
3*x**4*y**6 + 2*x + 3,10,True,-3*x**3*y**6 + 1/2,2*x**2*y**7,0,1,1,1,['c - 3'],False,,,,,,,,,,cert2_20.json
3*x**4*y**6 + 2*x - 1,10,True,-3*x**3*y**6 + 1/2,2*x**2*y**7,0,1,1,1,['c + 1'],False,,,,,,,,,,cert2_20.json
3*x**4*y**6 + 2*x - 2,10,True,-3*x**3*y**6 + 1/2,2*x**2*y**7,0,1,1,1,['c + 2'],False,,,,,,,,,,cert2_20.json
3*x**4*y**6 + 2*x - 3,10,True,-3*x**3*y**6 + 1/2,2*x**2*y**7,0,1,1,1,['c + 3'],False,,,,,,,,,,cert2_20.json
3*x**4*y**6 + 2*y + 1,10,True,27*x**5*y**4/4,-9*x**4*y**5/2 + 1/2,0,1,1,1,['c - 1'],False,,,,,,,,,,cert2_20.json
3*x**4*y**6 + 2*y + 2,10,True,27*x**5*y**4/4,-9*x**4*y**5/2 + 1/2,0,1,1,1,['c - 2'],False,,,,,,,,,,cert2_20.json
3*x**4*y**6 + 2*y + 3,10,True,27*x**5*y**4/4,-9*x**4*y**5/2 + 1/2,0,1,1,1,['c - 3'],False,,,,,,,,,,cert2_20.json
3*x**4*y**6 + 2*y - 1,10,True,27*x**5*y**4/4,-9*x**4*y**5/2 + 1/2,0,1,1,1,['c + 1'],False,,,,,,,,,,cert2_20.json
3*x**4*y**6 + 2*y - 2,10,True,27*x**5*y**4/4,-9*x**4*y**5/2 + 1/2,0,1,1,1,['c + 2'],False,,,,,,,,,,cert2_20.json
3*x**4*y**6 + 2*y - 3,10,True,27*x**5*y**4/4,-9*x**4*y**5/2 + 1/2,0,1,1,1,['c + 3'],False,,,,,,,,,,cert2_20.json
3*x**4*y**6 + 3*x + 1,10,True,-4*x**3*y**6/3 + 1/3,8*x**2*y**7/9,0,1,1,1,['c - 1'],False,,,,,,,,,,cert2_20.json
3*x**4*y**6 + 3*x + 2,10,True,-4*x**3*y**6/3 + 1/3,8*x**2*y**7/9,0,1,1,1,['c - 2'],False,,,,,,,,,,cert2_20.json
3*x**4*y**6 + 3*x + 3,10,True,-4*x**3*y**6/3 + 1/3,8*x**2*y**7/9,0,1,1,1,['c - 3'],False,,,,,,,,,,cert2_20.json
3*x**4*y**6 + 3*x - 1,10,True,-4*x**3*y**6/3 + 1/3,8*x**2*y**7/9,0,1,1,1,['c + 1'],False,,,,,,,,,,cert2_20.json
3*x**4*y**6 + 3*x - 2,10,True,-4*x**3*y**6/3 + 1/3,8*x**2*y**7/9,0,1,1,1,['c + 2'],False,,,,,,,,,,cert2_20.json
3*x**4*y**6 + 3*x - 3,10,True,-4*x**3*y**6/3 + 1/3,8*x**2*y**7/9,0,1,1,1,['c + 3'],False,,,,,,,,,,cert2_20.json
3*x**4*y**6 + 3*y + 1,10,True,3*x**5*y**4,-2*x**4*y**5 + 1/3,0,1,1,1,['c - 1'],False,,,,,,,,,,cert2_20.json
3*x**4*y**6 + 3*y + 2,10,True,3*x**5*y**4,-2*x**4*y**5 + 1/3,0,1,1,1,['c - 2'],False,,,,,,,,,,cert2_20.json
3*x**4*y**6 + 3*y + 3,10,True,3*x**5*y**4,-2*x**4*y**5 + 1/3,0,1,1,1,['c - 3'],False,,,,,,,,,,cert2_20.json
3*x**4*y**6 + 3*y - 1,10,True,3*x**5*y**4,-2*x**4*y**5 + 1/3,0,1,1,1,['c + 1'],False,,,,,,,,,,cert2_20.json
3*x**4*y**6 + 3*y - 2,10,True,3*x**5*y**4,-2*x**4*y**5 + 1/3,0,1,1,1,['c + 2'],False,,,,,,,,,,cert2_20.json
3*x**4*y**6 + 3*y - 3,10,True,3*x**5*y**4,-2*x**4*y**5 + 1/3,0,1,1,1,['c + 3'],False,,,,,,,,,,cert2_20.json
3*x**4*y**6 + x + 1,10,True,-12*x**3*y**6 + 1,8*x**2*y**7,0,1,1,1,['c - 1'],False,,,,,,,,,,cert2_20.json
3*x**4*y**6 + x + 2,10,True,-12*x**3*y**6 + 1,8*x**2*y**7,0,1,1,1,['c - 2'],False,,,,,,,,,,cert2_20.json
3*x**4*y**6 + x + 3,10,True,-12*x**3*y**6 + 1,8*x**2*y**7,0,1,1,1,['c - 3'],False,,,,,,,,,,cert2_20.json
3*x**4*y**6 + x - 1,10,True,-12*x**3*y**6 + 1,8*x**2*y**7,0,1,1,1,['c + 1'],False,,,,,,,,,,cert2_20.json
3*x**4*y**6 + x - 2,10,True,-12*x**3*y**6 + 1,8*x**2*y**7,0,1,1,1,['c + 2'],False,,,,,,,,,,cert2_20.json
3*x**4*y**6 + x - 3,10,True,-12*x**3*y**6 + 1,8*x**2*y**7,0,1,1,1,['c + 3'],False,,,,,,,,,,cert2_20.json
3*x**4*y**6 + y + 1,10,True,27*x**5*y**4,-18*x**4*y**5 + 1,0,1,1,1,['c - 1'],False,,,,,,,,,,cert2_20.json
3*x**4*y**6 + y + 2,10,True,27*x**5*y**4,-18*x**4*y**5 + 1,0,1,1,1,['c - 2'],False,,,,,,,,,,cert2_20.json
3*x**4*y**6 + y + 3,10,True,27*x**5*y**4,-18*x**4*y**5 + 1,0,1,1,1,['c - 3'],False,,,,,,,,,,cert2_20.json
3*x**4*y**6 + y - 1,10,True,27*x**5*y**4,-18*x**4*y**5 + 1,0,1,1,1,['c + 1'],False,,,,,,,,,,cert2_20.json
3*x**4*y**6 + y - 2,10,True,27*x**5*y**4,-18*x**4*y**5 + 1,0,1,1,1,['c + 2'],False,,,,,,,,,,cert2_20.json
3*x**4*y**6 + y - 3,10,True,27*x**5*y**4,-18*x**4*y**5 + 1,0,1,1,1,['c + 3'],False,,,,,,,,,,cert2_20.json
3*x**4*y**6 - 2*x + 1,10,True,-3*x**3*y**6 - 1/2,2*x**2*y**7,0,1,1,1,['c - 1'],False,,,,,,,,,,cert2_20.json
3*x**4*y**6 - 2*x + 2,10,True,-3*x**3*y**6 - 1/2,2*x**2*y**7,0,1,1,1,['c - 2'],False,,,,,,,,,,cert2_20.json
3*x**4*y**6 - 2*x + 3,10,True,-3*x**3*y**6 - 1/2,2*x**2*y**7,0,1,1,1,['c - 3'],False,,,,,,,,,,cert2_20.json
3*x**4*y**6 - 2*x - 1,10,True,-3*x**3*y**6 - 1/2,2*x**2*y**7,0,1,1,1,['c + 1'],False,,,,,,,,,,cert2_20.json
3*x**4*y**6 - 2*x - 2,10,True,-3*x**3*y**6 - 1/2,2*x**2*y**7,0,1,1,1,['c + 2'],False,,,,,,,,,,cert2_20.json
3*x**4*y**6 - 2*x - 3,10,True,-3*x**3*y**6 - 1/2,2*x**2*y**7,0,1,1,1,['c + 3'],False,,,,,,,,,,cert2_20.json
3*x**4*y**6 - 2*y + 1,10,True,27*x**5*y**4/4,-9*x**4*y**5/2 - 1/2,0,1,1,1,['c - 1'],False,,,,,,,,,,cert2_20.json
3*x**4*y**6 - 2*y + 2,10,True,27*x**5*y**4/4,-9*x**4*y**5/2 - 1/2,0,1,1,1,['c - 2'],False,,,,,,,,,,cert2_20.json
3*x**4*y**6 - 2*y + 3,10,True,27*x**5*y**4/4,-9*x**4*y**5/2 - 1/2,0,1,1,1,['c - 3'],False,,,,,,,,,,cert2_20.json
3*x**4*y**6 - 2*y - 1,10,True,27*x**5*y**4/4,-9*x**4*y**5/2 - 1/2,0,1,1,1,['c + 1'],False,,,,,,,,,,cert2_20.json
3*x**4*y**6 - 2*y - 2,10,True,27*x**5*y**4/4,-9*x**4*y**5/2 - 1/2,0,1,1,1,['c + 2'],False,,,,,,,,,,cert2_20.json
3*x**4*y**6 - 2*y - 3,10,True,27*x**5*y**4/4,-9*x**4*y**5/2 - 1/2,0,1,1,1,['c + 3'],False,,,,,,,,,,cert2_20.json
3*x**4*y**6 - 3*x + 1,10,True,-4*x**3*y**6/3 - 1/3,8*x**2*y**7/9,0,1,1,1,['c - 1'],False,,,,,,,,,,cert2_20.json
3*x**4*y**6 - 3*x + 2,10,True,-4*x**3*y**6/3 - 1/3,8*x**2*y**7/9,0,1,1,1,['c - 2'],False,,,,,,,,,,cert2_20.json
3*x**4*y**6 - 3*x + 3,10,True,-4*x**3*y**6/3 - 1/3,8*x**2*y**7/9,0,1,1,1,['c - 3'],False,,,,,,,,,,cert2_20.json
3*x**4*y**6 - 3*x - 1,10,True,-4*x**3*y**6/3 - 1/3,8*x**2*y**7/9,0,1,1,1,['c + 1'],False,,,,,,,,,,cert2_20.json
3*x**4*y**6 - 3*x - 2,10,True,-4*x**3*y**6/3 - 1/3,8*x**2*y**7/9,0,1,1,1,['c + 2'],False,,,,,,,,,,cert2_20.json
3*x**4*y**6 - 3*x - 3,10,True,-4*x**3*y**6/3 - 1/3,8*x**2*y**7/9,0,1,1,1,['c + 3'],False,,,,,,,,,,cert2_20.json
3*x**4*y**6 - 3*y + 1,10,True,3*x**5*y**4,-2*x**4*y**5 - 1/3,0,1,1,1,['c - 1'],False,,,,,,,,,,cert2_20.json
3*x**4*y**6 - 3*y + 2,10,True,3*x**5*y**4,-2*x**4*y**5 - 1/3,0,1,1,1,['c - 2'],False,,,,,,,,,,cert2_20.json
3*x**4*y**6 - 3*y + 3,10,True,3*x**5*y**4,-2*x**4*y**5 - 1/3,0,1,1,1,['c - 3'],False,,,,,,,,,,cert2_20.json
3*x**4*y**6 - 3*y - 1,10,True,3*x**5*y**4,-2*x**4*y**5 - 1/3,0,1,1,1,['c + 1'],False,,,,,,,,,,cert2_20.json
3*x**4*y**6 - 3*y - 2,10,True,3*x**5*y**4,-2*x**4*y**5 - 1/3,0,1,1,1,['c + 2'],False,,,,,,,,,,cert2_20.json
3*x**4*y**6 - 3*y - 3,10,True,3*x**5*y**4,-2*x**4*y**5 - 1/3,0,1,1,1,['c + 3'],False,,,,,,,,,,cert2_20.json
3*x**4*y**6 - x + 1,10,True,-12*x**3*y**6 - 1,8*x**2*y**7,0,1,1,1,['c - 1'],False,,,,,,,,,,cert2_20.json
3*x**4*y**6 - x + 2,10,True,-12*x**3*y**6 - 1,8*x**2*y**7,0,1,1,1,['c - 2'],False,,,,,,,,,,cert2_20.json
3*x**4*y**6 - x + 3,10,True,-12*x**3*y**6 - 1,8*x**2*y**7,0,1,1,1,['c - 3'],False,,,,,,,,,,cert2_20.json
3*x**4*y**6 - x - 1,10,True,-12*x**3*y**6 - 1,8*x**2*y**7,0,1,1,1,['c + 1'],False,,,,,,,,,,cert2_20.json
3*x**4*y**6 - x - 2,10,True,-12*x**3*y**6 - 1,8*x**2*y**7,0,1,1,1,['c + 2'],False,,,,,,,,,,cert2_20.json
3*x**4*y**6 - x - 3,10,True,-12*x**3*y**6 - 1,8*x**2*y**7,0,1,1,1,['c + 3'],False,,,,,,,,,,cert2_20.json
3*x**4*y**6 - y + 1,10,True,27*x**5*y**4,-18*x**4*y**5 - 1,0,1,1,1,['c - 1'],False,,,,,,,,,,cert2_20.json
3*x**4*y**6 - y + 2,10,True,27*x**5*y**4,-18*x**4*y**5 - 1,0,1,1,1,['c - 2'],False,,,,,,,,,,cert2_20.json
3*x**4*y**6 - y + 3,10,True,27*x**5*y**4,-18*x**4*y**5 - 1,0,1,1,1,['c - 3'],False,,,,,,,,,,cert2_20.json
3*x**4*y**6 - y - 1,10,True,27*x**5*y**4,-18*x**4*y**5 - 1,0,1,1,1,['c + 1'],False,,,,,,,,,,cert2_20.json
3*x**4*y**6 - y - 2,10,True,27*x**5*y**4,-18*x**4*y**5 - 1,0,1,1,1,['c + 2'],False,,,,,,,,,,cert2_20.json
3*x**4*y**6 - y - 3,10,True,27*x**5*y**4,-18*x**4*y**5 - 1,0,1,1,1,['c + 3'],False,,,,,,,,,,cert2_20.json
3*x**6*y**4 + 2*x + 1,10,True,-9*x**5*y**4/2 + 1/2,27*x**4*y**5/4,0,1,1,1,['c - 1'],False,,,,,,,,,,cert2_20.json
3*x**6*y**4 + 2*x + 2,10,True,-9*x**5*y**4/2 + 1/2,27*x**4*y**5/4,0,1,1,1,['c - 2'],False,,,,,,,,,,cert2_20.json
3*x**6*y**4 + 2*x + 3,10,True,-9*x**5*y**4/2 + 1/2,27*x**4*y**5/4,0,1,1,1,['c - 3'],False,,,,,,,,,,cert2_20.json
3*x**6*y**4 + 2*x - 1,10,True,-9*x**5*y**4/2 + 1/2,27*x**4*y**5/4,0,1,1,1,['c + 1'],False,,,,,,,,,,cert2_20.json
3*x**6*y**4 + 2*x - 2,10,True,-9*x**5*y**4/2 + 1/2,27*x**4*y**5/4,0,1,1,1,['c + 2'],False,,,,,,,,,,cert2_20.json
3*x**6*y**4 + 2*x - 3,10,True,-9*x**5*y**4/2 + 1/2,27*x**4*y**5/4,0,1,1,1,['c + 3'],False,,,,,,,,,,cert2_20.json
3*x**6*y**4 + 2*y + 1,10,True,2*x**7*y**2,-3*x**6*y**3 + 1/2,0,1,1,1,['c - 1'],False,,,,,,,,,,cert2_20.json
3*x**6*y**4 + 2*y + 2,10,True,2*x**7*y**2,-3*x**6*y**3 + 1/2,0,1,1,1,['c - 2'],False,,,,,,,,,,cert2_20.json
3*x**6*y**4 + 2*y + 3,10,True,2*x**7*y**2,-3*x**6*y**3 + 1/2,0,1,1,1,['c - 3'],False,,,,,,,,,,cert2_20.json
3*x**6*y**4 + 2*y - 1,10,True,2*x**7*y**2,-3*x**6*y**3 + 1/2,0,1,1,1,['c + 1'],False,,,,,,,,,,cert2_20.json
3*x**6*y**4 + 2*y - 2,10,True,2*x**7*y**2,-3*x**6*y**3 + 1/2,0,1,1,1,['c + 2'],False,,,,,,,,,,cert2_20.json
3*x**6*y**4 + 2*y - 3,10,True,2*x**7*y**2,-3*x**6*y**3 + 1/2,0,1,1,1,['c + 3'],False,,,,,,,,,,cert2_20.json
3*x**6*y**4 + 3*x + 1,10,True,-2*x**5*y**4 + 1/3,3*x**4*y**5,0,1,1,1,['c - 1'],False,,,,,,,,,,cert2_20.json
3*x**6*y**4 + 3*x + 2,10,True,-2*x**5*y**4 + 1/3,3*x**4*y**5,0,1,1,1,['c - 2'],False,,,,,,,,,,cert2_20.json
3*x**6*y**4 + 3*x + 3,10,True,-2*x**5*y**4 + 1/3,3*x**4*y**5,0,1,1,1,['c - 3'],False,,,,,,,,,,cert2_20.json
3*x**6*y**4 + 3*x - 1,10,True,-2*x**5*y**4 + 1/3,3*x**4*y**5,0,1,1,1,['c + 1'],False,,,,,,,,,,cert2_20.json
3*x**6*y**4 + 3*x - 2,10,True,-2*x**5*y**4 + 1/3,3*x**4*y**5,0,1,1,1,['c + 2'],False,,,,,,,,,,cert2_20.json
3*x**6*y**4 + 3*x - 3,10,True,-2*x**5*y**4 + 1/3,3*x**4*y**5,0,1,1,1,['c + 3'],False,,,,,,,,,,cert2_20.json
3*x**6*y**4 + 3*y + 1,10,True,8*x**7*y**2/9,-4*x**6*y**3/3 + 1/3,0,1,1,1,['c - 1'],False,,,,,,,,,,cert2_20.json
3*x**6*y**4 + 3*y + 2,10,True,8*x**7*y**2/9,-4*x**6*y**3/3 + 1/3,0,1,1,1,['c - 2'],False,,,,,,,,,,cert2_20.json
3*x**6*y**4 + 3*y + 3,10,True,8*x**7*y**2/9,-4*x**6*y**3/3 + 1/3,0,1,1,1,['c - 3'],False,,,,,,,,,,cert2_20.json
3*x**6*y**4 + 3*y - 1,10,True,8*x**7*y**2/9,-4*x**6*y**3/3 + 1/3,0,1,1,1,['c + 1'],False,,,,,,,,,,cert2_20.json
3*x**6*y**4 + 3*y - 2,10,True,8*x**7*y**2/9,-4*x**6*y**3/3 + 1/3,0,1,1,1,['c + 2'],False,,,,,,,,,,cert2_20.json
3*x**6*y**4 + 3*y - 3,10,True,8*x**7*y**2/9,-4*x**6*y**3/3 + 1/3,0,1,1,1,['c + 3'],False,,,,,,,,,,cert2_20.json
3*x**6*y**4 + x + 1,10,True,-18*x**5*y**4 + 1,27*x**4*y**5,0,1,1,1,['c - 1'],False,,,,,,,,,,cert2_20.json
3*x**6*y**4 + x + 2,10,True,-18*x**5*y**4 + 1,27*x**4*y**5,0,1,1,1,['c - 2'],False,,,,,,,,,,cert2_20.json
3*x**6*y**4 + x + 3,10,True,-18*x**5*y**4 + 1,27*x**4*y**5,0,1,1,1,['c - 3'],False,,,,,,,,,,cert2_20.json
3*x**6*y**4 + x - 1,10,True,-18*x**5*y**4 + 1,27*x**4*y**5,0,1,1,1,['c + 1'],False,,,,,,,,,,cert2_20.json
3*x**6*y**4 + x - 2,10,True,-18*x**5*y**4 + 1,27*x**4*y**5,0,1,1,1,['c + 2'],False,,,,,,,,,,cert2_20.json
3*x**6*y**4 + x - 3,10,True,-18*x**5*y**4 + 1,27*x**4*y**5,0,1,1,1,['c + 3'],False,,,,,,,,,,cert2_20.json
3*x**6*y**4 + x**2*y**2 + y + 1,10,True,696*x**7*y**2/85 - 24*x**5*y/85 + 152*x**3/85,-1044*x**6*y**3/85 + 36*x**4*y**2/85 - 2*x**2*y + 1,0,1,1,1,['c - 1'],False,,,,,,,,,,cert20.json
3*x**6*y**4 + x**4*y**3 + y + 1,10,True,1980*x**7*y**2/247 + 549*x**5*y/247 + 3*x**3/494,-2970*x**6*y**3/247 - 3*x**4*y**2 + 1,0,1,1,1,['c - 1'],False,,,,,,,,,,cert20.json
3*x**6*y**4 + y + 1,10,True,8*x**7*y**2,-12*x**6*y**3 + 1,0,1,1,1,['c - 1'],False,,,,,,,,,,cert2_20.json
3*x**6*y**4 + y + 2,10,True,8*x**7*y**2,-12*x**6*y**3 + 1,0,1,1,1,['c - 2'],False,,,,,,,,,,cert2_20.json
3*x**6*y**4 + y + 3,10,True,8*x**7*y**2,-12*x**6*y**3 + 1,0,1,1,1,['c - 3'],False,,,,,,,,,,cert2_20.json
3*x**6*y**4 + y - 1,10,True,8*x**7*y**2,-12*x**6*y**3 + 1,0,1,1,1,['c + 1'],False,,,,,,,,,,cert2_20.json
3*x**6*y**4 + y - 2,10,True,8*x**7*y**2,-12*x**6*y**3 + 1,0,1,1,1,['c + 2'],False,,,,,,,,,,cert2_20.json
3*x**6*y**4 + y - 3,10,True,8*x**7*y**2,-12*x**6*y**3 + 1,0,1,1,1,['c + 3'],False,,,,,,,,,,cert2_20.json
3*x**6*y**4 - 2*x + 1,10,True,-9*x**5*y**4/2 - 1/2,27*x**4*y**5/4,0,1,1,1,['c - 1'],False,,,,,,,,,,cert2_20.json
3*x**6*y**4 - 2*x + 2,10,True,-9*x**5*y**4/2 - 1/2,27*x**4*y**5/4,0,1,1,1,['c - 2'],False,,,,,,,,,,cert2_20.json
3*x**6*y**4 - 2*x + 3,10,True,-9*x**5*y**4/2 - 1/2,27*x**4*y**5/4,0,1,1,1,['c - 3'],False,,,,,,,,,,cert2_20.json
3*x**6*y**4 - 2*x - 1,10,True,-9*x**5*y**4/2 - 1/2,27*x**4*y**5/4,0,1,1,1,['c + 1'],False,,,,,,,,,,cert2_20.json
3*x**6*y**4 - 2*x - 2,10,True,-9*x**5*y**4/2 - 1/2,27*x**4*y**5/4,0,1,1,1,['c + 2'],False,,,,,,,,,,cert2_20.json
3*x**6*y**4 - 2*x - 3,10,True,-9*x**5*y**4/2 - 1/2,27*x**4*y**5/4,0,1,1,1,['c + 3'],False,,,,,,,,,,cert2_20.json
3*x**6*y**4 - 2*y + 1,10,True,2*x**7*y**2,-3*x**6*y**3 - 1/2,0,1,1,1,['c - 1'],False,,,,,,,,,,cert2_20.json
3*x**6*y**4 - 2*y + 2,10,True,2*x**7*y**2,-3*x**6*y**3 - 1/2,0,1,1,1,['c - 2'],False,,,,,,,,,,cert2_20.json
3*x**6*y**4 - 2*y + 3,10,True,2*x**7*y**2,-3*x**6*y**3 - 1/2,0,1,1,1,['c - 3'],False,,,,,,,,,,cert2_20.json
3*x**6*y**4 - 2*y - 1,10,True,2*x**7*y**2,-3*x**6*y**3 - 1/2,0,1,1,1,['c + 1'],False,,,,,,,,,,cert2_20.json
3*x**6*y**4 - 2*y - 2,10,True,2*x**7*y**2,-3*x**6*y**3 - 1/2,0,1,1,1,['c + 2'],False,,,,,,,,,,cert2_20.json
3*x**6*y**4 - 2*y - 3,10,True,2*x**7*y**2,-3*x**6*y**3 - 1/2,0,1,1,1,['c + 3'],False,,,,,,,,,,cert2_20.json
3*x**6*y**4 - 3*x + 1,10,True,-2*x**5*y**4 - 1/3,3*x**4*y**5,0,1,1,1,['c - 1'],False,,,,,,,,,,cert2_20.json
3*x**6*y**4 - 3*x + 2,10,True,-2*x**5*y**4 - 1/3,3*x**4*y**5,0,1,1,1,['c - 2'],False,,,,,,,,,,cert2_20.json
3*x**6*y**4 - 3*x + 3,10,True,-2*x**5*y**4 - 1/3,3*x**4*y**5,0,1,1,1,['c - 3'],False,,,,,,,,,,cert2_20.json
3*x**6*y**4 - 3*x - 1,10,True,-2*x**5*y**4 - 1/3,3*x**4*y**5,0,1,1,1,['c + 1'],False,,,,,,,,,,cert2_20.json
3*x**6*y**4 - 3*x - 2,10,True,-2*x**5*y**4 - 1/3,3*x**4*y**5,0,1,1,1,['c + 2'],False,,,,,,,,,,cert2_20.json
3*x**6*y**4 - 3*x - 3,10,True,-2*x**5*y**4 - 1/3,3*x**4*y**5,0,1,1,1,['c + 3'],False,,,,,,,,,,cert2_20.json
3*x**6*y**4 - 3*y + 1,10,True,8*x**7*y**2/9,-4*x**6*y**3/3 - 1/3,0,1,1,1,['c - 1'],False,,,,,,,,,,cert2_20.json
3*x**6*y**4 - 3*y + 2,10,True,8*x**7*y**2/9,-4*x**6*y**3/3 - 1/3,0,1,1,1,['c - 2'],False,,,,,,,,,,cert2_20.json
3*x**6*y**4 - 3*y + 3,10,True,8*x**7*y**2/9,-4*x**6*y**3/3 - 1/3,0,1,1,1,['c - 3'],False,,,,,,,,,,cert2_20.json
3*x**6*y**4 - 3*y - 1,10,True,8*x**7*y**2/9,-4*x**6*y**3/3 - 1/3,0,1,1,1,['c + 1'],False,,,,,,,,,,cert2_20.json
3*x**6*y**4 - 3*y - 2,10,True,8*x**7*y**2/9,-4*x**6*y**3/3 - 1/3,0,1,1,1,['c + 2'],False,,,,,,,,,,cert2_20.json
3*x**6*y**4 - 3*y - 3,10,True,8*x**7*y**2/9,-4*x**6*y**3/3 - 1/3,0,1,1,1,['c + 3'],False,,,,,,,,,,cert2_20.json
3*x**6*y**4 - x + 1,10,True,-18*x**5*y**4 - 1,27*x**4*y**5,0,1,1,1,['c - 1'],False,,,,,,,,,,cert2_20.json
3*x**6*y**4 - x + 2,10,True,-18*x**5*y**4 - 1,27*x**4*y**5,0,1,1,1,['c - 2'],False,,,,,,,,,,cert2_20.json
3*x**6*y**4 - x + 3,10,True,-18*x**5*y**4 - 1,27*x**4*y**5,0,1,1,1,['c - 3'],False,,,,,,,,,,cert2_20.json
3*x**6*y**4 - x - 1,10,True,-18*x**5*y**4 - 1,27*x**4*y**5,0,1,1,1,['c + 1'],False,,,,,,,,,,cert2_20.json
3*x**6*y**4 - x - 2,10,True,-18*x**5*y**4 - 1,27*x**4*y**5,0,1,1,1,['c + 2'],False,,,,,,,,,,cert2_20.json
3*x**6*y**4 - x - 3,10,True,-18*x**5*y**4 - 1,27*x**4*y**5,0,1,1,1,['c + 3'],False,,,,,,,,,,cert2_20.json
3*x**6*y**4 - y + 1,10,True,8*x**7*y**2,-12*x**6*y**3 - 1,0,1,1,1,['c - 1'],False,,,,,,,,,,cert2_20.json
3*x**6*y**4 - y + 2,10,True,8*x**7*y**2,-12*x**6*y**3 - 1,0,1,1,1,['c - 2'],False,,,,,,,,,,cert2_20.json
3*x**6*y**4 - y + 3,10,True,8*x**7*y**2,-12*x**6*y**3 - 1,0,1,1,1,['c - 3'],False,,,,,,,,,,cert2_20.json
3*x**6*y**4 - y - 1,10,True,8*x**7*y**2,-12*x**6*y**3 - 1,0,1,1,1,['c + 1'],False,,,,,,,,,,cert2_20.json
3*x**6*y**4 - y - 2,10,True,8*x**7*y**2,-12*x**6*y**3 - 1,0,1,1,1,['c + 2'],False,,,,,,,,,,cert2_20.json
3*x**6*y**4 - y - 3,10,True,8*x**7*y**2,-12*x**6*y**3 - 1,0,1,1,1,['c + 3'],False,,,,,,,,,,cert2_20.json
3*x**7*y**3 + 2*y + 1,10,True,27*x**8*y/28,-9*x**7*y**2/4 + 1/2,0,3,3,1,['c - 1'],False,,,,,,,,,,cert2_20.json
3*x**7*y**3 + 2*y + 2,10,True,27*x**8*y/28,-9*x**7*y**2/4 + 1/2,0,3,3,1,['c - 2'],False,,,,,,,,,,cert2_20.json
3*x**7*y**3 + 2*y + 3,10,True,27*x**8*y/28,-9*x**7*y**2/4 + 1/2,0,3,3,1,['c - 3'],False,,,,,,,,,,cert2_20.json
3*x**7*y**3 + 2*y - 1,10,True,27*x**8*y/28,-9*x**7*y**2/4 + 1/2,0,3,3,1,['c + 1'],False,,,,,,,,,,cert2_20.json
3*x**7*y**3 + 2*y - 2,10,True,27*x**8*y/28,-9*x**7*y**2/4 + 1/2,0,3,3,1,['c + 2'],False,,,,,,,,,,cert2_20.json
3*x**7*y**3 + 2*y - 3,10,True,27*x**8*y/28,-9*x**7*y**2/4 + 1/2,0,3,3,1,['c + 3'],False,,,,,,,,,,cert2_20.json
3*x**7*y**3 + 3*y + 1,10,True,3*x**8*y/7,-x**7*y**2 + 1/3,0,3,3,1,['c - 1'],False,,,,,,,,,,cert2_20.json
3*x**7*y**3 + 3*y + 2,10,True,3*x**8*y/7,-x**7*y**2 + 1/3,0,3,3,1,['c - 2'],False,,,,,,,,,,cert2_20.json
3*x**7*y**3 + 3*y + 3,10,True,3*x**8*y/7,-x**7*y**2 + 1/3,0,3,3,1,['c - 3'],False,,,,,,,,,,cert2_20.json
3*x**7*y**3 + 3*y - 1,10,True,3*x**8*y/7,-x**7*y**2 + 1/3,0,3,3,1,['c + 1'],False,,,,,,,,,,cert2_20.json
3*x**7*y**3 + 3*y - 2,10,True,3*x**8*y/7,-x**7*y**2 + 1/3,0,3,3,1,['c + 2'],False,,,,,,,,,,cert2_20.json
3*x**7*y**3 + 3*y - 3,10,True,3*x**8*y/7,-x**7*y**2 + 1/3,0,3,3,1,['c + 3'],False,,,,,,,,,,cert2_20.json
3*x**7*y**3 + y + 1,10,True,27*x**8*y/7,-9*x**7*y**2 + 1,0,3,3,1,['c - 1'],False,,,,,,,,,,cert2_20.json
3*x**7*y**3 + y + 2,10,True,27*x**8*y/7,-9*x**7*y**2 + 1,0,3,3,1,['c - 2'],False,,,,,,,,,,cert2_20.json
3*x**7*y**3 + y + 3,10,True,27*x**8*y/7,-9*x**7*y**2 + 1,0,3,3,1,['c - 3'],False,,,,,,,,,,cert2_20.json
3*x**7*y**3 + y - 1,10,True,27*x**8*y/7,-9*x**7*y**2 + 1,0,3,3,1,['c + 1'],False,,,,,,,,,,cert2_20.json
3*x**7*y**3 + y - 2,10,True,27*x**8*y/7,-9*x**7*y**2 + 1,0,3,3,1,['c + 2'],False,,,,,,,,,,cert2_20.json
3*x**7*y**3 + y - 3,10,True,27*x**8*y/7,-9*x**7*y**2 + 1,0,3,3,1,['c + 3'],False,,,,,,,,,,cert2_20.json
3*x**7*y**3 - 2*y + 1,10,True,27*x**8*y/28,-9*x**7*y**2/4 - 1/2,0,3,3,1,['c - 1'],False,,,,,,,,,,cert2_20.json
3*x**7*y**3 - 2*y + 2,10,True,27*x**8*y/28,-9*x**7*y**2/4 - 1/2,0,3,3,1,['c - 2'],False,,,,,,,,,,cert2_20.json
3*x**7*y**3 - 2*y + 3,10,True,27*x**8*y/28,-9*x**7*y**2/4 - 1/2,0,3,3,1,['c - 3'],False,,,,,,,,,,cert2_20.json
3*x**7*y**3 - 2*y - 1,10,True,27*x**8*y/28,-9*x**7*y**2/4 - 1/2,0,3,3,1,['c + 1'],False,,,,,,,,,,cert2_20.json
3*x**7*y**3 - 2*y - 2,10,True,27*x**8*y/28,-9*x**7*y**2/4 - 1/2,0,3,3,1,['c + 2'],False,,,,,,,,,,cert2_20.json
3*x**7*y**3 - 2*y - 3,10,True,27*x**8*y/28,-9*x**7*y**2/4 - 1/2,0,3,3,1,['c + 3'],False,,,,,,,,,,cert2_20.json
3*x**7*y**3 - 3*y + 1,10,True,3*x**8*y/7,-x**7*y**2 - 1/3,0,3,3,1,['c - 1'],False,,,,,,,,,,cert2_20.json
3*x**7*y**3 - 3*y + 2,10,True,3*x**8*y/7,-x**7*y**2 - 1/3,0,3,3,1,['c - 2'],False,,,,,,,,,,cert2_20.json
3*x**7*y**3 - 3*y + 3,10,True,3*x**8*y/7,-x**7*y**2 - 1/3,0,3,3,1,['c - 3'],False,,,,,,,,,,cert2_20.json
3*x**7*y**3 - 3*y - 1,10,True,3*x**8*y/7,-x**7*y**2 - 1/3,0,3,3,1,['c + 1'],False,,,,,,,,,,cert2_20.json
3*x**7*y**3 - 3*y - 2,10,True,3*x**8*y/7,-x**7*y**2 - 1/3,0,3,3,1,['c + 2'],False,,,,,,,,,,cert2_20.json
3*x**7*y**3 - 3*y - 3,10,True,3*x**8*y/7,-x**7*y**2 - 1/3,0,3,3,1,['c + 3'],False,,,,,,,,,,cert2_20.json
3*x**7*y**3 - y + 1,10,True,27*x**8*y/7,-9*x**7*y**2 - 1,0,3,3,1,['c - 1'],False,,,,,,,,,,cert2_20.json
3*x**7*y**3 - y + 2,10,True,27*x**8*y/7,-9*x**7*y**2 - 1,0,3,3,1,['c - 2'],False,,,,,,,,,,cert2_20.json
3*x**7*y**3 - y + 3,10,True,27*x**8*y/7,-9*x**7*y**2 - 1,0,3,3,1,['c - 3'],False,,,,,,,,,,cert2_20.json
3*x**7*y**3 - y - 1,10,True,27*x**8*y/7,-9*x**7*y**2 - 1,0,3,3,1,['c + 1'],False,,,,,,,,,,cert2_20.json
3*x**7*y**3 - y - 2,10,True,27*x**8*y/7,-9*x**7*y**2 - 1,0,3,3,1,['c + 2'],False,,,,,,,,,,cert2_20.json
3*x**7*y**3 - y - 3,10,True,27*x**8*y/7,-9*x**7*y**2 - 1,0,3,3,1,['c + 3'],False,,,,,,,,,,cert2_20.json
3*x**8*y**2 + 2*y + 1,10,True,3*x**9/8,-3*x**8*y/2 + 1/2,0,3,3,1,['c - 1'],False,,,,,,,,,,cert2_20.json
3*x**8*y**2 + 2*y + 2,10,True,3*x**9/8,-3*x**8*y/2 + 1/2,0,3,3,1,['c - 2'],False,,,,,,,,,,cert2_20.json
3*x**8*y**2 + 2*y + 3,10,True,3*x**9/8,-3*x**8*y/2 + 1/2,0,3,3,1,['c - 3'],False,,,,,,,,,,cert2_20.json
3*x**8*y**2 + 2*y - 1,10,True,3*x**9/8,-3*x**8*y/2 + 1/2,0,3,3,1,['c + 1'],False,,,,,,,,,,cert2_20.json
3*x**8*y**2 + 2*y - 2,10,True,3*x**9/8,-3*x**8*y/2 + 1/2,0,3,3,1,['c + 2'],False,,,,,,,,,,cert2_20.json
3*x**8*y**2 + 2*y - 3,10,True,3*x**9/8,-3*x**8*y/2 + 1/2,0,3,3,1,['c + 3'],False,,,,,,,,,,cert2_20.json
3*x**8*y**2 + 3*y + 1,10,True,x**9/6,-2*x**8*y/3 + 1/3,0,3,3,1,['c - 1'],False,,,,,,,,,,cert2_20.json
3*x**8*y**2 + 3*y + 2,10,True,x**9/6,-2*x**8*y/3 + 1/3,0,3,3,1,['c - 2'],False,,,,,,,,,,cert2_20.json
3*x**8*y**2 + 3*y + 3,10,True,x**9/6,-2*x**8*y/3 + 1/3,0,3,3,1,['c - 3'],False,,,,,,,,,,cert2_20.json
3*x**8*y**2 + 3*y - 1,10,True,x**9/6,-2*x**8*y/3 + 1/3,0,3,3,1,['c + 1'],False,,,,,,,,,,cert2_20.json
3*x**8*y**2 + 3*y - 2,10,True,x**9/6,-2*x**8*y/3 + 1/3,0,3,3,1,['c + 2'],False,,,,,,,,,,cert2_20.json
3*x**8*y**2 + 3*y - 3,10,True,x**9/6,-2*x**8*y/3 + 1/3,0,3,3,1,['c + 3'],False,,,,,,,,,,cert2_20.json
3*x**8*y**2 + y + 1,10,True,3*x**9/2,-6*x**8*y + 1,0,3,3,1,['c - 1'],False,,,,,,,,,,cert2_20.json
3*x**8*y**2 + y + 2,10,True,3*x**9/2,-6*x**8*y + 1,0,3,3,1,['c - 2'],False,,,,,,,,,,cert2_20.json
3*x**8*y**2 + y + 3,10,True,3*x**9/2,-6*x**8*y + 1,0,3,3,1,['c - 3'],False,,,,,,,,,,cert2_20.json
3*x**8*y**2 + y - 1,10,True,3*x**9/2,-6*x**8*y + 1,0,3,3,1,['c + 1'],False,,,,,,,,,,cert2_20.json
3*x**8*y**2 + y - 2,10,True,3*x**9/2,-6*x**8*y + 1,0,3,3,1,['c + 2'],False,,,,,,,,,,cert2_20.json
3*x**8*y**2 + y - 3,10,True,3*x**9/2,-6*x**8*y + 1,0,3,3,1,['c + 3'],False,,,,,,,,,,cert2_20.json
3*x**8*y**2 - 2*y + 1,10,True,3*x**9/8,-3*x**8*y/2 - 1/2,0,3,3,1,['c - 1'],False,,,,,,,,,,cert2_20.json
3*x**8*y**2 - 2*y + 2,10,True,3*x**9/8,-3*x**8*y/2 - 1/2,0,3,3,1,['c - 2'],False,,,,,,,,,,cert2_20.json
3*x**8*y**2 - 2*y + 3,10,True,3*x**9/8,-3*x**8*y/2 - 1/2,0,3,3,1,['c - 3'],False,,,,,,,,,,cert2_20.json
3*x**8*y**2 - 2*y - 1,10,True,3*x**9/8,-3*x**8*y/2 - 1/2,0,3,3,1,['c + 1'],False,,,,,,,,,,cert2_20.json
3*x**8*y**2 - 2*y - 2,10,True,3*x**9/8,-3*x**8*y/2 - 1/2,0,3,3,1,['c + 2'],False,,,,,,,,,,cert2_20.json
3*x**8*y**2 - 2*y - 3,10,True,3*x**9/8,-3*x**8*y/2 - 1/2,0,3,3,1,['c + 3'],False,,,,,,,,,,cert2_20.json
3*x**8*y**2 - 3*y + 1,10,True,x**9/6,-2*x**8*y/3 - 1/3,0,3,3,1,['c - 1'],False,,,,,,,,,,cert2_20.json
3*x**8*y**2 - 3*y + 2,10,True,x**9/6,-2*x**8*y/3 - 1/3,0,3,3,1,['c - 2'],False,,,,,,,,,,cert2_20.json
3*x**8*y**2 - 3*y + 3,10,True,x**9/6,-2*x**8*y/3 - 1/3,0,3,3,1,['c - 3'],False,,,,,,,,,,cert2_20.json
3*x**8*y**2 - 3*y - 1,10,True,x**9/6,-2*x**8*y/3 - 1/3,0,3,3,1,['c + 1'],False,,,,,,,,,,cert2_20.json
3*x**8*y**2 - 3*y - 2,10,True,x**9/6,-2*x**8*y/3 - 1/3,0,3,3,1,['c + 2'],False,,,,,,,,,,cert2_20.json
3*x**8*y**2 - 3*y - 3,10,True,x**9/6,-2*x**8*y/3 - 1/3,0,3,3,1,['c + 3'],False,,,,,,,,,,cert2_20.json
3*x**8*y**2 - y + 1,10,True,3*x**9/2,-6*x**8*y - 1,0,3,3,1,['c - 1'],False,,,,,,,,,,cert2_20.json
3*x**8*y**2 - y + 2,10,True,3*x**9/2,-6*x**8*y - 1,0,3,3,1,['c - 2'],False,,,,,,,,,,cert2_20.json
3*x**8*y**2 - y + 3,10,True,3*x**9/2,-6*x**8*y - 1,0,3,3,1,['c - 3'],False,,,,,,,,,,cert2_20.json
3*x**8*y**2 - y - 1,10,True,3*x**9/2,-6*x**8*y - 1,0,3,3,1,['c + 1'],False,,,,,,,,,,cert2_20.json
3*x**8*y**2 - y - 2,10,True,3*x**9/2,-6*x**8*y - 1,0,3,3,1,['c + 2'],False,,,,,,,,,,cert2_20.json
3*x**8*y**2 - y - 3,10,True,3*x**9/2,-6*x**8*y - 1,0,3,3,1,['c + 3'],False,,,,,,,,,,cert2_20.json
x**2*y**8 + 2*x + 1,10,True,-x*y**8/2 + 1/2,y**9/8,0,3,3,1,['c - 1'],False,,,,,,,,,,cert2_20.json
x**2*y**8 + 2*x + 2,10,True,-x*y**8/2 + 1/2,y**9/8,0,3,3,1,['c - 2'],False,,,,,,,,,,cert2_20.json
x**2*y**8 + 2*x + 3,10,True,-x*y**8/2 + 1/2,y**9/8,0,3,3,1,['c - 3'],False,,,,,,,,,,cert2_20.json
x**2*y**8 + 2*x - 1,10,True,-x*y**8/2 + 1/2,y**9/8,0,3,3,1,['c + 1'],False,,,,,,,,,,cert2_20.json
x**2*y**8 + 2*x - 2,10,True,-x*y**8/2 + 1/2,y**9/8,0,3,3,1,['c + 2'],False,,,,,,,,,,cert2_20.json
x**2*y**8 + 2*x - 3,10,True,-x*y**8/2 + 1/2,y**9/8,0,3,3,1,['c + 3'],False,,,,,,,,,,cert2_20.json
x**2*y**8 + 3*x + 1,10,True,-2*x*y**8/9 + 1/3,y**9/18,0,3,3,1,['c - 1'],False,,,,,,,,,,cert2_20.json
x**2*y**8 + 3*x + 2,10,True,-2*x*y**8/9 + 1/3,y**9/18,0,3,3,1,['c - 2'],False,,,,,,,,,,cert2_20.json
x**2*y**8 + 3*x + 3,10,True,-2*x*y**8/9 + 1/3,y**9/18,0,3,3,1,['c - 3'],False,,,,,,,,,,cert2_20.json
x**2*y**8 + 3*x - 1,10,True,-2*x*y**8/9 + 1/3,y**9/18,0,3,3,1,['c + 1'],False,,,,,,,,,,cert2_20.json
x**2*y**8 + 3*x - 2,10,True,-2*x*y**8/9 + 1/3,y**9/18,0,3,3,1,['c + 2'],False,,,,,,,,,,cert2_20.json
x**2*y**8 + 3*x - 3,10,True,-2*x*y**8/9 + 1/3,y**9/18,0,3,3,1,['c + 3'],False,,,,,,,,,,cert2_20.json
x**2*y**8 + x + 1,10,True,-2*x*y**8 + 1,y**9/2,0,3,3,1,['c - 1'],False,,,,,,,,,,cert2_20.json
x**2*y**8 + x + 2,10,True,-2*x*y**8 + 1,y**9/2,0,3,3,1,['c - 2'],False,,,,,,,,,,cert2_20.json
x**2*y**8 + x + 3,10,True,-2*x*y**8 + 1,y**9/2,0,3,3,1,['c - 3'],False,,,,,,,,,,cert2_20.json
x**2*y**8 + x - 1,10,True,-2*x*y**8 + 1,y**9/2,0,3,3,1,['c + 1'],False,,,,,,,,,,cert2_20.json
x**2*y**8 + x - 2,10,True,-2*x*y**8 + 1,y**9/2,0,3,3,1,['c + 2'],False,,,,,,,,,,cert2_20.json
x**2*y**8 + x - 3,10,True,-2*x*y**8 + 1,y**9/2,0,3,3,1,['c + 3'],False,,,,,,,,,,cert2_20.json
x**2*y**8 - 2*x + 1,10,True,-x*y**8/2 - 1/2,y**9/8,0,3,3,1,['c - 1'],False,,,,,,,,,,cert2_20.json
x**2*y**8 - 2*x + 2,10,True,-x*y**8/2 - 1/2,y**9/8,0,3,3,1,['c - 2'],False,,,,,,,,,,cert2_20.json
x**2*y**8 - 2*x + 3,10,True,-x*y**8/2 - 1/2,y**9/8,0,3,3,1,['c - 3'],False,,,,,,,,,,cert2_20.json
x**2*y**8 - 2*x - 1,10,True,-x*y**8/2 - 1/2,y**9/8,0,3,3,1,['c + 1'],False,,,,,,,,,,cert2_20.json
x**2*y**8 - 2*x - 2,10,True,-x*y**8/2 - 1/2,y**9/8,0,3,3,1,['c + 2'],False,,,,,,,,,,cert2_20.json
x**2*y**8 - 2*x - 3,10,True,-x*y**8/2 - 1/2,y**9/8,0,3,3,1,['c + 3'],False,,,,,,,,,,cert2_20.json
x**2*y**8 - 3*x + 1,10,True,-2*x*y**8/9 - 1/3,y**9/18,0,3,3,1,['c - 1'],False,,,,,,,,,,cert2_20.json
x**2*y**8 - 3*x + 2,10,True,-2*x*y**8/9 - 1/3,y**9/18,0,3,3,1,['c - 2'],False,,,,,,,,,,cert2_20.json
x**2*y**8 - 3*x + 3,10,True,-2*x*y**8/9 - 1/3,y**9/18,0,3,3,1,['c - 3'],False,,,,,,,,,,cert2_20.json
x**2*y**8 - 3*x - 1,10,True,-2*x*y**8/9 - 1/3,y**9/18,0,3,3,1,['c + 1'],False,,,,,,,,,,cert2_20.json
x**2*y**8 - 3*x - 2,10,True,-2*x*y**8/9 - 1/3,y**9/18,0,3,3,1,['c + 2'],False,,,,,,,,,,cert2_20.json
x**2*y**8 - 3*x - 3,10,True,-2*x*y**8/9 - 1/3,y**9/18,0,3,3,1,['c + 3'],False,,,,,,,,,,cert2_20.json
x**2*y**8 - x + 1,10,True,-2*x*y**8 - 1,y**9/2,0,3,3,1,['c - 1'],False,,,,,,,,,,cert2_20.json
x**2*y**8 - x + 2,10,True,-2*x*y**8 - 1,y**9/2,0,3,3,1,['c - 2'],False,,,,,,,,,,cert2_20.json
x**2*y**8 - x + 3,10,True,-2*x*y**8 - 1,y**9/2,0,3,3,1,['c - 3'],False,,,,,,,,,,cert2_20.json
x**2*y**8 - x - 1,10,True,-2*x*y**8 - 1,y**9/2,0,3,3,1,['c + 1'],False,,,,,,,,,,cert2_20.json
x**2*y**8 - x - 2,10,True,-2*x*y**8 - 1,y**9/2,0,3,3,1,['c + 2'],False,,,,,,,,,,cert2_20.json
x**2*y**8 - x - 3,10,True,-2*x*y**8 - 1,y**9/2,0,3,3,1,['c + 3'],False,,,,,,,,,,cert2_20.json
x**3*y**7 + 2*x + 1,10,True,-3*x**2*y**7/4 + 1/2,9*x*y**8/28,0,3,3,1,['c - 1'],False,,,,,,,,,,cert2_20.json
x**3*y**7 + 2*x + 2,10,True,-3*x**2*y**7/4 + 1/2,9*x*y**8/28,0,3,3,1,['c - 2'],False,,,,,,,,,,cert2_20.json
x**3*y**7 + 2*x + 3,10,True,-3*x**2*y**7/4 + 1/2,9*x*y**8/28,0,3,3,1,['c - 3'],False,,,,,,,,,,cert2_20.json
x**3*y**7 + 2*x - 1,10,True,-3*x**2*y**7/4 + 1/2,9*x*y**8/28,0,3,3,1,['c + 1'],False,,,,,,,,,,cert2_20.json
x**3*y**7 + 2*x - 2,10,True,-3*x**2*y**7/4 + 1/2,9*x*y**8/28,0,3,3,1,['c + 2'],False,,,,,,,,,,cert2_20.json
x**3*y**7 + 2*x - 3,10,True,-3*x**2*y**7/4 + 1/2,9*x*y**8/28,0,3,3,1,['c + 3'],False,,,,,,,,,,cert2_20.json
x**3*y**7 + 3*x + 1,10,True,-x**2*y**7/3 + 1/3,x*y**8/7,0,3,3,1,['c - 1'],False,,,,,,,,,,cert2_20.json
x**3*y**7 + 3*x + 2,10,True,-x**2*y**7/3 + 1/3,x*y**8/7,0,3,3,1,['c - 2'],False,,,,,,,,,,cert2_20.json
x**3*y**7 + 3*x + 3,10,True,-x**2*y**7/3 + 1/3,x*y**8/7,0,3,3,1,['c - 3'],False,,,,,,,,,,cert2_20.json
x**3*y**7 + 3*x - 1,10,True,-x**2*y**7/3 + 1/3,x*y**8/7,0,3,3,1,['c + 1'],False,,,,,,,,,,cert2_20.json
x**3*y**7 + 3*x - 2,10,True,-x**2*y**7/3 + 1/3,x*y**8/7,0,3,3,1,['c + 2'],False,,,,,,,,,,cert2_20.json
x**3*y**7 + 3*x - 3,10,True,-x**2*y**7/3 + 1/3,x*y**8/7,0,3,3,1,['c + 3'],False,,,,,,,,,,cert2_20.json
x**3*y**7 + x + 1,10,True,-3*x**2*y**7 + 1,9*x*y**8/7,0,3,3,1,['c - 1'],False,,,,,,,,,,cert2_20.json
x**3*y**7 + x + 2,10,True,-3*x**2*y**7 + 1,9*x*y**8/7,0,3,3,1,['c - 2'],False,,,,,,,,,,cert2_20.json
x**3*y**7 + x + 3,10,True,-3*x**2*y**7 + 1,9*x*y**8/7,0,3,3,1,['c - 3'],False,,,,,,,,,,cert2_20.json
x**3*y**7 + x - 1,10,True,-3*x**2*y**7 + 1,9*x*y**8/7,0,3,3,1,['c + 1'],False,,,,,,,,,,cert2_20.json
x**3*y**7 + x - 2,10,True,-3*x**2*y**7 + 1,9*x*y**8/7,0,3,3,1,['c + 2'],False,,,,,,,,,,cert2_20.json
x**3*y**7 + x - 3,10,True,-3*x**2*y**7 + 1,9*x*y**8/7,0,3,3,1,['c + 3'],False,,,,,,,,,,cert2_20.json
x**3*y**7 - 2*x + 1,10,True,-3*x**2*y**7/4 - 1/2,9*x*y**8/28,0,3,3,1,['c - 1'],False,,,,,,,,,,cert2_20.json
x**3*y**7 - 2*x + 2,10,True,-3*x**2*y**7/4 - 1/2,9*x*y**8/28,0,3,3,1,['c - 2'],False,,,,,,,,,,cert2_20.json
x**3*y**7 - 2*x + 3,10,True,-3*x**2*y**7/4 - 1/2,9*x*y**8/28,0,3,3,1,['c - 3'],False,,,,,,,,,,cert2_20.json
x**3*y**7 - 2*x - 1,10,True,-3*x**2*y**7/4 - 1/2,9*x*y**8/28,0,3,3,1,['c + 1'],False,,,,,,,,,,cert2_20.json
x**3*y**7 - 2*x - 2,10,True,-3*x**2*y**7/4 - 1/2,9*x*y**8/28,0,3,3,1,['c + 2'],False,,,,,,,,,,cert2_20.json
x**3*y**7 - 2*x - 3,10,True,-3*x**2*y**7/4 - 1/2,9*x*y**8/28,0,3,3,1,['c + 3'],False,,,,,,,,,,cert2_20.json
x**3*y**7 - 3*x + 1,10,True,-x**2*y**7/3 - 1/3,x*y**8/7,0,3,3,1,['c - 1'],False,,,,,,,,,,cert2_20.json
x**3*y**7 - 3*x + 2,10,True,-x**2*y**7/3 - 1/3,x*y**8/7,0,3,3,1,['c - 2'],False,,,,,,,,,,cert2_20.json
x**3*y**7 - 3*x + 3,10,True,-x**2*y**7/3 - 1/3,x*y**8/7,0,3,3,1,['c - 3'],False,,,,,,,,,,cert2_20.json
x**3*y**7 - 3*x - 1,10,True,-x**2*y**7/3 - 1/3,x*y**8/7,0,3,3,1,['c + 1'],False,,,,,,,,,,cert2_20.json
x**3*y**7 - 3*x - 2,10,True,-x**2*y**7/3 - 1/3,x*y**8/7,0,3,3,1,['c + 2'],False,,,,,,,,,,cert2_20.json
x**3*y**7 - 3*x - 3,10,True,-x**2*y**7/3 - 1/3,x*y**8/7,0,3,3,1,['c + 3'],False,,,,,,,,,,cert2_20.json
x**3*y**7 - x + 1,10,True,-3*x**2*y**7 - 1,9*x*y**8/7,0,3,3,1,['c - 1'],False,,,,,,,,,,cert2_20.json
x**3*y**7 - x + 2,10,True,-3*x**2*y**7 - 1,9*x*y**8/7,0,3,3,1,['c - 2'],False,,,,,,,,,,cert2_20.json
x**3*y**7 - x + 3,10,True,-3*x**2*y**7 - 1,9*x*y**8/7,0,3,3,1,['c - 3'],False,,,,,,,,,,cert2_20.json
x**3*y**7 - x - 1,10,True,-3*x**2*y**7 - 1,9*x*y**8/7,0,3,3,1,['c + 1'],False,,,,,,,,,,cert2_20.json
x**3*y**7 - x - 2,10,True,-3*x**2*y**7 - 1,9*x*y**8/7,0,3,3,1,['c + 2'],False,,,,,,,,,,cert2_20.json
x**3*y**7 - x - 3,10,True,-3*x**2*y**7 - 1,9*x*y**8/7,0,3,3,1,['c + 3'],False,,,,,,,,,,cert2_20.json
x**4*y**6 + 2*x + 1,10,True,-x**3*y**6 + 1/2,2*x**2*y**7/3,0,1,1,1,['c - 1'],False,,,,,,,,,,cert2_20.json
x**4*y**6 + 2*x + 2,10,True,-x**3*y**6 + 1/2,2*x**2*y**7/3,0,1,1,1,['c - 2'],False,,,,,,,,,,cert2_20.json
x**4*y**6 + 2*x + 3,10,True,-x**3*y**6 + 1/2,2*x**2*y**7/3,0,1,1,1,['c - 3'],False,,,,,,,,,,cert2_20.json
x**4*y**6 + 2*x - 1,10,True,-x**3*y**6 + 1/2,2*x**2*y**7/3,0,1,1,1,['c + 1'],False,,,,,,,,,,cert2_20.json
x**4*y**6 + 2*x - 2,10,True,-x**3*y**6 + 1/2,2*x**2*y**7/3,0,1,1,1,['c + 2'],False,,,,,,,,,,cert2_20.json
x**4*y**6 + 2*x - 3,10,True,-x**3*y**6 + 1/2,2*x**2*y**7/3,0,1,1,1,['c + 3'],False,,,,,,,,,,cert2_20.json
x**4*y**6 + 2*y + 1,10,True,9*x**5*y**4/4,-3*x**4*y**5/2 + 1/2,0,1,1,1,['c - 1'],False,,,,,,,,,,cert2_20.json
x**4*y**6 + 2*y + 2,10,True,9*x**5*y**4/4,-3*x**4*y**5/2 + 1/2,0,1,1,1,['c - 2'],False,,,,,,,,,,cert2_20.json
x**4*y**6 + 2*y + 3,10,True,9*x**5*y**4/4,-3*x**4*y**5/2 + 1/2,0,1,1,1,['c - 3'],False,,,,,,,,,,cert2_20.json
x**4*y**6 + 2*y - 1,10,True,9*x**5*y**4/4,-3*x**4*y**5/2 + 1/2,0,1,1,1,['c + 1'],False,,,,,,,,,,cert2_20.json
x**4*y**6 + 2*y - 2,10,True,9*x**5*y**4/4,-3*x**4*y**5/2 + 1/2,0,1,1,1,['c + 2'],False,,,,,,,,,,cert2_20.json
x**4*y**6 + 2*y - 3,10,True,9*x**5*y**4/4,-3*x**4*y**5/2 + 1/2,0,1,1,1,['c + 3'],False,,,,,,,,,,cert2_20.json
x**4*y**6 + 3*x + 1,10,True,-4*x**3*y**6/9 + 1/3,8*x**2*y**7/27,0,1,1,1,['c - 1'],False,,,,,,,,,,cert2_20.json
x**4*y**6 + 3*x + 2,10,True,-4*x**3*y**6/9 + 1/3,8*x**2*y**7/27,0,1,1,1,['c - 2'],False,,,,,,,,,,cert2_20.json
x**4*y**6 + 3*x + 3,10,True,-4*x**3*y**6/9 + 1/3,8*x**2*y**7/27,0,1,1,1,['c - 3'],False,,,,,,,,,,cert2_20.json
x**4*y**6 + 3*x - 1,10,True,-4*x**3*y**6/9 + 1/3,8*x**2*y**7/27,0,1,1,1,['c + 1'],False,,,,,,,,,,cert2_20.json
x**4*y**6 + 3*x - 2,10,True,-4*x**3*y**6/9 + 1/3,8*x**2*y**7/27,0,1,1,1,['c + 2'],False,,,,,,,,,,cert2_20.json
x**4*y**6 + 3*x - 3,10,True,-4*x**3*y**6/9 + 1/3,8*x**2*y**7/27,0,1,1,1,['c + 3'],False,,,,,,,,,,cert2_20.json
x**4*y**6 + 3*y + 1,10,True,x**5*y**4,-2*x**4*y**5/3 + 1/3,0,1,1,1,['c - 1'],False,,,,,,,,,,cert2_20.json
x**4*y**6 + 3*y + 2,10,True,x**5*y**4,-2*x**4*y**5/3 + 1/3,0,1,1,1,['c - 2'],False,,,,,,,,,,cert2_20.json
x**4*y**6 + 3*y + 3,10,True,x**5*y**4,-2*x**4*y**5/3 + 1/3,0,1,1,1,['c - 3'],False,,,,,,,,,,cert2_20.json
x**4*y**6 + 3*y - 1,10,True,x**5*y**4,-2*x**4*y**5/3 + 1/3,0,1,1,1,['c + 1'],False,,,,,,,,,,cert2_20.json
x**4*y**6 + 3*y - 2,10,True,x**5*y**4,-2*x**4*y**5/3 + 1/3,0,1,1,1,['c + 2'],False,,,,,,,,,,cert2_20.json
x**4*y**6 + 3*y - 3,10,True,x**5*y**4,-2*x**4*y**5/3 + 1/3,0,1,1,1,['c + 3'],False,,,,,,,,,,cert2_20.json
x**4*y**6 + x + 1,10,True,-4*x**3*y**6 + 1,8*x**2*y**7/3,0,1,1,1,['c - 1'],False,,,,,,,,,,cert2_20.json
x**4*y**6 + x + 2,10,True,-4*x**3*y**6 + 1,8*x**2*y**7/3,0,1,1,1,['c - 2'],False,,,,,,,,,,cert2_20.json
x**4*y**6 + x + 3,10,True,-4*x**3*y**6 + 1,8*x**2*y**7/3,0,1,1,1,['c - 3'],False,,,,,,,,,,cert2_20.json
x**4*y**6 + x - 1,10,True,-4*x**3*y**6 + 1,8*x**2*y**7/3,0,1,1,1,['c + 1'],False,,,,,,,,,,cert2_20.json
x**4*y**6 + x - 2,10,True,-4*x**3*y**6 + 1,8*x**2*y**7/3,0,1,1,1,['c + 2'],False,,,,,,,,,,cert2_20.json
x**4*y**6 + x - 3,10,True,-4*x**3*y**6 + 1,8*x**2*y**7/3,0,1,1,1,['c + 3'],False,,,,,,,,,,cert2_20.json
x**4*y**6 + y + 1,10,True,9*x**5*y**4,-6*x**4*y**5 + 1,0,1,1,1,['c - 1'],False,EMPTY,20,2,4,True,lam-12575e6066-D20,False,None,15,cert20.json
x**4*y**6 + y + 2,10,True,9*x**5*y**4,-6*x**4*y**5 + 1,0,1,1,1,['c - 2'],False,,,,,,,,,,cert2_20.json
x**4*y**6 + y + 3,10,True,9*x**5*y**4,-6*x**4*y**5 + 1,0,1,1,1,['c - 3'],False,,,,,,,,,,cert2_20.json
x**4*y**6 + y - 1,10,True,9*x**5*y**4,-6*x**4*y**5 + 1,0,1,1,1,['c + 1'],False,,,,,,,,,,cert2_20.json
x**4*y**6 + y - 2,10,True,9*x**5*y**4,-6*x**4*y**5 + 1,0,1,1,1,['c + 2'],False,,,,,,,,,,cert2_20.json
x**4*y**6 + y - 3,10,True,9*x**5*y**4,-6*x**4*y**5 + 1,0,1,1,1,['c + 3'],False,,,,,,,,,,cert2_20.json
x**4*y**6 - 2*x + 1,10,True,-x**3*y**6 - 1/2,2*x**2*y**7/3,0,1,1,1,['c - 1'],False,,,,,,,,,,cert2_20.json
x**4*y**6 - 2*x + 2,10,True,-x**3*y**6 - 1/2,2*x**2*y**7/3,0,1,1,1,['c - 2'],False,,,,,,,,,,cert2_20.json
x**4*y**6 - 2*x + 3,10,True,-x**3*y**6 - 1/2,2*x**2*y**7/3,0,1,1,1,['c - 3'],False,,,,,,,,,,cert2_20.json
x**4*y**6 - 2*x - 1,10,True,-x**3*y**6 - 1/2,2*x**2*y**7/3,0,1,1,1,['c + 1'],False,,,,,,,,,,cert2_20.json
x**4*y**6 - 2*x - 2,10,True,-x**3*y**6 - 1/2,2*x**2*y**7/3,0,1,1,1,['c + 2'],False,,,,,,,,,,cert2_20.json
x**4*y**6 - 2*x - 3,10,True,-x**3*y**6 - 1/2,2*x**2*y**7/3,0,1,1,1,['c + 3'],False,,,,,,,,,,cert2_20.json
x**4*y**6 - 2*y + 1,10,True,9*x**5*y**4/4,-3*x**4*y**5/2 - 1/2,0,1,1,1,['c - 1'],False,,,,,,,,,,cert2_20.json
x**4*y**6 - 2*y + 2,10,True,9*x**5*y**4/4,-3*x**4*y**5/2 - 1/2,0,1,1,1,['c - 2'],False,,,,,,,,,,cert2_20.json
x**4*y**6 - 2*y + 3,10,True,9*x**5*y**4/4,-3*x**4*y**5/2 - 1/2,0,1,1,1,['c - 3'],False,,,,,,,,,,cert2_20.json
x**4*y**6 - 2*y - 1,10,True,9*x**5*y**4/4,-3*x**4*y**5/2 - 1/2,0,1,1,1,['c + 1'],False,,,,,,,,,,cert2_20.json
x**4*y**6 - 2*y - 2,10,True,9*x**5*y**4/4,-3*x**4*y**5/2 - 1/2,0,1,1,1,['c + 2'],False,,,,,,,,,,cert2_20.json
x**4*y**6 - 2*y - 3,10,True,9*x**5*y**4/4,-3*x**4*y**5/2 - 1/2,0,1,1,1,['c + 3'],False,,,,,,,,,,cert2_20.json
x**4*y**6 - 3*x + 1,10,True,-4*x**3*y**6/9 - 1/3,8*x**2*y**7/27,0,1,1,1,['c - 1'],False,,,,,,,,,,cert2_20.json
x**4*y**6 - 3*x + 2,10,True,-4*x**3*y**6/9 - 1/3,8*x**2*y**7/27,0,1,1,1,['c - 2'],False,,,,,,,,,,cert2_20.json
x**4*y**6 - 3*x + 3,10,True,-4*x**3*y**6/9 - 1/3,8*x**2*y**7/27,0,1,1,1,['c - 3'],False,,,,,,,,,,cert2_20.json
x**4*y**6 - 3*x - 1,10,True,-4*x**3*y**6/9 - 1/3,8*x**2*y**7/27,0,1,1,1,['c + 1'],False,,,,,,,,,,cert2_20.json
x**4*y**6 - 3*x - 2,10,True,-4*x**3*y**6/9 - 1/3,8*x**2*y**7/27,0,1,1,1,['c + 2'],False,,,,,,,,,,cert2_20.json
x**4*y**6 - 3*x - 3,10,True,-4*x**3*y**6/9 - 1/3,8*x**2*y**7/27,0,1,1,1,['c + 3'],False,,,,,,,,,,cert2_20.json
x**4*y**6 - 3*y + 1,10,True,x**5*y**4,-2*x**4*y**5/3 - 1/3,0,1,1,1,['c - 1'],False,,,,,,,,,,cert2_20.json
x**4*y**6 - 3*y + 2,10,True,x**5*y**4,-2*x**4*y**5/3 - 1/3,0,1,1,1,['c - 2'],False,,,,,,,,,,cert2_20.json
x**4*y**6 - 3*y + 3,10,True,x**5*y**4,-2*x**4*y**5/3 - 1/3,0,1,1,1,['c - 3'],False,,,,,,,,,,cert2_20.json
x**4*y**6 - 3*y - 1,10,True,x**5*y**4,-2*x**4*y**5/3 - 1/3,0,1,1,1,['c + 1'],False,,,,,,,,,,cert2_20.json
x**4*y**6 - 3*y - 2,10,True,x**5*y**4,-2*x**4*y**5/3 - 1/3,0,1,1,1,['c + 2'],False,,,,,,,,,,cert2_20.json
x**4*y**6 - 3*y - 3,10,True,x**5*y**4,-2*x**4*y**5/3 - 1/3,0,1,1,1,['c + 3'],False,,,,,,,,,,cert2_20.json
x**4*y**6 - x + 1,10,True,-4*x**3*y**6 - 1,8*x**2*y**7/3,0,1,1,1,['c - 1'],False,,,,,,,,,,cert2_20.json
x**4*y**6 - x + 2,10,True,-4*x**3*y**6 - 1,8*x**2*y**7/3,0,1,1,1,['c - 2'],False,,,,,,,,,,cert2_20.json
x**4*y**6 - x + 3,10,True,-4*x**3*y**6 - 1,8*x**2*y**7/3,0,1,1,1,['c - 3'],False,,,,,,,,,,cert2_20.json
x**4*y**6 - x - 1,10,True,-4*x**3*y**6 - 1,8*x**2*y**7/3,0,1,1,1,['c + 1'],False,,,,,,,,,,cert2_20.json
x**4*y**6 - x - 2,10,True,-4*x**3*y**6 - 1,8*x**2*y**7/3,0,1,1,1,['c + 2'],False,,,,,,,,,,cert2_20.json
x**4*y**6 - x - 3,10,True,-4*x**3*y**6 - 1,8*x**2*y**7/3,0,1,1,1,['c + 3'],False,,,,,,,,,,cert2_20.json
x**4*y**6 - y + 1,10,True,9*x**5*y**4,-6*x**4*y**5 - 1,0,1,1,1,['c - 1'],False,EMPTY,20,2,4,True,lam-9c0a2fc25d-D20,False,None,15,cert2_20.json
x**4*y**6 - y + 2,10,True,9*x**5*y**4,-6*x**4*y**5 - 1,0,1,1,1,['c - 2'],False,,,,,,,,,,cert2_20.json
x**4*y**6 - y + 3,10,True,9*x**5*y**4,-6*x**4*y**5 - 1,0,1,1,1,['c - 3'],False,,,,,,,,,,cert2_20.json
x**4*y**6 - y - 1,10,True,9*x**5*y**4,-6*x**4*y**5 - 1,0,1,1,1,['c + 1'],False,EMPTY,20,2,4,True,lam-a466d6e0ad-D20,False,None,15,cert2_20.json
x**4*y**6 - y - 2,10,True,9*x**5*y**4,-6*x**4*y**5 - 1,0,1,1,1,['c + 2'],False,,,,,,,,,,cert2_20.json
x**4*y**6 - y - 3,10,True,9*x**5*y**4,-6*x**4*y**5 - 1,0,1,1,1,['c + 3'],False,,,,,,,,,,cert2_20.json
x**6*y**4 + 2*x + 1,10,True,-3*x**5*y**4/2 + 1/2,9*x**4*y**5/4,0,1,1,1,['c - 1'],False,,,,,,,,,,cert2_20.json
x**6*y**4 + 2*x + 2,10,True,-3*x**5*y**4/2 + 1/2,9*x**4*y**5/4,0,1,1,1,['c - 2'],False,,,,,,,,,,cert2_20.json
x**6*y**4 + 2*x + 3,10,True,-3*x**5*y**4/2 + 1/2,9*x**4*y**5/4,0,1,1,1,['c - 3'],False,,,,,,,,,,cert2_20.json
x**6*y**4 + 2*x - 1,10,True,-3*x**5*y**4/2 + 1/2,9*x**4*y**5/4,0,1,1,1,['c + 1'],False,,,,,,,,,,cert2_20.json
x**6*y**4 + 2*x - 2,10,True,-3*x**5*y**4/2 + 1/2,9*x**4*y**5/4,0,1,1,1,['c + 2'],False,,,,,,,,,,cert2_20.json
x**6*y**4 + 2*x - 3,10,True,-3*x**5*y**4/2 + 1/2,9*x**4*y**5/4,0,1,1,1,['c + 3'],False,,,,,,,,,,cert2_20.json
x**6*y**4 + 2*y + 1,10,True,2*x**7*y**2/3,-x**6*y**3 + 1/2,0,1,1,1,['c - 1'],False,,,,,,,,,,cert2_20.json
x**6*y**4 + 2*y + 2,10,True,2*x**7*y**2/3,-x**6*y**3 + 1/2,0,1,1,1,['c - 2'],False,,,,,,,,,,cert2_20.json
x**6*y**4 + 2*y + 3,10,True,2*x**7*y**2/3,-x**6*y**3 + 1/2,0,1,1,1,['c - 3'],False,,,,,,,,,,cert2_20.json
x**6*y**4 + 2*y - 1,10,True,2*x**7*y**2/3,-x**6*y**3 + 1/2,0,1,1,1,['c + 1'],False,,,,,,,,,,cert2_20.json
x**6*y**4 + 2*y - 2,10,True,2*x**7*y**2/3,-x**6*y**3 + 1/2,0,1,1,1,['c + 2'],False,,,,,,,,,,cert2_20.json
x**6*y**4 + 2*y - 3,10,True,2*x**7*y**2/3,-x**6*y**3 + 1/2,0,1,1,1,['c + 3'],False,,,,,,,,,,cert2_20.json
x**6*y**4 + 3*x + 1,10,True,-2*x**5*y**4/3 + 1/3,x**4*y**5,0,1,1,1,['c - 1'],False,,,,,,,,,,cert2_20.json
x**6*y**4 + 3*x + 2,10,True,-2*x**5*y**4/3 + 1/3,x**4*y**5,0,1,1,1,['c - 2'],False,,,,,,,,,,cert2_20.json
x**6*y**4 + 3*x + 3,10,True,-2*x**5*y**4/3 + 1/3,x**4*y**5,0,1,1,1,['c - 3'],False,,,,,,,,,,cert2_20.json
x**6*y**4 + 3*x - 1,10,True,-2*x**5*y**4/3 + 1/3,x**4*y**5,0,1,1,1,['c + 1'],False,,,,,,,,,,cert2_20.json
x**6*y**4 + 3*x - 2,10,True,-2*x**5*y**4/3 + 1/3,x**4*y**5,0,1,1,1,['c + 2'],False,,,,,,,,,,cert2_20.json
x**6*y**4 + 3*x - 3,10,True,-2*x**5*y**4/3 + 1/3,x**4*y**5,0,1,1,1,['c + 3'],False,,,,,,,,,,cert2_20.json
x**6*y**4 + 3*y + 1,10,True,8*x**7*y**2/27,-4*x**6*y**3/9 + 1/3,0,1,1,1,['c - 1'],False,,,,,,,,,,cert2_20.json
x**6*y**4 + 3*y + 2,10,True,8*x**7*y**2/27,-4*x**6*y**3/9 + 1/3,0,1,1,1,['c - 2'],False,,,,,,,,,,cert2_20.json
x**6*y**4 + 3*y + 3,10,True,8*x**7*y**2/27,-4*x**6*y**3/9 + 1/3,0,1,1,1,['c - 3'],False,,,,,,,,,,cert2_20.json
x**6*y**4 + 3*y - 1,10,True,8*x**7*y**2/27,-4*x**6*y**3/9 + 1/3,0,1,1,1,['c + 1'],False,,,,,,,,,,cert2_20.json
x**6*y**4 + 3*y - 2,10,True,8*x**7*y**2/27,-4*x**6*y**3/9 + 1/3,0,1,1,1,['c + 2'],False,,,,,,,,,,cert2_20.json
x**6*y**4 + 3*y - 3,10,True,8*x**7*y**2/27,-4*x**6*y**3/9 + 1/3,0,1,1,1,['c + 3'],False,,,,,,,,,,cert2_20.json
x**6*y**4 + x + 1,10,True,-6*x**5*y**4 + 1,9*x**4*y**5,0,1,1,1,['c - 1'],False,,,,,,,,,,cert2_20.json
x**6*y**4 + x + 2,10,True,-6*x**5*y**4 + 1,9*x**4*y**5,0,1,1,1,['c - 2'],False,,,,,,,,,,cert2_20.json
x**6*y**4 + x + 3,10,True,-6*x**5*y**4 + 1,9*x**4*y**5,0,1,1,1,['c - 3'],False,,,,,,,,,,cert2_20.json
x**6*y**4 + x - 1,10,True,-6*x**5*y**4 + 1,9*x**4*y**5,0,1,1,1,['c + 1'],False,,,,,,,,,,cert2_20.json
x**6*y**4 + x - 2,10,True,-6*x**5*y**4 + 1,9*x**4*y**5,0,1,1,1,['c + 2'],False,,,,,,,,,,cert2_20.json
x**6*y**4 + x - 3,10,True,-6*x**5*y**4 + 1,9*x**4*y**5,0,1,1,1,['c + 3'],False,,,,,,,,,,cert2_20.json
x**6*y**4 + x**2*y**2 + y + 1,10,True,88*x**7*y**2/31 - 8*x**5*y/31 + 56*x**3/31,-132*x**6*y**3/31 + 12*x**4*y**2/31 - 2*x**2*y + 1,0,1,1,1,['c - 1'],False,,,,,,,,,,cert20.json
x**6*y**4 + x**4*y**3 + y + 1,10,True,84*x**7*y**2/31 + 69*x**5*y/31 + x**3/62,-126*x**6*y**3/31 - 3*x**4*y**2 + 1,0,1,1,1,['c - 1'],False,,,,,,,,,,cert20.json
x**6*y**4 + y + 1,10,True,8*x**7*y**2/3,-4*x**6*y**3 + 1,0,1,1,1,['c - 1'],False,EMPTY,20,2,4,True,lam-cc9be262eb-D20,False,None,227,cert20.json
x**6*y**4 + y + 2,10,True,8*x**7*y**2/3,-4*x**6*y**3 + 1,0,1,1,1,['c - 2'],False,,,,,,,,,,cert2_20.json
x**6*y**4 + y + 3,10,True,8*x**7*y**2/3,-4*x**6*y**3 + 1,0,1,1,1,['c - 3'],False,,,,,,,,,,cert2_20.json
x**6*y**4 + y - 1,10,True,8*x**7*y**2/3,-4*x**6*y**3 + 1,0,1,1,1,['c + 1'],False,,,,,,,,,,cert2_20.json
x**6*y**4 + y - 2,10,True,8*x**7*y**2/3,-4*x**6*y**3 + 1,0,1,1,1,['c + 2'],False,,,,,,,,,,cert2_20.json
x**6*y**4 + y - 3,10,True,8*x**7*y**2/3,-4*x**6*y**3 + 1,0,1,1,1,['c + 3'],False,,,,,,,,,,cert2_20.json
x**6*y**4 - 2*x + 1,10,True,-3*x**5*y**4/2 - 1/2,9*x**4*y**5/4,0,1,1,1,['c - 1'],False,,,,,,,,,,cert2_20.json
x**6*y**4 - 2*x + 2,10,True,-3*x**5*y**4/2 - 1/2,9*x**4*y**5/4,0,1,1,1,['c - 2'],False,,,,,,,,,,cert2_20.json
x**6*y**4 - 2*x + 3,10,True,-3*x**5*y**4/2 - 1/2,9*x**4*y**5/4,0,1,1,1,['c - 3'],False,,,,,,,,,,cert2_20.json
x**6*y**4 - 2*x - 1,10,True,-3*x**5*y**4/2 - 1/2,9*x**4*y**5/4,0,1,1,1,['c + 1'],False,,,,,,,,,,cert2_20.json
x**6*y**4 - 2*x - 2,10,True,-3*x**5*y**4/2 - 1/2,9*x**4*y**5/4,0,1,1,1,['c + 2'],False,,,,,,,,,,cert2_20.json
x**6*y**4 - 2*x - 3,10,True,-3*x**5*y**4/2 - 1/2,9*x**4*y**5/4,0,1,1,1,['c + 3'],False,,,,,,,,,,cert2_20.json
x**6*y**4 - 2*y + 1,10,True,2*x**7*y**2/3,-x**6*y**3 - 1/2,0,1,1,1,['c - 1'],False,,,,,,,,,,cert2_20.json
x**6*y**4 - 2*y + 2,10,True,2*x**7*y**2/3,-x**6*y**3 - 1/2,0,1,1,1,['c - 2'],False,,,,,,,,,,cert2_20.json
x**6*y**4 - 2*y + 3,10,True,2*x**7*y**2/3,-x**6*y**3 - 1/2,0,1,1,1,['c - 3'],False,,,,,,,,,,cert2_20.json
x**6*y**4 - 2*y - 1,10,True,2*x**7*y**2/3,-x**6*y**3 - 1/2,0,1,1,1,['c + 1'],False,,,,,,,,,,cert2_20.json
x**6*y**4 - 2*y - 2,10,True,2*x**7*y**2/3,-x**6*y**3 - 1/2,0,1,1,1,['c + 2'],False,,,,,,,,,,cert2_20.json
x**6*y**4 - 2*y - 3,10,True,2*x**7*y**2/3,-x**6*y**3 - 1/2,0,1,1,1,['c + 3'],False,,,,,,,,,,cert2_20.json
x**6*y**4 - 3*x + 1,10,True,-2*x**5*y**4/3 - 1/3,x**4*y**5,0,1,1,1,['c - 1'],False,,,,,,,,,,cert2_20.json
x**6*y**4 - 3*x + 2,10,True,-2*x**5*y**4/3 - 1/3,x**4*y**5,0,1,1,1,['c - 2'],False,,,,,,,,,,cert2_20.json
x**6*y**4 - 3*x + 3,10,True,-2*x**5*y**4/3 - 1/3,x**4*y**5,0,1,1,1,['c - 3'],False,,,,,,,,,,cert2_20.json
x**6*y**4 - 3*x - 1,10,True,-2*x**5*y**4/3 - 1/3,x**4*y**5,0,1,1,1,['c + 1'],False,,,,,,,,,,cert2_20.json
x**6*y**4 - 3*x - 2,10,True,-2*x**5*y**4/3 - 1/3,x**4*y**5,0,1,1,1,['c + 2'],False,,,,,,,,,,cert2_20.json
x**6*y**4 - 3*x - 3,10,True,-2*x**5*y**4/3 - 1/3,x**4*y**5,0,1,1,1,['c + 3'],False,,,,,,,,,,cert2_20.json
x**6*y**4 - 3*y + 1,10,True,8*x**7*y**2/27,-4*x**6*y**3/9 - 1/3,0,1,1,1,['c - 1'],False,,,,,,,,,,cert2_20.json
x**6*y**4 - 3*y + 2,10,True,8*x**7*y**2/27,-4*x**6*y**3/9 - 1/3,0,1,1,1,['c - 2'],False,,,,,,,,,,cert2_20.json
x**6*y**4 - 3*y + 3,10,True,8*x**7*y**2/27,-4*x**6*y**3/9 - 1/3,0,1,1,1,['c - 3'],False,,,,,,,,,,cert2_20.json
x**6*y**4 - 3*y - 1,10,True,8*x**7*y**2/27,-4*x**6*y**3/9 - 1/3,0,1,1,1,['c + 1'],False,,,,,,,,,,cert2_20.json
x**6*y**4 - 3*y - 2,10,True,8*x**7*y**2/27,-4*x**6*y**3/9 - 1/3,0,1,1,1,['c + 2'],False,,,,,,,,,,cert2_20.json
x**6*y**4 - 3*y - 3,10,True,8*x**7*y**2/27,-4*x**6*y**3/9 - 1/3,0,1,1,1,['c + 3'],False,,,,,,,,,,cert2_20.json
x**6*y**4 - x + 1,10,True,-6*x**5*y**4 - 1,9*x**4*y**5,0,1,1,1,['c - 1'],False,,,,,,,,,,cert2_20.json
x**6*y**4 - x + 2,10,True,-6*x**5*y**4 - 1,9*x**4*y**5,0,1,1,1,['c - 2'],False,,,,,,,,,,cert2_20.json
x**6*y**4 - x + 3,10,True,-6*x**5*y**4 - 1,9*x**4*y**5,0,1,1,1,['c - 3'],False,,,,,,,,,,cert2_20.json
x**6*y**4 - x - 1,10,True,-6*x**5*y**4 - 1,9*x**4*y**5,0,1,1,1,['c + 1'],False,,,,,,,,,,cert2_20.json
x**6*y**4 - x - 2,10,True,-6*x**5*y**4 - 1,9*x**4*y**5,0,1,1,1,['c + 2'],False,,,,,,,,,,cert2_20.json
x**6*y**4 - x - 3,10,True,-6*x**5*y**4 - 1,9*x**4*y**5,0,1,1,1,['c + 3'],False,,,,,,,,,,cert2_20.json
x**6*y**4 - y + 1,10,True,8*x**7*y**2/3,-4*x**6*y**3 - 1,0,1,1,1,['c - 1'],False,,,,,,,,,,cert2_20.json
x**6*y**4 - y + 2,10,True,8*x**7*y**2/3,-4*x**6*y**3 - 1,0,1,1,1,['c - 2'],False,,,,,,,,,,cert2_20.json
x**6*y**4 - y + 3,10,True,8*x**7*y**2/3,-4*x**6*y**3 - 1,0,1,1,1,['c - 3'],False,,,,,,,,,,cert2_20.json
x**6*y**4 - y - 1,10,True,8*x**7*y**2/3,-4*x**6*y**3 - 1,0,1,1,1,['c + 1'],False,,,,,,,,,,cert2_20.json
x**6*y**4 - y - 2,10,True,8*x**7*y**2/3,-4*x**6*y**3 - 1,0,1,1,1,['c + 2'],False,,,,,,,,,,cert2_20.json
x**6*y**4 - y - 3,10,True,8*x**7*y**2/3,-4*x**6*y**3 - 1,0,1,1,1,['c + 3'],False,,,,,,,,,,cert2_20.json
x**6*y**4/2 + x**2*y**2 + y + 1,10,True,52*x**7*y**2/35 - 8*x**5*y/35 + 64*x**3/35,-78*x**6*y**3/35 + 12*x**4*y**2/35 - 2*x**2*y + 1,0,1,1,1,['c - 1'],False,,,,,,,,,,cert20c.json
x**6*y**4/2 + x**4*y**3 + y + 1,10,True,60*x**7*y**2/43 + 96*x**5*y/43 + x**3/43,-90*x**6*y**3/43 - 3*x**4*y**2 + 1,0,1,1,1,['c - 1'],False,,,,,,,,,,cert20c.json
x**7*y**3 + 2*y + 1,10,True,9*x**8*y/28,-3*x**7*y**2/4 + 1/2,0,3,3,1,['c - 1'],False,,,,,,,,,,cert2_20.json
x**7*y**3 + 2*y + 2,10,True,9*x**8*y/28,-3*x**7*y**2/4 + 1/2,0,3,3,1,['c - 2'],False,,,,,,,,,,cert2_20.json
x**7*y**3 + 2*y + 3,10,True,9*x**8*y/28,-3*x**7*y**2/4 + 1/2,0,3,3,1,['c - 3'],False,,,,,,,,,,cert2_20.json
x**7*y**3 + 2*y - 1,10,True,9*x**8*y/28,-3*x**7*y**2/4 + 1/2,0,3,3,1,['c + 1'],False,,,,,,,,,,cert2_20.json
x**7*y**3 + 2*y - 2,10,True,9*x**8*y/28,-3*x**7*y**2/4 + 1/2,0,3,3,1,['c + 2'],False,,,,,,,,,,cert2_20.json
x**7*y**3 + 2*y - 3,10,True,9*x**8*y/28,-3*x**7*y**2/4 + 1/2,0,3,3,1,['c + 3'],False,,,,,,,,,,cert2_20.json
x**7*y**3 + 3*y + 1,10,True,x**8*y/7,-x**7*y**2/3 + 1/3,0,3,3,1,['c - 1'],False,,,,,,,,,,cert2_20.json
x**7*y**3 + 3*y + 2,10,True,x**8*y/7,-x**7*y**2/3 + 1/3,0,3,3,1,['c - 2'],False,,,,,,,,,,cert2_20.json
x**7*y**3 + 3*y + 3,10,True,x**8*y/7,-x**7*y**2/3 + 1/3,0,3,3,1,['c - 3'],False,,,,,,,,,,cert2_20.json
x**7*y**3 + 3*y - 1,10,True,x**8*y/7,-x**7*y**2/3 + 1/3,0,3,3,1,['c + 1'],False,,,,,,,,,,cert2_20.json
x**7*y**3 + 3*y - 2,10,True,x**8*y/7,-x**7*y**2/3 + 1/3,0,3,3,1,['c + 2'],False,,,,,,,,,,cert2_20.json
x**7*y**3 + 3*y - 3,10,True,x**8*y/7,-x**7*y**2/3 + 1/3,0,3,3,1,['c + 3'],False,,,,,,,,,,cert2_20.json
x**7*y**3 + y + 1,10,True,9*x**8*y/7,-3*x**7*y**2 + 1,0,3,3,1,['c - 1'],False,,,,,,,,,,cert20.json
x**7*y**3 + y + 2,10,True,9*x**8*y/7,-3*x**7*y**2 + 1,0,3,3,1,['c - 2'],False,,,,,,,,,,cert2_20.json
x**7*y**3 + y + 3,10,True,9*x**8*y/7,-3*x**7*y**2 + 1,0,3,3,1,['c - 3'],False,,,,,,,,,,cert2_20.json
x**7*y**3 + y - 1,10,True,9*x**8*y/7,-3*x**7*y**2 + 1,0,3,3,1,['c + 1'],False,,,,,,,,,,cert2_20.json
x**7*y**3 + y - 2,10,True,9*x**8*y/7,-3*x**7*y**2 + 1,0,3,3,1,['c + 2'],False,,,,,,,,,,cert2_20.json
x**7*y**3 + y - 3,10,True,9*x**8*y/7,-3*x**7*y**2 + 1,0,3,3,1,['c + 3'],False,,,,,,,,,,cert2_20.json
x**7*y**3 - 2*y + 1,10,True,9*x**8*y/28,-3*x**7*y**2/4 - 1/2,0,3,3,1,['c - 1'],False,,,,,,,,,,cert2_20.json
x**7*y**3 - 2*y + 2,10,True,9*x**8*y/28,-3*x**7*y**2/4 - 1/2,0,3,3,1,['c - 2'],False,,,,,,,,,,cert2_20.json
x**7*y**3 - 2*y + 3,10,True,9*x**8*y/28,-3*x**7*y**2/4 - 1/2,0,3,3,1,['c - 3'],False,,,,,,,,,,cert2_20.json
x**7*y**3 - 2*y - 1,10,True,9*x**8*y/28,-3*x**7*y**2/4 - 1/2,0,3,3,1,['c + 1'],False,,,,,,,,,,cert2_20.json
x**7*y**3 - 2*y - 2,10,True,9*x**8*y/28,-3*x**7*y**2/4 - 1/2,0,3,3,1,['c + 2'],False,,,,,,,,,,cert2_20.json
x**7*y**3 - 2*y - 3,10,True,9*x**8*y/28,-3*x**7*y**2/4 - 1/2,0,3,3,1,['c + 3'],False,,,,,,,,,,cert2_20.json
x**7*y**3 - 3*y + 1,10,True,x**8*y/7,-x**7*y**2/3 - 1/3,0,3,3,1,['c - 1'],False,,,,,,,,,,cert2_20.json
x**7*y**3 - 3*y + 2,10,True,x**8*y/7,-x**7*y**2/3 - 1/3,0,3,3,1,['c - 2'],False,,,,,,,,,,cert2_20.json
x**7*y**3 - 3*y + 3,10,True,x**8*y/7,-x**7*y**2/3 - 1/3,0,3,3,1,['c - 3'],False,,,,,,,,,,cert2_20.json
x**7*y**3 - 3*y - 1,10,True,x**8*y/7,-x**7*y**2/3 - 1/3,0,3,3,1,['c + 1'],False,,,,,,,,,,cert2_20.json
x**7*y**3 - 3*y - 2,10,True,x**8*y/7,-x**7*y**2/3 - 1/3,0,3,3,1,['c + 2'],False,,,,,,,,,,cert2_20.json
x**7*y**3 - 3*y - 3,10,True,x**8*y/7,-x**7*y**2/3 - 1/3,0,3,3,1,['c + 3'],False,,,,,,,,,,cert2_20.json
x**7*y**3 - y + 1,10,True,9*x**8*y/7,-3*x**7*y**2 - 1,0,3,3,1,['c - 1'],False,,,,,,,,,,cert2_20.json
x**7*y**3 - y + 2,10,True,9*x**8*y/7,-3*x**7*y**2 - 1,0,3,3,1,['c - 2'],False,,,,,,,,,,cert2_20.json
x**7*y**3 - y + 3,10,True,9*x**8*y/7,-3*x**7*y**2 - 1,0,3,3,1,['c - 3'],False,,,,,,,,,,cert2_20.json
x**7*y**3 - y - 1,10,True,9*x**8*y/7,-3*x**7*y**2 - 1,0,3,3,1,['c + 1'],False,,,,,,,,,,cert2_20.json
x**7*y**3 - y - 2,10,True,9*x**8*y/7,-3*x**7*y**2 - 1,0,3,3,1,['c + 2'],False,,,,,,,,,,cert2_20.json
x**7*y**3 - y - 3,10,True,9*x**8*y/7,-3*x**7*y**2 - 1,0,3,3,1,['c + 3'],False,,,,,,,,,,cert2_20.json
x**8*y**2 + 2*y + 1,10,True,x**9/8,-x**8*y/2 + 1/2,0,3,3,1,['c - 1'],False,,,,,,,,,,cert2_20.json
x**8*y**2 + 2*y + 2,10,True,x**9/8,-x**8*y/2 + 1/2,0,3,3,1,['c - 2'],False,,,,,,,,,,cert2_20.json
x**8*y**2 + 2*y + 3,10,True,x**9/8,-x**8*y/2 + 1/2,0,3,3,1,['c - 3'],False,,,,,,,,,,cert2_20.json
x**8*y**2 + 2*y - 1,10,True,x**9/8,-x**8*y/2 + 1/2,0,3,3,1,['c + 1'],False,,,,,,,,,,cert2_20.json
x**8*y**2 + 2*y - 2,10,True,x**9/8,-x**8*y/2 + 1/2,0,3,3,1,['c + 2'],False,,,,,,,,,,cert2_20.json
x**8*y**2 + 2*y - 3,10,True,x**9/8,-x**8*y/2 + 1/2,0,3,3,1,['c + 3'],False,,,,,,,,,,cert2_20.json
x**8*y**2 + 3*y + 1,10,True,x**9/18,-2*x**8*y/9 + 1/3,0,3,3,1,['c - 1'],False,,,,,,,,,,cert2_20.json
x**8*y**2 + 3*y + 2,10,True,x**9/18,-2*x**8*y/9 + 1/3,0,3,3,1,['c - 2'],False,,,,,,,,,,cert2_20.json
x**8*y**2 + 3*y + 3,10,True,x**9/18,-2*x**8*y/9 + 1/3,0,3,3,1,['c - 3'],False,,,,,,,,,,cert2_20.json
x**8*y**2 + 3*y - 1,10,True,x**9/18,-2*x**8*y/9 + 1/3,0,3,3,1,['c + 1'],False,,,,,,,,,,cert2_20.json
x**8*y**2 + 3*y - 2,10,True,x**9/18,-2*x**8*y/9 + 1/3,0,3,3,1,['c + 2'],False,,,,,,,,,,cert2_20.json
x**8*y**2 + 3*y - 3,10,True,x**9/18,-2*x**8*y/9 + 1/3,0,3,3,1,['c + 3'],False,,,,,,,,,,cert2_20.json
x**8*y**2 + y + 1,10,True,x**9/2,-2*x**8*y + 1,0,3,3,1,['c - 1'],False,,,,,,,,,,cert20.json
x**8*y**2 + y + 2,10,True,x**9/2,-2*x**8*y + 1,0,3,3,1,['c - 2'],False,,,,,,,,,,cert2_20.json
x**8*y**2 + y + 3,10,True,x**9/2,-2*x**8*y + 1,0,3,3,1,['c - 3'],False,,,,,,,,,,cert2_20.json
x**8*y**2 + y - 1,10,True,x**9/2,-2*x**8*y + 1,0,3,3,1,['c + 1'],False,,,,,,,,,,cert2_20.json
x**8*y**2 + y - 2,10,True,x**9/2,-2*x**8*y + 1,0,3,3,1,['c + 2'],False,,,,,,,,,,cert2_20.json
x**8*y**2 + y - 3,10,True,x**9/2,-2*x**8*y + 1,0,3,3,1,['c + 3'],False,,,,,,,,,,cert2_20.json
x**8*y**2 - 2*y + 1,10,True,x**9/8,-x**8*y/2 - 1/2,0,3,3,1,['c - 1'],False,,,,,,,,,,cert2_20.json
x**8*y**2 - 2*y + 2,10,True,x**9/8,-x**8*y/2 - 1/2,0,3,3,1,['c - 2'],False,,,,,,,,,,cert2_20.json
x**8*y**2 - 2*y + 3,10,True,x**9/8,-x**8*y/2 - 1/2,0,3,3,1,['c - 3'],False,,,,,,,,,,cert2_20.json
x**8*y**2 - 2*y - 1,10,True,x**9/8,-x**8*y/2 - 1/2,0,3,3,1,['c + 1'],False,,,,,,,,,,cert2_20.json
x**8*y**2 - 2*y - 2,10,True,x**9/8,-x**8*y/2 - 1/2,0,3,3,1,['c + 2'],False,,,,,,,,,,cert2_20.json
x**8*y**2 - 2*y - 3,10,True,x**9/8,-x**8*y/2 - 1/2,0,3,3,1,['c + 3'],False,,,,,,,,,,cert2_20.json
x**8*y**2 - 3*y + 1,10,True,x**9/18,-2*x**8*y/9 - 1/3,0,3,3,1,['c - 1'],False,,,,,,,,,,cert2_20.json
x**8*y**2 - 3*y + 2,10,True,x**9/18,-2*x**8*y/9 - 1/3,0,3,3,1,['c - 2'],False,,,,,,,,,,cert2_20.json
x**8*y**2 - 3*y + 3,10,True,x**9/18,-2*x**8*y/9 - 1/3,0,3,3,1,['c - 3'],False,,,,,,,,,,cert2_20.json
x**8*y**2 - 3*y - 1,10,True,x**9/18,-2*x**8*y/9 - 1/3,0,3,3,1,['c + 1'],False,,,,,,,,,,cert2_20.json
x**8*y**2 - 3*y - 2,10,True,x**9/18,-2*x**8*y/9 - 1/3,0,3,3,1,['c + 2'],False,,,,,,,,,,cert2_20.json
x**8*y**2 - 3*y - 3,10,True,x**9/18,-2*x**8*y/9 - 1/3,0,3,3,1,['c + 3'],False,,,,,,,,,,cert2_20.json
x**8*y**2 - y + 1,10,True,x**9/2,-2*x**8*y - 1,0,3,3,1,['c - 1'],False,,,,,,,,,,cert2_20.json
x**8*y**2 - y + 2,10,True,x**9/2,-2*x**8*y - 1,0,3,3,1,['c - 2'],False,,,,,,,,,,cert2_20.json
x**8*y**2 - y + 3,10,True,x**9/2,-2*x**8*y - 1,0,3,3,1,['c - 3'],False,,,,,,,,,,cert2_20.json
x**8*y**2 - y - 1,10,True,x**9/2,-2*x**8*y - 1,0,3,3,1,['c + 1'],False,,,,,,,,,,cert2_20.json
x**8*y**2 - y - 2,10,True,x**9/2,-2*x**8*y - 1,0,3,3,1,['c + 2'],False,,,,,,,,,,cert2_20.json
x**8*y**2 - y - 3,10,True,x**9/2,-2*x**8*y - 1,0,3,3,1,['c + 3'],False,,,,,,,,,,cert2_20.json
-2*x**4*y**7 + x**2*y**4 + y + 1,11,True,-224*x**5*y**5/9 + 71*x**3*y**2/9,128*x**4*y**6/9 - 4*x**2*y**3 + 1,0,1,1,1,['c - 1'],False,,,,,,,,,,cert20.json
-2*x**6*y**5 + x**3*y**3 + y + 1,11,True,-230*x**7*y**3/27 + 79*x**4*y/27,92*x**6*y**4/9 - 3*x**3*y**2 + 1,0,2,2,1,['c - 1'],False,,,,,,,,,,cert20.json
-2*x**8*y**3 + x**4*y**2 + y + 1,11,True,-7*x**9*y/3 + 17*x**5/18,56*x**8*y**2/9 - 2*x**4*y + 1,0,3,3,1,['c - 1'],False,,,,,,,,,,cert20.json
-x**3*y**8 + y + 1,11,True,-64*x**4*y**6/3,8*x**3*y**7 + 1,0,1,1,1,['c - 1'],False,,,,,,,,,,cert20.json
-x**4*y**7 + x**2*y**4 + y + 1,11,True,-63*x**5*y**5/5 + 79*x**3*y**2/10,36*x**4*y**6/5 - 4*x**2*y**3 + 1,0,1,1,1,['c - 1'],False,,,,,,,,,,cert20.json
-x**4*y**7 + y + 1,11,True,-49*x**5*y**5/4,7*x**4*y**6 + 1,0,1,1,1,['c - 1'],False,,,,,,,,,,cert20.json
-x**6*y**5 + x**3*y**3 + y + 1,11,True,-13*x**7*y**3/3 + 44*x**4*y/15,26*x**6*y**4/5 - 3*x**3*y**2 + 1,0,2,2,1,['c - 1'],False,,,,,,,,,,cert20.json
-x**6*y**5 + y + 1,11,True,-25*x**7*y**3/6,5*x**6*y**4 + 1,0,2,2,1,['c - 1'],False,,,,,,,,,,cert20.json
-x**7*y**4 + y + 1,11,True,-16*x**8*y**2/7,4*x**7*y**3 + 1,0,3,3,1,['c - 1'],False,,,,,,,,,,cert20.json
-x**8*y**3 + x**4*y**2 + y + 1,11,True,-6*x**9*y/5 + 19*x**5/20,16*x**8*y**2/5 - 2*x**4*y + 1,0,3,3,1,['c - 1'],False,,,,,,,,,,cert20.json
-x**8*y**3 + y + 1,11,True,-9*x**9*y/8,3*x**8*y**2 + 1,0,3,3,1,['c - 1'],False,,,,,,,,,,cert20.json
-x**9*y**2 + y + 1,11,True,-4*x**10/9,2*x**9*y + 1,0,4,4,1,['c - 1'],False,,,,,,,,,,cert20.json
2*x**4*y**7 + x**2*y**4 + y + 1,11,True,24*x**5*y**5 + 55*x**3*y**2/7,-96*x**4*y**6/7 - 4*x**2*y**3 + 1,0,1,1,1,['c - 1'],False,,,,,,,,,,cert20.json
2*x**6*y**5 + x**3*y**3 + y + 1,11,True,170*x**7*y**3/21 + 61*x**4*y/21,-68*x**6*y**4/7 - 3*x**3*y**2 + 1,0,2,2,1,['c - 1'],False,,,,,,,,,,cert20.json
2*x**8*y**3 + x**4*y**2 + y + 1,11,True,15*x**9*y/7 + 13*x**5/14,-40*x**8*y**2/7 - 2*x**4*y + 1,0,3,3,1,['c - 1'],False,,,,,,,,,,cert20.json
3*x**4*y**7 + x**2*y**4 + y + 1,11,True,399*x**5*y**5/11 + 173*x**3*y**2/22,-228*x**4*y**6/11 - 4*x**2*y**3 + 1,0,1,1,1,['c - 1'],False,,,,,,,,,,cert20.json
3*x**6*y**5 + x**3*y**3 + y + 1,11,True,135*x**7*y**3/11 + 32*x**4*y/11,-162*x**6*y**4/11 - 3*x**3*y**2 + 1,0,2,2,1,['c - 1'],False,,,,,,,,,,cert20.json
3*x**8*y**3 + x**4*y**2 + y + 1,11,True,36*x**9*y/11 + 41*x**5/44,-96*x**8*y**2/11 - 2*x**4*y + 1,0,3,3,1,['c - 1'],False,,,,,,,,,,cert20.json
x**3*y**8 + y + 1,11,True,64*x**4*y**6/3,-8*x**3*y**7 + 1,0,1,1,1,['c - 1'],False,EMPTY,22,2,4,True,lam-bad624b54f-D22,False,None,15,cert20.json
x**4*y**7 + x**2*y**4 + y + 1,11,True,35*x**5*y**5/3 + 47*x**3*y**2/6,-20*x**4*y**6/3 - 4*x**2*y**3 + 1,0,1,1,1,['c - 1'],False,,,,,,,,,,cert20.json
x**4*y**7 + y + 1,11,True,49*x**5*y**5/4,-7*x**4*y**6 + 1,0,1,1,1,['c - 1'],False,,,,,,,,,,cert20.json
x**4*y**7/2 + x**2*y**4 + y + 1,11,True,21*x**5*y**5/4 + 31*x**3*y**2/4,-3*x**4*y**6 - 4*x**2*y**3 + 1,0,1,1,1,['c - 1'],False,,,,,,,,,,cert20c.json
x**6*y**5 + x**3*y**3 + y + 1,11,True,35*x**7*y**3/9 + 26*x**4*y/9,-14*x**6*y**4/3 - 3*x**3*y**2 + 1,0,2,2,1,['c - 1'],False,,,,,,,,,,cert20.json
x**6*y**5 + y + 1,11,True,25*x**7*y**3/6,-5*x**6*y**4 + 1,0,2,2,1,['c - 1'],False,EMPTY,22,2,4,True,lam-3532a9da47-D22,False,None,15,cert20.json
x**6*y**5/2 + x**3*y**3 + y + 1,11,True,5*x**7*y**3/3 + 17*x**4*y/6,-2*x**6*y**4 - 3*x**3*y**2 + 1,0,2,2,1,['c - 1'],False,,,,,,,,,,cert20c.json
x**7*y**4 + y + 1,11,True,16*x**8*y**2/7,-4*x**7*y**3 + 1,0,3,3,1,['c - 1'],False,EMPTY,22,2,4,True,lam-da78d50ed7-D22,False,None,15,cert20.json
x**8*y**3 + x**4*y**2 + y + 1,11,True,x**9*y + 11*x**5/12,-8*x**8*y**2/3 - 2*x**4*y + 1,0,3,3,1,['c - 1'],False,,,,,,,,,,cert20.json
x**8*y**3 + y + 1,11,True,9*x**9*y/8,-3*x**8*y**2 + 1,0,3,3,1,['c - 1'],False,,,,,,,,,,cert20.json
x**8*y**3/2 + x**4*y**2 + y + 1,11,True,3*x**9*y/8 + 7*x**5/8,-x**8*y**2 - 2*x**4*y + 1,0,3,3,1,['c - 1'],False,,,,,,,,,,cert20c.json
x**9*y**2 + y + 1,11,True,4*x**10/9,-2*x**9*y + 1,0,4,4,1,['c - 1'],False,EMPTY,22,2,4,True,lam-15c87cf830-D22,False,None,15,cert20.json
-x**10*y**2 + y + 1,12,True,-2*x**11/5,2*x**10*y + 1,0,4,4,1,['c - 1'],False,,,,,,,,,,cert20.json
-x**5*y**7 + y + 1,12,True,-49*x**6*y**5/5,7*x**5*y**6 + 1,0,2,2,1,['c - 1'],False,,,,,,,,,,cert20.json
-x**7*y**5 + y + 1,12,True,-25*x**8*y**3/7,5*x**7*y**4 + 1,0,3,3,1,['c - 1'],False,,,,,,,,,,cert20.json
-x**8*y**4 + y + 1,12,True,-2*x**9*y**2,4*x**8*y**3 + 1,0,2,2,1,['c - 1'],False,,,,,,,,,,cert20.json
-x**9*y**3 + y + 1,12,True,-x**10*y,3*x**9*y**2 + 1,0,3,3,1,['c - 1'],False,,,,,,,,,,cert20.json
x**10*y**2 + y + 1,12,True,2*x**11/5,-2*x**10*y + 1,0,4,4,1,['c - 1'],False,EMPTY,24,2,4,True,lam-e7cdb9e011-D24,False,None,15,cert20.json
x**5*y**7 + y + 1,12,True,49*x**6*y**5/5,-7*x**5*y**6 + 1,0,2,2,1,['c - 1'],False,EMPTY,24,2,4,True,lam-a26fb99d1c-D24,False,None,15,cert20.json
x**7*y**5 + y + 1,12,True,25*x**8*y**3/7,-5*x**7*y**4 + 1,0,3,3,1,['c - 1'],False,EMPTY,24,2,4,True,lam-cebc4ed910-D24,False,None,15,cert20.json
x**8*y**4 + y + 1,12,True,2*x**9*y**2,-4*x**8*y**3 + 1,0,2,2,1,['c - 1'],False,,,,,,,,,,cert20.json
x**9*y**3 + y + 1,12,True,x**10*y,-3*x**9*y**2 + 1,0,3,3,1,['c - 1'],False,,,,,,,,,,cert20.json
-x**10*y**3 + y + 1,13,True,-9*x**11*y/10,3*x**10*y**2 + 1,0,4,4,1,['c - 1'],False,,,,,,,,,,cert20b.json
-x**11*y**2 + y + 1,13,True,-4*x**12/11,2*x**11*y + 1,0,5,5,1,['c - 1'],False,,,,,,,,,,cert20b.json
-x**5*y**8 + y + 1,13,True,-64*x**6*y**6/5,8*x**5*y**7 + 1,0,2,2,1,['c - 1'],False,,,,,,,,,,cert20b.json
-x**7*y**6 + y + 1,13,True,-36*x**8*y**4/7,6*x**7*y**5 + 1,0,3,3,1,['c - 1'],False,,,,,,,,,,cert20b.json
-x**8*y**5 + y + 1,13,True,-25*x**9*y**3/8,5*x**8*y**4 + 1,0,2,2,1,['c - 1'],False,,,,,,,,,,cert20b.json
-x**9*y**4 + y + 1,13,True,-16*x**10*y**2/9,4*x**9*y**3 + 1,0,3,3,1,['c - 1'],False,,,,,,,,,,cert20b.json
x**10*y**3 + y + 1,13,True,9*x**11*y/10,-3*x**10*y**2 + 1,0,4,4,1,['c - 1'],False,EMPTY,26,2,4,True,lam-313101597c-D26,False,None,15,cert20b.json
x**11*y**2 + y + 1,13,True,4*x**12/11,-2*x**11*y + 1,0,5,5,1,['c - 1'],False,EMPTY,26,2,4,True,lam-12907d37f9-D26,False,None,15,cert20b.json
x**5*y**8 + y + 1,13,True,64*x**6*y**6/5,-8*x**5*y**7 + 1,0,2,2,1,['c - 1'],False,EMPTY,26,2,4,True,lam-93a210a5e8-D26,False,None,15,cert20b.json
x**7*y**6 + y + 1,13,True,36*x**8*y**4/7,-6*x**7*y**5 + 1,0,3,3,1,['c - 1'],False,EMPTY,26,2,4,True,lam-3332a1a44d-D26,False,None,15,cert20b.json
x**8*y**5 + y + 1,13,True,25*x**9*y**3/8,-5*x**8*y**4 + 1,0,2,2,1,['c - 1'],False,,,,,,,,,,cert20b.json
x**9*y**4 + y + 1,13,True,16*x**10*y**2/9,-4*x**9*y**3 + 1,0,3,3,1,['c - 1'],False,,,,,,,,,,cert20b.json
-x**10*y**4 + y + 1,14,True,-8*x**11*y**2/5,4*x**10*y**3 + 1,0,4,4,1,['c - 1'],False,,,,,,,,,,cert20b.json
-x**11*y**3 + y + 1,14,True,-9*x**12*y/11,3*x**11*y**2 + 1,0,5,5,1,['c - 1'],False,,,,,,,,,,cert20b.json
-x**12*y**2 + y + 1,14,True,-x**13/3,2*x**12*y + 1,0,5,5,1,['c - 1'],False,,,,,,,,,,cert20b.json
-x**3*y**11 + y + 1,14,True,-121*x**4*y**9/3,11*x**3*y**10 + 1,0,1,1,1,['c - 1'],False,,,,,,,,,,cert20b.json
-x**4*y**10 + y + 1,14,True,-25*x**5*y**8,10*x**4*y**9 + 1,0,1,1,1,['c - 1'],False,,,,,,,,,,cert20b.json
-x**5*y**9 + y + 1,14,True,-81*x**6*y**7/5,9*x**5*y**8 + 1,0,2,2,1,['c - 1'],False,,,,,,,,,,cert20b.json
-x**6*y**8 + y + 1,14,True,-32*x**7*y**6/3,8*x**6*y**7 + 1,0,2,2,1,['c - 1'],False,,,,,,,,,,cert20b.json
-x**8*y**6 + y + 1,14,True,-9*x**9*y**4/2,6*x**8*y**5 + 1,0,3,3,1,['c - 1'],False,,,,,,,,,,cert20b.json
-x**9*y**5 + y + 1,14,True,-25*x**10*y**3/9,5*x**9*y**4 + 1,0,4,4,1,['c - 1'],False,,,,,,,,,,cert20b.json
x**10*y**4 + y + 1,14,True,8*x**11*y**2/5,-4*x**10*y**3 + 1,0,4,4,1,['c - 1'],False,,,,,,,,,,cert20b.json
x**11*y**3 + y + 1,14,True,9*x**12*y/11,-3*x**11*y**2 + 1,0,5,5,1,['c - 1'],False,EMPTY,26,2,3,True,lam-3066b39225-D26,False,None,15,cert20b.json
x**12*y**2 + y + 1,14,True,x**13/3,-2*x**12*y + 1,0,5,5,1,['c - 1'],False,,,,,,,,,,cert20b.json
x**3*y**11 + y + 1,14,True,121*x**4*y**9/3,-11*x**3*y**10 + 1,0,1,1,1,['c - 1'],False,EMPTY,26,2,3,True,lam-8c90f920a6-D26,False,None,15,cert20b.json
x**4*y**10 + y + 1,14,True,25*x**5*y**8,-10*x**4*y**9 + 1,0,1,1,1,['c - 1'],False,,,,,,,,,,cert20b.json
x**5*y**9 + y + 1,14,True,81*x**6*y**7/5,-9*x**5*y**8 + 1,0,2,2,1,['c - 1'],False,EMPTY,26,2,3,True,lam-b0ccebf81b-D26,False,None,15,cert20b.json
x**6*y**8 + y + 1,14,True,32*x**7*y**6/3,-8*x**6*y**7 + 1,0,2,2,1,['c - 1'],False,,,,,,,,,,cert20b.json
x**8*y**6 + y + 1,14,True,9*x**9*y**4/2,-6*x**8*y**5 + 1,0,3,3,1,['c - 1'],False,EMPTY,26,2,3,True,lam-e09d49f31e-D26,False,None,15,cert20b.json
x**9*y**5 + y + 1,14,True,25*x**10*y**3/9,-5*x**9*y**4 + 1,0,4,4,1,['c - 1'],False,EMPTY,26,2,3,True,lam-bcfd4aed45-D26,False,None,15,cert20b.json
-x**10*y**5 + y + 1,15,True,-5*x**11*y**3/2,5*x**10*y**4 + 1,0,2,2,1,['c - 1'],False,,,,,,,,,,cert20b.json
-x**11*y**4 + y + 1,15,True,-16*x**12*y**2/11,4*x**11*y**3 + 1,0,5,5,1,['c - 1'],False,,,,,,,,,,cert20b.json
-x**12*y**3 + y + 1,15,True,-3*x**13*y/4,3*x**12*y**2 + 1,0,4,4,1,['c - 1'],False,,,,,,,,,,cert20b.json
-x**13*y**2 + y + 1,15,True,-4*x**14/13,2*x**13*y + 1,0,6,6,1,['c - 1'],False,,,,,,,,,,cert20b.json
-x**4*y**11 + y + 1,15,True,-121*x**5*y**9/4,11*x**4*y**10 + 1,0,1,1,1,['c - 1'],False,,,,,,,,,,cert20b.json
-x**6*y**9 + y + 1,15,True,-27*x**7*y**7/2,9*x**6*y**8 + 1,0,1,1,1,['c - 1'],False,,,,,,,,,,cert20b.json
-x**8*y**7 + y + 1,15,True,-49*x**9*y**5/8,7*x**8*y**6 + 1,0,3,3,1,['c - 1'],False,,,,,,,,,,cert20b.json
-x**9*y**6 + y + 1,15,True,-4*x**10*y**4,6*x**9*y**5 + 1,0,3,3,1,['c - 1'],False,,,,,,,,,,cert20b.json
x**10*y**5 + y + 1,15,True,5*x**11*y**3/2,-5*x**10*y**4 + 1,0,2,2,1,['c - 1'],False,EMPTY,26,2,3,True,lam-1d7bd356a7-D26,False,None,15,cert20b.json
x**11*y**4 + y + 1,15,True,16*x**12*y**2/11,-4*x**11*y**3 + 1,0,5,5,1,['c - 1'],False,EMPTY,26,2,3,True,lam-56d3d449d7-D26,False,None,15,cert20b.json
x**12*y**3 + y + 1,15,True,3*x**13*y/4,-3*x**12*y**2 + 1,0,4,4,1,['c - 1'],False,EMPTY,26,2,3,True,lam-2b300dfb3e-D26,False,None,15,cert20b.json
x**13*y**2 + y + 1,15,True,4*x**14/13,-2*x**13*y + 1,0,6,6,1,['c - 1'],False,EMPTY,26,2,3,True,lam-4d85dc96d3-D26,False,None,15,cert20b.json
x**4*y**11 + y + 1,15,True,121*x**5*y**9/4,-11*x**4*y**10 + 1,0,1,1,1,['c - 1'],False,EMPTY,26,2,3,True,lam-8c94024b05-D26,False,None,15,cert20b.json
x**6*y**9 + y + 1,15,True,27*x**7*y**7/2,-9*x**6*y**8 + 1,0,1,1,1,['c - 1'],False,,,,,,,,,,cert20b.json
x**8*y**7 + y + 1,15,True,49*x**9*y**5/8,-7*x**8*y**6 + 1,0,3,3,1,['c - 1'],False,EMPTY,26,2,3,True,lam-bd3ea2b9a1-D26,False,None,15,cert20b.json
x**9*y**6 + y + 1,15,True,4*x**10*y**4,-6*x**9*y**5 + 1,0,3,3,1,['c - 1'],False,,,,,,,,,,cert20b.json
-x**10*y**6 + y + 1,16,True,-18*x**11*y**4/5,6*x**10*y**5 + 1,0,2,2,1,['c - 1'],False,,,,,,,,,,cert20b.json
-x**11*y**5 + y + 1,16,True,-25*x**12*y**3/11,5*x**11*y**4 + 1,0,5,5,1,['c - 1'],False,,,,,,,,,,cert20b.json
-x**12*y**4 + y + 1,16,True,-4*x**13*y**2/3,4*x**12*y**3 + 1,0,3,3,1,['c - 1'],False,,,,,,,,,,cert20b.json
-x**13*y**3 + y + 1,16,True,-9*x**14*y/13,3*x**13*y**2 + 1,0,6,6,1,['c - 1'],False,,,,,,,,,,cert20b.json
-x**14*y**2 + y + 1,16,True,-2*x**15/7,2*x**14*y + 1,0,6,6,1,['c - 1'],False,,,,,,,,,,cert20b.json
-x**6*y**10 + y + 1,16,True,-50*x**7*y**8/3,10*x**6*y**9 + 1,0,1,1,1,['c - 1'],False,,,,,,,,,,cert20b.json
-x**7*y**9 + y + 1,16,True,-81*x**8*y**7/7,9*x**7*y**8 + 1,0,3,3,1,['c - 1'],False,,,,,,,,,,cert20b.json
-x**9*y**7 + y + 1,16,True,-49*x**10*y**5/9,7*x**9*y**6 + 1,0,3,3,1,['c - 1'],False,,,,,,,,,,cert20b.json
x**10*y**6 + y + 1,16,True,18*x**11*y**4/5,-6*x**10*y**5 + 1,0,2,2,1,['c - 1'],False,EMPTY,26,2,3,True,lam-fb6e01d7a1-D26,False,None,31,cert20b.json
x**11*y**5 + y + 1,16,True,25*x**12*y**3/11,-5*x**11*y**4 + 1,0,5,5,1,['c - 1'],False,EMPTY,26,2,3,True,lam-d2997df498-D26,False,None,15,cert20b.json
x**12*y**4 + y + 1,16,True,4*x**13*y**2/3,-4*x**12*y**3 + 1,0,3,3,1,['c - 1'],False,,,,,,,,,,cert20b.json
x**13*y**3 + y + 1,16,True,9*x**14*y/13,-3*x**13*y**2 + 1,0,6,6,1,['c - 1'],False,EMPTY,26,2,3,True,lam-7d91f888ec-D26,False,None,15,cert20b.json
x**14*y**2 + y + 1,16,True,2*x**15/7,-2*x**14*y + 1,0,6,6,1,['c - 1'],False,,,,,,,,,,cert20b.json
x**6*y**10 + y + 1,16,True,50*x**7*y**8/3,-10*x**6*y**9 + 1,0,1,1,1,['c - 1'],False,EMPTY,26,2,3,True,lam-581a977252-D26,False,None,31,cert20b.json
x**7*y**9 + y + 1,16,True,81*x**8*y**7/7,-9*x**7*y**8 + 1,0,3,3,1,['c - 1'],False,EMPTY,26,2,3,True,lam-e269beea67-D26,False,None,15,cert20b.json
x**9*y**7 + y + 1,16,True,49*x**10*y**5/9,-7*x**9*y**6 + 1,0,3,3,1,['c - 1'],False,,,,,,,,,,cert20b.json
-x**10*y**7 + y + 1,17,True,-49*x**11*y**5/10,7*x**10*y**6 + 1,0,4,4,1,['c - 1'],False,,,,,,,,,,cert20b.json
-x**11*y**6 + y + 1,17,True,-36*x**12*y**4/11,6*x**11*y**5 + 1,0,5,5,1,['c - 1'],False,,,,,,,,,,cert20b.json
-x**12*y**5 + y + 1,17,True,-25*x**13*y**3/12,5*x**12*y**4 + 1,0,4,4,1,['c - 1'],False,,,,,,,,,,cert20b.json
-x**13*y**4 + y + 1,17,True,-16*x**14*y**2/13,4*x**13*y**3 + 1,0,6,6,1,['c - 1'],False,,,,,,,,,,cert20b.json
-x**14*y**3 + y + 1,17,True,-9*x**15*y/14,3*x**14*y**2 + 1,0,6,6,1,['c - 1'],False,,,,,,,,,,cert20b.json
-x**15*y**2 + y + 1,17,True,-4*x**16/15,2*x**15*y + 1,0,7,7,1,['c - 1'],False,,,,,,,,,,cert20b.json
-x**3*y**14 + y + 1,17,True,-196*x**4*y**12/3,14*x**3*y**13 + 1,0,1,1,1,['c - 1'],False,,,,,,,,,,cert20b.json
-x**5*y**12 + y + 1,17,True,-144*x**6*y**10/5,12*x**5*y**11 + 1,0,2,2,1,['c - 1'],False,,,,,,,,,,cert20b.json
-x**6*y**11 + y + 1,17,True,-121*x**7*y**9/6,11*x**6*y**10 + 1,0,2,2,1,['c - 1'],False,,,,,,,,,,cert20b.json
-x**7*y**10 + y + 1,17,True,-100*x**8*y**8/7,10*x**7*y**9 + 1,0,3,3,1,['c - 1'],False,,,,,,,,,,cert20b.json
-x**9*y**8 + y + 1,17,True,-64*x**10*y**6/9,8*x**9*y**7 + 1,0,4,4,1,['c - 1'],False,,,,,,,,,,cert20b.json
x**10*y**7 + y + 1,17,True,49*x**11*y**5/10,-7*x**10*y**6 + 1,0,4,4,1,['c - 1'],False,,,,,,,,,,cert20b.json
x**11*y**6 + y + 1,17,True,36*x**12*y**4/11,-6*x**11*y**5 + 1,0,5,5,1,['c - 1'],False,EMPTY,26,2,3,True,lam-84e4da1849-D26,False,None,15,cert20b.json
x**12*y**5 + y + 1,17,True,25*x**13*y**3/12,-5*x**12*y**4 + 1,0,4,4,1,['c - 1'],False,,,,,,,,,,cert20b.json
x**13*y**4 + y + 1,17,True,16*x**14*y**2/13,-4*x**13*y**3 + 1,0,6,6,1,['c - 1'],False,EMPTY,26,2,3,True,lam-7f321aa3c4-D26,False,None,15,cert20b.json
x**14*y**3 + y + 1,17,True,9*x**15*y/14,-3*x**14*y**2 + 1,0,6,6,1,['c - 1'],False,,,,,,,,,,cert20b.json
x**15*y**2 + y + 1,17,True,4*x**16/15,-2*x**15*y + 1,0,7,7,1,['c - 1'],False,EMPTY,26,2,3,True,lam-49fb6135d4-D26,False,None,15,cert20b.json
x**3*y**14 + y + 1,17,True,196*x**4*y**12/3,-14*x**3*y**13 + 1,0,1,1,1,['c - 1'],False,EMPTY,26,2,3,True,lam-aeb0b8ef50-D26,False,None,15,cert20b.json
x**5*y**12 + y + 1,17,True,144*x**6*y**10/5,-12*x**5*y**11 + 1,0,2,2,1,['c - 1'],False,EMPTY,26,2,3,True,lam-b8c7d05848-D26,False,None,15,cert20b.json
x**6*y**11 + y + 1,17,True,121*x**7*y**9/6,-11*x**6*y**10 + 1,0,2,2,1,['c - 1'],False,,,,,,,,,,cert20b.json
x**7*y**10 + y + 1,17,True,100*x**8*y**8/7,-10*x**7*y**9 + 1,0,3,3,1,['c - 1'],False,EMPTY,26,2,3,True,lam-0e8d48871d-D26,False,None,15,cert20b.json
x**9*y**8 + y + 1,17,True,64*x**10*y**6/9,-8*x**9*y**7 + 1,0,4,4,1,['c - 1'],False,EMPTY,26,2,3,True,lam-a1b1fce549-D26,False,None,15,cert20b.json
-x**10*y**8 + y + 1,18,True,-32*x**11*y**6/5,8*x**10*y**7 + 1,0,4,4,1,['c - 1'],False,,,,,,,,,,cert20b.json
-x**11*y**7 + y + 1,18,True,-49*x**12*y**5/11,7*x**11*y**6 + 1,0,5,5,1,['c - 1'],False,,,,,,,,,,cert20b.json
-x**12*y**6 + y + 1,18,True,-3*x**13*y**4,6*x**12*y**5 + 1,0,3,3,1,['c - 1'],False,,,,,,,,,,cert20b.json
-x**13*y**5 + y + 1,18,True,-25*x**14*y**3/13,5*x**13*y**4 + 1,0,6,6,1,['c - 1'],False,,,,,,,,,,cert20b.json
-x**14*y**4 + y + 1,18,True,-8*x**15*y**2/7,4*x**14*y**3 + 1,0,6,6,1,['c - 1'],False,,,,,,,,,,cert20b.json
-x**15*y**3 + y + 1,18,True,-3*x**16*y/5,3*x**15*y**2 + 1,0,6,6,1,['c - 1'],False,,,,,,,,,,cert20b.json
-x**16*y**2 + y + 1,18,True,-x**17/4,2*x**16*y + 1,0,7,7,1,['c - 1'],False,,,,,,,,,,cert20b.json
-x**4*y**14 + y + 1,18,True,-49*x**5*y**12,14*x**4*y**13 + 1,0,1,1,1,['c - 1'],False,,,,,,,,,,cert20b.json
-x**5*y**13 + y + 1,18,True,-169*x**6*y**11/5,13*x**5*y**12 + 1,0,2,2,1,['c - 1'],False,,,,,,,,,,cert20b.json
-x**7*y**11 + y + 1,18,True,-121*x**8*y**9/7,11*x**7*y**10 + 1,0,3,3,1,['c - 1'],False,,,,,,,,,,cert20b.json
-x**8*y**10 + y + 1,18,True,-25*x**9*y**8/2,10*x**8*y**9 + 1,0,3,3,1,['c - 1'],False,,,,,,,,,,cert20b.json
x**10*y**8 + y + 1,18,True,32*x**11*y**6/5,-8*x**10*y**7 + 1,0,4,4,1,['c - 1'],False,EMPTY,26,2,3,True,lam-b05c29b43b-D26,False,None,15,cert20b.json
x**11*y**7 + y + 1,18,True,49*x**12*y**5/11,-7*x**11*y**6 + 1,0,5,5,1,['c - 1'],False,EMPTY,26,2,3,True,lam-443584ad97-D26,False,None,15,cert20b.json
x**12*y**6 + y + 1,18,True,3*x**13*y**4,-6*x**12*y**5 + 1,0,3,3,1,['c - 1'],False,,,,,,,,,,cert20b.json
x**13*y**5 + y + 1,18,True,25*x**14*y**3/13,-5*x**13*y**4 + 1,0,6,6,1,['c - 1'],False,EMPTY,26,2,3,True,lam-29db72c28a-D26,False,None,15,cert20b.json
x**14*y**4 + y + 1,18,True,8*x**15*y**2/7,-4*x**14*y**3 + 1,0,6,6,1,['c - 1'],False,,,,,,,,,,cert20b.json
x**15*y**3 + y + 1,18,True,3*x**16*y/5,-3*x**15*y**2 + 1,0,6,6,1,['c - 1'],False,,,,,,,,,,cert20b.json
x**16*y**2 + y + 1,18,True,x**17/4,-2*x**16*y + 1,0,7,7,1,['c - 1'],False,EMPTY,26,2,3,True,lam-844c829aa7-D26,False,None,15,cert20b.json
x**4*y**14 + y + 1,18,True,49*x**5*y**12,-14*x**4*y**13 + 1,0,1,1,1,['c - 1'],False,EMPTY,26,2,3,True,lam-0d559086b8-D26,False,None,15,cert20b.json
x**5*y**13 + y + 1,18,True,169*x**6*y**11/5,-13*x**5*y**12 + 1,0,2,2,1,['c - 1'],False,EMPTY,26,2,3,True,lam-f3783989f3-D26,False,None,15,cert20b.json
x**7*y**11 + y + 1,18,True,121*x**8*y**9/7,-11*x**7*y**10 + 1,0,3,3,1,['c - 1'],False,EMPTY,26,2,3,True,lam-1f5ea7f40a-D26,False,None,15,cert20b.json
x**8*y**10 + y + 1,18,True,25*x**9*y**8/2,-10*x**8*y**9 + 1,0,3,3,1,['c - 1'],False,,,,,,,,,,cert20b.json
-x**10*y**9 + y + 1,19,True,-81*x**11*y**7/10,9*x**10*y**8 + 1,0,4,4,1,['c - 1'],False,,,,,,,,,,cert20b.json
-x**11*y**8 + y + 1,19,True,-64*x**12*y**6/11,8*x**11*y**7 + 1,0,5,5,1,['c - 1'],False,,,,,,,,,,cert20b.json
-x**12*y**7 + y + 1,19,True,-49*x**13*y**5/12,7*x**12*y**6 + 1,0,3,3,1,['c - 1'],False,,,,,,,,,,cert20b.json
-x**13*y**6 + y + 1,19,True,-36*x**14*y**4/13,6*x**13*y**5 + 1,0,6,6,1,['c - 1'],False,,,,,,,,,,cert20b.json
-x**14*y**5 + y + 1,19,True,-25*x**15*y**3/14,5*x**14*y**4 + 1,0,6,6,1,['c - 1'],False,,,,,,,,,,cert20b.json
-x**15*y**4 + y + 1,19,True,-16*x**16*y**2/15,4*x**15*y**3 + 1,0,6,6,1,['c - 1'],False,,,,,,,,,,cert20b.json
-x**16*y**3 + y + 1,19,True,-9*x**17*y/16,3*x**16*y**2 + 1,0,7,7,1,['c - 1'],False,,,,,,,,,,cert20b.json
-x**17*y**2 + y + 1,19,True,-4*x**18/17,2*x**17*y + 1,0,8,8,1,['c - 1'],False,,,,,,,,,,cert20b.json
-x**4*y**15 + y + 1,19,True,-225*x**5*y**13/4,15*x**4*y**14 + 1,0,1,1,1,['c - 1'],False,,,,,,,,,,cert20b.json
-x**5*y**14 + y + 1,19,True,-196*x**6*y**12/5,14*x**5*y**13 + 1,0,2,2,1,['c - 1'],False,,,,,,,,,,cert20b.json
-x**7*y**12 + y + 1,19,True,-144*x**8*y**10/7,12*x**7*y**11 + 1,0,3,3,1,['c - 1'],False,,,,,,,,,,cert20b.json
-x**8*y**11 + y + 1,19,True,-121*x**9*y**9/8,11*x**8*y**10 + 1,0,3,3,1,['c - 1'],False,,,,,,,,,,cert20b.json
x**10*y**9 + y + 1,19,True,81*x**11*y**7/10,-9*x**10*y**8 + 1,0,4,4,1,['c - 1'],False,EMPTY,26,2,3,True,lam-8285bcf2a5-D26,False,None,15,cert20b.json
x**11*y**8 + y + 1,19,True,64*x**12*y**6/11,-8*x**11*y**7 + 1,0,5,5,1,['c - 1'],False,EMPTY,26,2,3,True,lam-9f322fd298-D26,False,None,15,cert20b.json
x**12*y**7 + y + 1,19,True,49*x**13*y**5/12,-7*x**12*y**6 + 1,0,3,3,1,['c - 1'],False,,,,,,,,,,cert20b.json
x**13*y**6 + y + 1,19,True,36*x**14*y**4/13,-6*x**13*y**5 + 1,0,6,6,1,['c - 1'],False,EMPTY,26,2,3,True,lam-b689a66921-D26,False,None,15,cert20b.json
x**14*y**5 + y + 1,19,True,25*x**15*y**3/14,-5*x**14*y**4 + 1,0,6,6,1,['c - 1'],False,,,,,,,,,,cert20b.json
x**15*y**4 + y + 1,19,True,16*x**16*y**2/15,-4*x**15*y**3 + 1,0,6,6,1,['c - 1'],False,,,,,,,,,,cert20b.json
x**16*y**3 + y + 1,19,True,9*x**17*y/16,-3*x**16*y**2 + 1,0,7,7,1,['c - 1'],False,EMPTY,26,2,3,True,lam-3af2ac9b47-D26,False,None,15,cert20b.json
x**17*y**2 + y + 1,19,True,4*x**18/17,-2*x**17*y + 1,0,8,8,1,['c - 1'],False,EMPTY,26,2,3,True,lam-b19fa782de-D26,False,None,15,cert20b.json
x**4*y**15 + y + 1,19,True,225*x**5*y**13/4,-15*x**4*y**14 + 1,0,1,1,1,['c - 1'],False,EMPTY,26,2,3,True,lam-6eb6d8157b-D26,False,None,15,cert20b.json
x**5*y**14 + y + 1,19,True,196*x**6*y**12/5,-14*x**5*y**13 + 1,0,2,2,1,['c - 1'],False,EMPTY,26,2,3,True,lam-b7cded7dcb-D26,False,None,15,cert20b.json
x**7*y**12 + y + 1,19,True,144*x**8*y**10/7,-12*x**7*y**11 + 1,0,3,3,1,['c - 1'],False,EMPTY,26,2,3,True,lam-17d92717c8-D26,False,None,15,cert20b.json
x**8*y**11 + y + 1,19,True,121*x**9*y**9/8,-11*x**8*y**10 + 1,0,3,3,1,['c - 1'],False,,,,,,,,,,cert20b.json
-x**11*y**9 + y + 1,20,True,-81*x**12*y**7/11,9*x**11*y**8 + 1,0,5,5,1,['c - 1'],False,,,,,,,,,,cert20b.json
-x**12*y**8 + y + 1,20,True,-16*x**13*y**6/3,8*x**12*y**7 + 1,0,4,4,1,['c - 1'],False,,,,,,,,,,cert20b.json
-x**13*y**7 + y + 1,20,True,-49*x**14*y**5/13,7*x**13*y**6 + 1,0,6,6,1,['c - 1'],False,,,,,,,,,,cert20b.json
-x**14*y**6 + y + 1,20,True,-18*x**15*y**4/7,6*x**14*y**5 + 1,0,6,6,1,['c - 1'],False,,,,,,,,,,cert20b.json
-x**15*y**5 + y + 1,20,True,-5*x**16*y**3/3,5*x**15*y**4 + 1,0,5,5,1,['c - 1'],False,,,,,,,,,,cert20b.json
-x**16*y**4 + y + 1,20,True,-x**17*y**2,4*x**16*y**3 + 1,0,6,6,1,['c - 1'],False,,,,,,,,,,cert20b.json
-x**17*y**3 + y + 1,20,True,-9*x**18*y/17,3*x**17*y**2 + 1,0,8,8,1,['c - 1'],False,,,,,,,,,,cert20b.json
-x**18*y**2 + y + 1,20,True,-2*x**19/9,2*x**18*y + 1,0,8,8,1,['c - 1'],False,,,,,,,,,,cert20b.json
-x**3*y**17 + y + 1,20,True,-289*x**4*y**15/3,17*x**3*y**16 + 1,0,1,1,1,['c - 1'],False,,,,,,,,,,cert20b.json
-x**6*y**14 + y + 1,20,True,-98*x**7*y**12/3,14*x**6*y**13 + 1,0,2,2,1,['c - 1'],False,,,,,,,,,,cert20b.json
-x**7*y**13 + y + 1,20,True,-169*x**8*y**11/7,13*x**7*y**12 + 1,0,3,3,1,['c - 1'],False,,,,,,,,,,cert20b.json
-x**8*y**12 + y + 1,20,True,-18*x**9*y**10,12*x**8*y**11 + 1,0,2,2,1,['c - 1'],False,,,,,,,,,,cert20b.json
-x**9*y**11 + y + 1,20,True,-121*x**10*y**9/9,11*x**9*y**10 + 1,0,4,4,1,['c - 1'],False,,,,,,,,,,cert20b.json
x**11*y**9 + y + 1,20,True,81*x**12*y**7/11,-9*x**11*y**8 + 1,0,5,5,1,['c - 1'],False,EMPTY,26,2,3,True,lam-de66e8f5bc-D26,False,None,15,cert20b.json
x**12*y**8 + y + 1,20,True,16*x**13*y**6/3,-8*x**12*y**7 + 1,0,4,4,1,['c - 1'],False,,,,,,,,,,cert20b.json
x**13*y**7 + y + 1,20,True,49*x**14*y**5/13,-7*x**13*y**6 + 1,0,6,6,1,['c - 1'],False,EMPTY,26,2,3,True,lam-e487ccbb8e-D26,False,None,15,cert20b.json
x**14*y**6 + y + 1,20,True,18*x**15*y**4/7,-6*x**14*y**5 + 1,0,6,6,1,['c - 1'],False,,,,,,,,,,cert20b.json
x**15*y**5 + y + 1,20,True,5*x**16*y**3/3,-5*x**15*y**4 + 1,0,5,5,1,['c - 1'],False,,,,,,,,,,cert20b.json
x**16*y**4 + y + 1,20,True,x**17*y**2,-4*x**16*y**3 + 1,0,6,6,1,['c - 1'],False,,,,,,,,,,cert20b.json
x**17*y**3 + y + 1,20,True,9*x**18*y/17,-3*x**17*y**2 + 1,0,8,8,1,['c - 1'],False,EMPTY,26,2,3,True,lam-4168956645-D26,False,None,15,cert20b.json
x**18*y**2 + y + 1,20,True,2*x**19/9,-2*x**18*y + 1,0,8,8,1,['c - 1'],False,,,,,,,,,,cert20b.json
x**3*y**17 + y + 1,20,True,289*x**4*y**15/3,-17*x**3*y**16 + 1,0,1,1,1,['c - 1'],False,EMPTY,26,2,3,True,lam-b02282b309-D26,False,None,15,cert20b.json
x**6*y**14 + y + 1,20,True,98*x**7*y**12/3,-14*x**6*y**13 + 1,0,2,2,1,['c - 1'],False,EMPTY,26,2,3,True,lam-b98a1abd96-D26,False,None,15,cert20b.json
x**7*y**13 + y + 1,20,True,169*x**8*y**11/7,-13*x**7*y**12 + 1,0,3,3,1,['c - 1'],False,EMPTY,26,2,3,True,lam-46aaab74b9-D26,False,None,15,cert20b.json
x**8*y**12 + y + 1,20,True,18*x**9*y**10,-12*x**8*y**11 + 1,0,2,2,1,['c - 1'],False,,,,,,,,,,cert20b.json
x**9*y**11 + y + 1,20,True,121*x**10*y**9/9,-11*x**9*y**10 + 1,0,4,4,1,['c - 1'],False,EMPTY,26,2,3,True,lam-bbce1ad21d-D26,False,None,15,cert20b.json
-x**11*y**10 + y + 1,21,True,-100*x**12*y**8/11,10*x**11*y**9 + 1,0,5,5,1,['c - 1'],False,,,,,,,,,,cert20b.json
-x**12*y**9 + y + 1,21,True,-27*x**13*y**7/4,9*x**12*y**8 + 1,0,3,3,1,['c - 1'],False,,,,,,,,,,cert20b.json
-x**13*y**8 + y + 1,21,True,-64*x**14*y**6/13,8*x**13*y**7 + 1,0,6,6,1,['c - 1'],False,,,,,,,,,,cert20b.json
-x**14*y**7 + y + 1,21,True,-7*x**15*y**5/2,7*x**14*y**6 + 1,0,3,3,1,['c - 1'],False,,,,,,,,,,cert20b.json
-x**15*y**6 + y + 1,21,True,-12*x**16*y**4/5,6*x**15*y**5 + 1,0,4,4,1,['c - 1'],False,,,,,,,,,,cert20b.json
-x**16*y**5 + y + 1,21,True,-25*x**17*y**3/16,5*x**16*y**4 + 1,0,6,6,1,['c - 1'],False,,,,,,,,,,cert20b.json
-x**17*y**4 + y + 1,21,True,-16*x**18*y**2/17,4*x**17*y**3 + 1,0,8,8,1,['c - 1'],False,,,,,,,,,,cert20b.json
-x**18*y**3 + y + 1,21,True,-x**19*y/2,3*x**18*y**2 + 1,0,7,7,1,['c - 1'],False,,,,,,,,,,cert20b.json
-x**19*y**2 + y + 1,21,True,-4*x**20/19,2*x**19*y + 1,0,9,9,1,['c - 1'],False,,,,,,,,,,cert20b.json
-x**6*y**15 + y + 1,21,True,-75*x**7*y**13/2,15*x**6*y**14 + 1,0,1,1,1,['c - 1'],False,,,,,,,,,,cert20b.json
-x**8*y**13 + y + 1,21,True,-169*x**9*y**11/8,13*x**8*y**12 + 1,0,2,2,1,['c - 1'],False,,,,,,,,,,cert20b.json
-x**9*y**12 + y + 1,21,True,-16*x**10*y**10,12*x**9*y**11 + 1,0,3,3,1,['c - 1'],False,,,,,,,,,,cert20b.json
x**11*y**10 + y + 1,21,True,100*x**12*y**8/11,-10*x**11*y**9 + 1,0,5,5,1,['c - 1'],False,EMPTY,26,2,3,True,lam-6a23be9146-D26,False,None,15,cert20b.json
x**12*y**9 + y + 1,21,True,27*x**13*y**7/4,-9*x**12*y**8 + 1,0,3,3,1,['c - 1'],False,,,,,,,,,,cert20b.json
x**13*y**8 + y + 1,21,True,64*x**14*y**6/13,-8*x**13*y**7 + 1,0,6,6,1,['c - 1'],False,EMPTY,26,2,3,True,lam-32a81f0049-D26,False,None,15,cert20b.json
x**14*y**7 + y + 1,21,True,7*x**15*y**5/2,-7*x**14*y**6 + 1,0,3,3,1,['c - 1'],False,,,,,,,,,,cert20b.json
x**15*y**6 + y + 1,21,True,12*x**16*y**4/5,-6*x**15*y**5 + 1,0,4,4,1,['c - 1'],False,EMPTY,26,2,3,True,lam-f8749afc2c-D26,False,None,31,cert20b.json
x**16*y**5 + y + 1,21,True,25*x**17*y**3/16,-5*x**16*y**4 + 1,0,6,6,1,['c - 1'],False,,,,,,,,,,cert20b.json
x**17*y**4 + y + 1,21,True,16*x**18*y**2/17,-4*x**17*y**3 + 1,0,8,8,1,['c - 1'],False,EMPTY,26,2,3,True,lam-8381ea1218-D26,False,None,15,cert20b.json
x**18*y**3 + y + 1,21,True,x**19*y/2,-3*x**18*y**2 + 1,0,7,7,1,['c - 1'],False,EMPTY,26,2,3,True,lam-c88223ddda-D26,False,None,15,cert20b.json
x**19*y**2 + y + 1,21,True,4*x**20/19,-2*x**19*y + 1,0,9,9,1,['c - 1'],False,EMPTY,26,2,3,True,lam-f5775a3f17-D26,False,None,15,cert20b.json
x**6*y**15 + y + 1,21,True,75*x**7*y**13/2,-15*x**6*y**14 + 1,0,1,1,1,['c - 1'],False,EMPTY,26,2,3,True,lam-c495839ae0-D26,False,None,15,cert20b.json
x**8*y**13 + y + 1,21,True,169*x**9*y**11/8,-13*x**8*y**12 + 1,0,2,2,1,['c - 1'],False,EMPTY,26,2,3,True,lam-98b6f0c9ba-D26,False,None,15,cert20b.json
x**9*y**12 + y + 1,21,True,16*x**10*y**10,-12*x**9*y**11 + 1,0,3,3,1,['c - 1'],False,EMPTY,26,2,3,True,lam-72020f3a99-D26,False,None,15,cert20b.json
-x**10*y**12 + y + 1,22,True,-72*x**11*y**10/5,12*x**10*y**11 + 1,0,4,4,1,['c - 1'],False,,,,,,,,,,cert20b.json
-x**12*y**10 + y + 1,22,True,-25*x**13*y**8/3,10*x**12*y**9 + 1,0,4,4,1,['c - 1'],False,,,,,,,,,,cert20b.json
-x**13*y**9 + y + 1,22,True,-81*x**14*y**7/13,9*x**13*y**8 + 1,0,6,6,1,['c - 1'],False,,,,,,,,,,cert20b.json
-x**14*y**8 + y + 1,22,True,-32*x**15*y**6/7,8*x**14*y**7 + 1,0,3,3,1,['c - 1'],False,,,,,,,,,,cert20b.json
-x**15*y**7 + y + 1,22,True,-49*x**16*y**5/15,7*x**15*y**6 + 1,0,6,6,1,['c - 1'],False,,,,,,,,,,cert20b.json
-x**16*y**6 + y + 1,22,True,-9*x**17*y**4/4,6*x**16*y**5 + 1,0,7,7,1,['c - 1'],False,,,,,,,,,,cert20b.json
-x**17*y**5 + y + 1,22,True,-25*x**18*y**3/17,5*x**17*y**4 + 1,0,8,8,1,['c - 1'],False,,,,,,,,,,cert20b.json
-x**18*y**4 + y + 1,22,True,-8*x**19*y**2/9,4*x**18*y**3 + 1,0,7,7,1,['c - 1'],False,,,,,,,,,,cert20b.json
-x**19*y**3 + y + 1,22,True,-9*x**20*y/19,3*x**19*y**2 + 1,0,9,9,1,['c - 1'],False,,,,,,,,,,cert20b.json
-x**20*y**2 + y + 1,22,True,-x**21/5,2*x**20*y + 1,0,9,9,1,['c - 1'],False,,,,,,,,,,cert20b.json
-x**4*y**18 + y + 1,22,True,-81*x**5*y**16,18*x**4*y**17 + 1,0,1,1,1,['c - 1'],False,,,,,,,,,,cert20b.json
-x**5*y**17 + y + 1,22,True,-289*x**6*y**15/5,17*x**5*y**16 + 1,0,2,2,1,['c - 1'],False,,,,,,,,,,cert20b.json
-x**6*y**16 + y + 1,22,True,-128*x**7*y**14/3,16*x**6*y**15 + 1,0,1,1,1,['c - 1'],False,,,,,,,,,,cert20b.json
-x**8*y**14 + y + 1,22,True,-49*x**9*y**12/2,14*x**8*y**13 + 1,0,3,3,1,['c - 1'],False,,,,,,,,,,cert20b.json
-x**9*y**13 + y + 1,22,True,-169*x**10*y**11/9,13*x**9*y**12 + 1,0,3,3,1,['c - 1'],False,,,,,,,,,,cert20b.json
x**10*y**12 + y + 1,22,True,72*x**11*y**10/5,-12*x**10*y**11 + 1,0,4,4,1,['c - 1'],False,EMPTY,26,2,3,True,lam-897f4880c8-D26,False,None,15,cert20b.json
x**12*y**10 + y + 1,22,True,25*x**13*y**8/3,-10*x**12*y**9 + 1,0,4,4,1,['c - 1'],False,,,,,,,,,,cert20b.json
x**13*y**9 + y + 1,22,True,81*x**14*y**7/13,-9*x**13*y**8 + 1,0,6,6,1,['c - 1'],False,EMPTY,26,2,3,True,lam-9dcb6ffd0e-D26,False,None,15,cert20b.json
x**14*y**8 + y + 1,22,True,32*x**15*y**6/7,-8*x**14*y**7 + 1,0,3,3,1,['c - 1'],False,,,,,,,,,,cert20b.json
x**15*y**7 + y + 1,22,True,49*x**16*y**5/15,-7*x**15*y**6 + 1,0,6,6,1,['c - 1'],False,,,,,,,,,,cert20b.json
x**16*y**6 + y + 1,22,True,9*x**17*y**4/4,-6*x**16*y**5 + 1,0,7,7,1,['c - 1'],False,EMPTY,26,2,3,True,lam-d57eaa0c52-D26,False,None,15,cert20b.json
x**17*y**5 + y + 1,22,True,25*x**18*y**3/17,-5*x**17*y**4 + 1,0,8,8,1,['c - 1'],False,EMPTY,26,2,3,True,lam-fa7c551fc9-D26,False,None,15,cert20b.json
x**18*y**4 + y + 1,22,True,8*x**19*y**2/9,-4*x**18*y**3 + 1,0,7,7,1,['c - 1'],False,,,,,,,,,,cert20b.json
x**19*y**3 + y + 1,22,True,9*x**20*y/19,-3*x**19*y**2 + 1,0,9,9,1,['c - 1'],False,EMPTY,26,2,3,True,lam-4a2b33b4f5-D26,False,None,15,cert20b.json
x**20*y**2 + y + 1,22,True,x**21/5,-2*x**20*y + 1,0,9,9,1,['c - 1'],False,,,,,,,,,,cert20b.json
x**4*y**18 + y + 1,22,True,81*x**5*y**16,-18*x**4*y**17 + 1,0,1,1,1,['c - 1'],False,EMPTY,26,2,3,True,lam-1d8bc69a89-D26,False,None,15,cert20b.json
x**5*y**17 + y + 1,22,True,289*x**6*y**15/5,-17*x**5*y**16 + 1,0,2,2,1,['c - 1'],False,EMPTY,26,2,3,True,lam-ac5fc9d253-D26,False,None,15,cert20b.json
x**6*y**16 + y + 1,22,True,128*x**7*y**14/3,-16*x**6*y**15 + 1,0,1,1,1,['c - 1'],False,,,,,,,,,,cert20b.json
x**8*y**14 + y + 1,22,True,49*x**9*y**12/2,-14*x**8*y**13 + 1,0,3,3,1,['c - 1'],False,EMPTY,26,2,3,True,lam-cdfe677efc-D26,False,None,15,cert20b.json
x**9*y**13 + y + 1,22,True,169*x**10*y**11/9,-13*x**9*y**12 + 1,0,3,3,1,['c - 1'],False,,,,,,,,,,cert20b.json
-x**10*y**13 + y + 1,23,True,-169*x**11*y**11/10,13*x**10*y**12 + 1,0,4,4,1,['c - 1'],False,,,,,,,,,,cert20b.json
-x**12*y**11 + y + 1,23,True,-121*x**13*y**9/12,11*x**12*y**10 + 1,0,5,5,1,['c - 1'],False,,,,,,,,,,cert20b.json
-x**13*y**10 + y + 1,23,True,-100*x**14*y**8/13,10*x**13*y**9 + 1,0,6,6,1,['c - 1'],False,,,,,,,,,,cert20b.json
-x**14*y**9 + y + 1,23,True,-81*x**15*y**7/14,9*x**14*y**8 + 1,0,6,6,1,['c - 1'],False,,,,,,,,,,cert20b.json
-x**15*y**8 + y + 1,23,True,-64*x**16*y**6/15,8*x**15*y**7 + 1,0,7,7,1,['c - 1'],False,,,,,,,,,,cert20b.json
-x**16*y**7 + y + 1,23,True,-49*x**17*y**5/16,7*x**16*y**6 + 1,0,7,7,1,['c - 1'],False,,,,,,,,,,cert20b.json
-x**17*y**6 + y + 1,23,True,-36*x**18*y**4/17,6*x**17*y**5 + 1,0,8,8,1,['c - 1'],False,,,,,,,,,,cert20b.json
-x**18*y**5 + y + 1,23,True,-25*x**19*y**3/18,5*x**18*y**4 + 1,0,8,8,1,['c - 1'],False,,,,,,,,,,cert20b.json
-x**19*y**4 + y + 1,23,True,-16*x**20*y**2/19,4*x**19*y**3 + 1,0,9,9,1,['c - 1'],False,,,,,,,,,,cert20b.json
-x**20*y**3 + y + 1,23,True,-9*x**21*y/20,3*x**20*y**2 + 1,0,9,9,1,['c - 1'],False,,,,,,,,,,cert20b.json
-x**21*y**2 + y + 1,23,True,-4*x**22/21,2*x**21*y + 1,0,10,10,1,['c - 1'],False,,,,,,,,,,cert20b.json
-x**3*y**20 + y + 1,23,True,-400*x**4*y**18/3,20*x**3*y**19 + 1,0,1,1,1,['c - 1'],False,,,,,,,,,,cert20b.json
-x**4*y**19 + y + 1,23,True,-361*x**5*y**17/4,19*x**4*y**18 + 1,0,1,1,1,['c - 1'],False,,,,,,,,,,cert20b.json
-x**5*y**18 + y + 1,23,True,-324*x**6*y**16/5,18*x**5*y**17 + 1,0,2,2,1,['c - 1'],False,,,,,,,,,,cert20b.json
-x**6*y**17 + y + 1,23,True,-289*x**7*y**15/6,17*x**6*y**16 + 1,0,2,2,1,['c - 1'],False,,,,,,,,,,cert20b.json
-x**7*y**16 + y + 1,23,True,-256*x**8*y**14/7,16*x**7*y**15 + 1,0,3,3,1,['c - 1'],False,,,,,,,,,,cert20b.json
-x**8*y**15 + y + 1,23,True,-225*x**9*y**13/8,15*x**8*y**14 + 1,0,3,3,1,['c - 1'],False,,,,,,,,,,cert20b.json
-x**9*y**14 + y + 1,23,True,-196*x**10*y**12/9,14*x**9*y**13 + 1,0,4,4,1,['c - 1'],False,,,,,,,,,,cert20b.json
x**10*y**13 + y + 1,23,True,169*x**11*y**11/10,-13*x**10*y**12 + 1,0,4,4,1,['c - 1'],False,,,,,,,,,,cert20b.json
x**12*y**11 + y + 1,23,True,121*x**13*y**9/12,-11*x**12*y**10 + 1,0,5,5,1,['c - 1'],False,EMPTY,26,2,3,True,lam-51b517042c-D26,False,None,15,cert20b.json
x**13*y**10 + y + 1,23,True,100*x**14*y**8/13,-10*x**13*y**9 + 1,0,6,6,1,['c - 1'],False,EMPTY,26,2,3,True,lam-c5265f9e76-D26,False,None,15,cert20b.json
x**14*y**9 + y + 1,23,True,81*x**15*y**7/14,-9*x**14*y**8 + 1,0,6,6,1,['c - 1'],False,,,,,,,,,,cert20b.json
x**15*y**8 + y + 1,23,True,64*x**16*y**6/15,-8*x**15*y**7 + 1,0,7,7,1,['c - 1'],False,EMPTY,26,2,3,True,lam-4195f6a7ae-D26,False,None,15,cert20b.json
x**16*y**7 + y + 1,23,True,49*x**17*y**5/16,-7*x**16*y**6 + 1,0,7,7,1,['c - 1'],False,,,,,,,,,,cert20b.json
x**17*y**6 + y + 1,23,True,36*x**18*y**4/17,-6*x**17*y**5 + 1,0,8,8,1,['c - 1'],False,EMPTY,26,2,3,True,lam-3a94c61f4e-D26,False,None,15,cert20b.json
x**18*y**5 + y + 1,23,True,25*x**19*y**3/18,-5*x**18*y**4 + 1,0,8,8,1,['c - 1'],False,,,,,,,,,,cert20b.json
x**19*y**4 + y + 1,23,True,16*x**20*y**2/19,-4*x**19*y**3 + 1,0,9,9,1,['c - 1'],False,EMPTY,26,2,3,True,lam-34a9aa83aa-D26,False,None,15,cert20b.json
x**20*y**3 + y + 1,23,True,9*x**21*y/20,-3*x**20*y**2 + 1,0,9,9,1,['c - 1'],False,,,,,,,,,,cert20b.json
x**21*y**2 + y + 1,23,True,4*x**22/21,-2*x**21*y + 1,0,10,10,1,['c - 1'],False,EMPTY,26,2,3,True,lam-14971f3669-D26,False,None,15,cert20b.json
x**3*y**20 + y + 1,23,True,400*x**4*y**18/3,-20*x**3*y**19 + 1,0,1,1,1,['c - 1'],False,EMPTY,26,2,3,True,lam-17e3ce6e62-D26,False,None,15,cert20b.json
x**4*y**19 + y + 1,23,True,361*x**5*y**17/4,-19*x**4*y**18 + 1,0,1,1,1,['c - 1'],False,,,,,,,,,,cert20b.json
x**5*y**18 + y + 1,23,True,324*x**6*y**16/5,-18*x**5*y**17 + 1,0,2,2,1,['c - 1'],False,EMPTY,26,2,3,True,lam-f6892373ff-D26,False,None,15,cert20b.json
x**6*y**17 + y + 1,23,True,289*x**7*y**15/6,-17*x**6*y**16 + 1,0,2,2,1,['c - 1'],False,,,,,,,,,,cert20b.json
x**7*y**16 + y + 1,23,True,256*x**8*y**14/7,-16*x**7*y**15 + 1,0,3,3,1,['c - 1'],False,EMPTY,26,2,3,True,lam-f5bb50eb87-D26,False,None,15,cert20b.json
x**8*y**15 + y + 1,23,True,225*x**9*y**13/8,-15*x**8*y**14 + 1,0,3,3,1,['c - 1'],False,,,,,,,,,,cert20b.json
x**9*y**14 + y + 1,23,True,196*x**10*y**12/9,-14*x**9*y**13 + 1,0,4,4,1,['c - 1'],False,EMPTY,26,2,3,True,lam-9cd4020501-D26,False,None,15,cert20b.json
-x**10*y**14 + y + 1,24,True,-98*x**11*y**12/5,14*x**10*y**13 + 1,0,4,4,1,['c - 1'],False,,,,,,,,,,cert20b.json
-x**11*y**13 + y + 1,24,True,-169*x**12*y**11/11,13*x**11*y**12 + 1,0,5,5,1,['c - 1'],False,,,,,,,,,,cert20b.json
-x**13*y**11 + y + 1,24,True,-121*x**14*y**9/13,11*x**13*y**10 + 1,0,6,6,1,['c - 1'],False,,,,,,,,,,cert20b.json
-x**14*y**10 + y + 1,24,True,-50*x**15*y**8/7,10*x**14*y**9 + 1,0,6,6,1,['c - 1'],False,,,,,,,,,,cert20b.json
-x**15*y**9 + y + 1,24,True,-27*x**16*y**7/5,9*x**15*y**8 + 1,0,6,6,1,['c - 1'],False,,,,,,,,,,cert20b.json
-x**16*y**8 + y + 1,24,True,-4*x**17*y**6,8*x**16*y**7 + 1,0,4,4,1,['c - 1'],False,,,,,,,,,,cert20b.json
-x**17*y**7 + y + 1,24,True,-49*x**18*y**5/17,7*x**17*y**6 + 1,0,8,8,1,['c - 1'],False,,,,,,,,,,cert20b.json
-x**18*y**6 + y + 1,24,True,-2*x**19*y**4,6*x**18*y**5 + 1,0,6,6,1,['c - 1'],False,,,,,,,,,,cert20b.json
-x**19*y**5 + y + 1,24,True,-25*x**20*y**3/19,5*x**19*y**4 + 1,0,9,9,1,['c - 1'],False,,,,,,,,,,cert20b.json
-x**20*y**4 + y + 1,24,True,-4*x**21*y**2/5,4*x**20*y**3 + 1,0,8,8,1,['c - 1'],False,,,,,,,,,,cert20b.json
-x**21*y**3 + y + 1,24,True,-3*x**22*y/7,3*x**21*y**2 + 1,0,9,9,1,['c - 1'],False,,,,,,,,,,cert20b.json
-x**22*y**2 + y + 1,24,True,-2*x**23/11,2*x**22*y + 1,0,10,10,1,['c - 1'],False,,,,,,,,,,cert20b.json
-x**5*y**19 + y + 1,24,True,-361*x**6*y**17/5,19*x**5*y**18 + 1,0,2,2,1,['c - 1'],False,,,,,,,,,,cert20b.json
-x**7*y**17 + y + 1,24,True,-289*x**8*y**15/7,17*x**7*y**16 + 1,0,3,3,1,['c - 1'],False,,,,,,,,,,cert20b.json
-x**9*y**15 + y + 1,24,True,-25*x**10*y**13,15*x**9*y**14 + 1,0,3,3,1,['c - 1'],False,,,,,,,,,,cert20b.json
x**10*y**14 + y + 1,24,True,98*x**11*y**12/5,-14*x**10*y**13 + 1,0,4,4,1,['c - 1'],False,EMPTY,26,2,3,True,lam-3aafc65b21-D26,False,None,15,cert20b.json
x**11*y**13 + y + 1,24,True,169*x**12*y**11/11,-13*x**11*y**12 + 1,0,5,5,1,['c - 1'],False,EMPTY,26,2,3,True,lam-6cc20d0c21-D26,False,None,15,cert20b.json
x**13*y**11 + y + 1,24,True,121*x**14*y**9/13,-11*x**13*y**10 + 1,0,6,6,1,['c - 1'],False,EMPTY,26,2,3,True,lam-934d7462d9-D26,False,None,15,cert20b.json
x**14*y**10 + y + 1,24,True,50*x**15*y**8/7,-10*x**14*y**9 + 1,0,6,6,1,['c - 1'],False,,,,,,,,,,cert20b.json
x**15*y**9 + y + 1,24,True,27*x**16*y**7/5,-9*x**15*y**8 + 1,0,6,6,1,['c - 1'],False,,,,,,,,,,cert20b.json
x**16*y**8 + y + 1,24,True,4*x**17*y**6,-8*x**16*y**7 + 1,0,4,4,1,['c - 1'],False,,,,,,,,,,cert20b.json
x**17*y**7 + y + 1,24,True,49*x**18*y**5/17,-7*x**17*y**6 + 1,0,8,8,1,['c - 1'],False,EMPTY,26,2,3,True,lam-d60381693c-D26,False,None,15,cert20b.json
x**18*y**6 + y + 1,24,True,2*x**19*y**4,-6*x**18*y**5 + 1,0,6,6,1,['c - 1'],False,,,,,,,,,,cert20b.json
x**19*y**5 + y + 1,24,True,25*x**20*y**3/19,-5*x**19*y**4 + 1,0,9,9,1,['c - 1'],False,EMPTY,26,2,3,True,lam-bfbf9d2ca5-D26,False,None,15,cert20b.json
x**20*y**4 + y + 1,24,True,4*x**21*y**2/5,-4*x**20*y**3 + 1,0,8,8,1,['c - 1'],False,,,,,,,,,,cert20b.json
x**21*y**3 + y + 1,24,True,3*x**22*y/7,-3*x**21*y**2 + 1,0,9,9,1,['c - 1'],False,,,,,,,,,,cert20b.json
x**22*y**2 + y + 1,24,True,2*x**23/11,-2*x**22*y + 1,0,10,10,1,['c - 1'],False,EMPTY,26,2,3,True,lam-bfa02ca825-D26,False,None,15,cert20b.json
x**5*y**19 + y + 1,24,True,361*x**6*y**17/5,-19*x**5*y**18 + 1,0,2,2,1,['c - 1'],False,EMPTY,26,2,3,True,lam-14824977ed-D26,False,None,15,cert20b.json
x**7*y**17 + y + 1,24,True,289*x**8*y**15/7,-17*x**7*y**16 + 1,0,3,3,1,['c - 1'],False,EMPTY,26,2,3,True,lam-620b1ad874-D26,False,None,15,cert20b.json
x**9*y**15 + y + 1,24,True,25*x**10*y**13,-15*x**9*y**14 + 1,0,3,3,1,['c - 1'],False,,,,,,,,,,cert20b.json
-x**10*y**15 + y + 1,25,True,-45*x**11*y**13/2,15*x**10*y**14 + 1,0,2,2,1,['c - 1'],False,,,,,,,,,,cert20b.json
-x**11*y**14 + y + 1,25,True,-196*x**12*y**12/11,14*x**11*y**13 + 1,0,5,5,1,['c - 1'],False,,,,,,,,,,cert20b.json
-x**13*y**12 + y + 1,25,True,-144*x**14*y**10/13,12*x**13*y**11 + 1,0,6,6,1,['c - 1'],False,,,,,,,,,,cert20b.json
-x**14*y**11 + y + 1,25,True,-121*x**15*y**9/14,11*x**14*y**10 + 1,0,6,6,1,['c - 1'],False,,,,,,,,,,cert20b.json
-x**15*y**10 + y + 1,25,True,-20*x**16*y**8/3,10*x**15*y**9 + 1,0,4,4,1,['c - 1'],False,,,,,,,,,,cert20b.json
-x**16*y**9 + y + 1,25,True,-81*x**17*y**7/16,9*x**16*y**8 + 1,0,4,4,1,['c - 1'],False,,,,,,,,,,cert20b.json
-x**17*y**8 + y + 1,25,True,-64*x**18*y**6/17,8*x**17*y**7 + 1,0,8,8,1,['c - 1'],False,,,,,,,,,,cert20b.json
-x**18*y**7 + y + 1,25,True,-49*x**19*y**5/18,7*x**18*y**6 + 1,0,6,6,1,['c - 1'],False,,,,,,,,,,cert20b.json
-x**19*y**6 + y + 1,25,True,-36*x**20*y**4/19,6*x**19*y**5 + 1,0,9,9,1,['c - 1'],False,,,,,,,,,,cert20b.json
-x**20*y**5 + y + 1,25,True,-5*x**21*y**3/4,5*x**20*y**4 + 1,0,6,6,1,['c - 1'],False,,,,,,,,,,cert20b.json
-x**21*y**4 + y + 1,25,True,-16*x**22*y**2/21,4*x**21*y**3 + 1,0,9,9,1,['c - 1'],False,,,,,,,,,,cert20b.json
-x**22*y**3 + y + 1,25,True,-9*x**23*y/22,3*x**22*y**2 + 1,0,10,10,1,['c - 1'],False,,,,,,,,,,cert20b.json
-x**23*y**2 + y + 1,25,True,-4*x**24/23,2*x**23*y + 1,0,11,11,1,['c - 1'],False,,,,,,,,,,cert20b.json
-x**7*y**18 + y + 1,25,True,-324*x**8*y**16/7,18*x**7*y**17 + 1,0,3,3,1,['c - 1'],False,,,,,,,,,,cert20b.json
-x**9*y**16 + y + 1,25,True,-256*x**10*y**14/9,16*x**9*y**15 + 1,0,3,3,1,['c - 1'],False,,,,,,,,,,cert20b.json
x**10*y**15 + y + 1,25,True,45*x**11*y**13/2,-15*x**10*y**14 + 1,0,2,2,1,['c - 1'],False,EMPTY,26,2,3,True,lam-a2023f3352-D26,False,None,15,cert20b.json
x**11*y**14 + y + 1,25,True,196*x**12*y**12/11,-14*x**11*y**13 + 1,0,5,5,1,['c - 1'],False,EMPTY,26,2,3,True,lam-b2aaa693ab-D26,False,None,15,cert20b.json
x**13*y**12 + y + 1,25,True,144*x**14*y**10/13,-12*x**13*y**11 + 1,0,6,6,1,['c - 1'],False,EMPTY,26,2,3,True,lam-2f17036b9e-D26,False,None,15,cert20b.json
x**14*y**11 + y + 1,25,True,121*x**15*y**9/14,-11*x**14*y**10 + 1,0,6,6,1,['c - 1'],False,,,,,,,,,,cert20b.json
x**15*y**10 + y + 1,25,True,20*x**16*y**8/3,-10*x**15*y**9 + 1,0,4,4,1,['c - 1'],False,EMPTY,26,2,3,True,lam-12144bc0ff-D26,False,None,31,cert20b.json
x**16*y**9 + y + 1,25,True,81*x**17*y**7/16,-9*x**16*y**8 + 1,0,4,4,1,['c - 1'],False,,,,,,,,,,cert20b.json
x**17*y**8 + y + 1,25,True,64*x**18*y**6/17,-8*x**17*y**7 + 1,0,8,8,1,['c - 1'],False,EMPTY,26,2,3,True,lam-c1a104714f-D26,False,None,15,cert20b.json
x**18*y**7 + y + 1,25,True,49*x**19*y**5/18,-7*x**18*y**6 + 1,0,6,6,1,['c - 1'],False,,,,,,,,,,cert20b.json
x**19*y**6 + y + 1,25,True,36*x**20*y**4/19,-6*x**19*y**5 + 1,0,9,9,1,['c - 1'],False,EMPTY,26,2,3,True,lam-423be304cf-D26,False,None,15,cert20b.json
x**20*y**5 + y + 1,25,True,5*x**21*y**3/4,-5*x**20*y**4 + 1,0,6,6,1,['c - 1'],False,,,,,,,,,,cert20b.json
x**21*y**4 + y + 1,25,True,16*x**22*y**2/21,-4*x**21*y**3 + 1,0,9,9,1,['c - 1'],False,,,,,,,,,,cert20b.json
x**22*y**3 + y + 1,25,True,9*x**23*y/22,-3*x**22*y**2 + 1,0,10,10,1,['c - 1'],False,EMPTY,26,2,3,True,lam-6b6c13c0c5-D26,False,None,15,cert20b.json
x**23*y**2 + y + 1,25,True,4*x**24/23,-2*x**23*y + 1,0,11,11,1,['c - 1'],False,EMPTY,26,2,3,True,lam-85e1d782d4-D26,False,None,15,cert20b.json
x**7*y**18 + y + 1,25,True,324*x**8*y**16/7,-18*x**7*y**17 + 1,0,3,3,1,['c - 1'],False,EMPTY,26,2,3,True,lam-2aab6c9603-D26,False,None,15,cert20b.json
x**9*y**16 + y + 1,25,True,256*x**10*y**14/9,-16*x**9*y**15 + 1,0,3,3,1,['c - 1'],False,,,,,,,,,,cert20b.json
